text,difficulty
"Two Sum Arrays Uber Salesforce Given an array of integers `nums` and an integer `target`, return the indices of the two numbers such that they add up to `target`. You may assume that each input would have exactly one solution. 2 <= nums.length <= 10^5
-10^9 <= nums[i] <= 10^9 Level 1: Try checking target - nums[i] complement. Level 2: Use a hash map to search complement values in O(1) time. Level 3: Store elements and their indices while scanning. Level 4: FOR i from 0 to N:
  comp = target - nums[i]
  IF comp in map return [map[comp], i]
  map[nums[i]] = i Level 5: Verify with negative values in the array.",Easy
"Best Time to Buy and Sell Stock Arrays Google Salesforce Intel You are given an array `prices` where `prices[i]` is the price of a given stock on the `i`-th day. You want to maximize your profit by choosing a single day to buy one stock and choosing a different day in the future to sell that stock. 1 <= prices.length <= 10^5
0 <= prices[i] <= 10^4 Level 1: Track the minimum price seen so far. Level 2: Calculate potential profit at each day. Level 3: Keep the maximum profit. Level 4: FOR price in prices:
  min_price = min(min_price, price)
  max_profit = max(max_profit, price - min_price) Level 5: Check edge cases with strictly decreasing prices.",Easy
"3Sum Arrays Twitter Microsoft Given an array `nums` of `n` integers, find all unique triplets `[a, b, c]` in the array such that `a + b + c = 0`. 3 <= nums.length <= 3000
-10^5 <= nums[i] <= 10^5 Level 1: Sort the array first. Level 2: Use two pointers approach to search pairs. Level 3: Avoid processing duplicate values. Level 4: For each nums[i], set two pointers at i+1 and N-1. Level 5: Ensure unique triplets.",Medium
"Valid Palindrome Strings Square Given a string `s`, determine if it is a palindrome, considering only alphanumeric characters and ignoring cases. 1 <= s.length <= 2 * 10^5 Level 1: Ignore non-alphanumeric chars. Level 2: Lower case everything. Level 3: Two pointers comparison.",Easy
"Valid Anagram Strings Google Microsoft Airbnb Given two strings `s` and `t`, return `true` if `t` is an anagram of `s`, and `false` otherwise. 1 <= s.length, t.length <= 5 * 10^4 Level 1: Sort both strings. Level 2: Or count char frequencies.",Easy
"Longest Substring Without Repeating Characters Strings Meta Lyft Given a string `s`, find the length of the longest substring without repeating characters. 0 <= s.length <= 5 * 10^4 Level 1: Sliding window. Level 2: Set of seen characters.",Medium
Reverse Linked List Linked Lists PayPal Microsoft Goldman Sachs Reverse a singly linked list. Return space-separated values of the reversed list. 0 <= length <= 5000 Level 1: Change next pointer to prev.,Easy
Merge Two Sorted Lists Linked Lists Amazon Atlassian Merge two sorted linked lists and return it as a sorted list. Node count <= 100 Level 1: Iteratively merge.,Easy
Add Two Numbers Linked Lists Intel Meta Uber Add two numbers represented as linked lists. Digits <= 100 Level 1: Track carry.,Medium
Valid Parentheses Stacks Atlassian Adobe Determine if braces configuration is correct. 1 <= s.length <= 10^4 Level 1: Use Stack.,Easy
Evaluate Reverse Polish Notation Stacks Atlassian Evaluate RPN expression. 1 <= tokens <= 10^4 Level 1: Stack pop evaluation.,Medium
Largest Rectangle in Histogram Stacks Bloomberg Find maximum rectangle area in histogram. N <= 10^5 Level 1: Monotonic stack.,Hard
Implement Queue using Stacks Queues Amazon Airbnb Google Implement a first-in first-out (FIFO) queue using only two stacks. Operations <= 1000 Level 1: Use push stack and pop stack. Level 2: Transfer elements to reverse.,Easy
Design Circular Queue Queues Twitter Atlassian Design circular buffer FIFO queue. Size <= 1000 Level 1: Modulo wraps.,Medium
Sliding Window Maximum Queues Oracle Microsoft Cisco Sliding window max on array sizes k. N <= 10^5 Level 1: Monotonic deque.,Hard
Contains Duplicate Hashing Salesforce Check if array contains duplicates. N <= 10^5 Level 1: Use Set.,Easy
Intersection of Two Arrays Hashing Oracle Goldman Sachs Uber Find intersection of two arrays. N <= 1000 Level 1: Sets intersection.,Easy
Longest Consecutive Sequence Hashing Cisco Meta ByteDance Find longest consecutive elements sequence length. N <= 10^5 Level 1: Hash set elements. Level 2: Find start of sequence.,Medium
Invert Binary Tree Trees Oracle Invert binary tree nodes. Nodes <= 1000 Level 1: Swap recursive.,Easy
Same Tree Trees Bloomberg Verify if two binary trees are same. Nodes <= 500 Level 1: Compare values recursively.,Easy
Binary Tree Level Order Traversal Trees Twitter Salesforce Amazon Level order traversal. Nodes <= 2000 Level 1: BFS queue.,Medium
"Sample Easy BST Binary Search Trees Cisco Oracle Meta Given input data, solve this Easy algorithm challenge for bst. Normal bounds Level 1: Read carefully. Level 2: Implement logic. Level 3: Verify output.",Easy
"Sample Medium BST Binary Search Trees Salesforce Square Goldman Sachs Given input data, solve this Medium algorithm challenge for bst. Normal bounds Level 1: Read carefully. Level 2: Implement logic. Level 3: Verify output.",Medium
"Sample Hard BST Binary Search Trees Salesforce Adobe Square Given input data, solve this Hard algorithm challenge for bst. Normal bounds Level 1: Read carefully. Level 2: Implement logic. Level 3: Verify output.",Hard
"Sample Easy HEAPS Heaps Twitter Given input data, solve this Easy algorithm challenge for heaps. Normal bounds Level 1: Read carefully. Level 2: Implement logic. Level 3: Verify output.",Easy
"Sample Medium HEAPS Heaps Stripe Twitter Given input data, solve this Medium algorithm challenge for heaps. Normal bounds Level 1: Read carefully. Level 2: Implement logic. Level 3: Verify output.",Medium
"Sample Hard HEAPS Heaps Google Lyft Given input data, solve this Hard algorithm challenge for heaps. Normal bounds Level 1: Read carefully. Level 2: Implement logic. Level 3: Verify output.",Hard
"Sample Easy GRAPHS Graphs Amazon Bloomberg Given input data, solve this Easy algorithm challenge for graphs. Normal bounds Level 1: Read carefully. Level 2: Implement logic. Level 3: Verify output.",Easy
"Sample Medium GRAPHS Graphs Uber Intel Given input data, solve this Medium algorithm challenge for graphs. Normal bounds Level 1: Read carefully. Level 2: Implement logic. Level 3: Verify output.",Medium
"Sample Hard GRAPHS Graphs Square Goldman Sachs Meta Given input data, solve this Hard algorithm challenge for graphs. Normal bounds Level 1: Read carefully. Level 2: Implement logic. Level 3: Verify output.",Hard
"Sample Easy RECURSION Recursion Intel Amazon Cisco Given input data, solve this Easy algorithm challenge for recursion. Normal bounds Level 1: Read carefully. Level 2: Implement logic. Level 3: Verify output.",Easy
"Sample Medium RECURSION Recursion Meta Given input data, solve this Medium algorithm challenge for recursion. Normal bounds Level 1: Read carefully. Level 2: Implement logic. Level 3: Verify output.",Medium
"Sample Hard RECURSION Recursion Square Given input data, solve this Hard algorithm challenge for recursion. Normal bounds Level 1: Read carefully. Level 2: Implement logic. Level 3: Verify output.",Hard
"Sample Easy BACKTRACKING Backtracking ByteDance Uber Given input data, solve this Easy algorithm challenge for backtracking. Normal bounds Level 1: Read carefully. Level 2: Implement logic. Level 3: Verify output.",Easy
"Sample Medium BACKTRACKING Backtracking Microsoft Salesforce Goldman Sachs Given input data, solve this Medium algorithm challenge for backtracking. Normal bounds Level 1: Read carefully. Level 2: Implement logic. Level 3: Verify output.",Medium
"Sample Hard BACKTRACKING Backtracking ByteDance Twitter Meta Given input data, solve this Hard algorithm challenge for backtracking. Normal bounds Level 1: Read carefully. Level 2: Implement logic. Level 3: Verify output.",Hard
"Sample Easy GREEDY Greedy Algorithms Google Given input data, solve this Easy algorithm challenge for greedy. Normal bounds Level 1: Read carefully. Level 2: Implement logic. Level 3: Verify output.",Easy
"Sample Medium GREEDY Greedy Algorithms Uber Apple Given input data, solve this Medium algorithm challenge for greedy. Normal bounds Level 1: Read carefully. Level 2: Implement logic. Level 3: Verify output.",Medium
"Sample Hard GREEDY Greedy Algorithms Meta Amazon Microsoft Given input data, solve this Hard algorithm challenge for greedy. Normal bounds Level 1: Read carefully. Level 2: Implement logic. Level 3: Verify output.",Hard
"Sample Easy DP Dynamic Programming Apple Airbnb Netflix Given input data, solve this Easy algorithm challenge for dp. Normal bounds Level 1: Read carefully. Level 2: Implement logic. Level 3: Verify output.",Easy
"Sample Medium DP Dynamic Programming Adobe Given input data, solve this Medium algorithm challenge for dp. Normal bounds Level 1: Read carefully. Level 2: Implement logic. Level 3: Verify output.",Medium
"Sample Hard DP Dynamic Programming Lyft Microsoft Square Given input data, solve this Hard algorithm challenge for dp. Normal bounds Level 1: Read carefully. Level 2: Implement logic. Level 3: Verify output.",Hard
"Sample Easy TRIES Tries Apple Salesforce Meta Given input data, solve this Easy algorithm challenge for tries. Normal bounds Level 1: Read carefully. Level 2: Implement logic. Level 3: Verify output.",Easy
"Sample Medium TRIES Tries PayPal Oracle Given input data, solve this Medium algorithm challenge for tries. Normal bounds Level 1: Read carefully. Level 2: Implement logic. Level 3: Verify output.",Medium
"Sample Hard TRIES Tries Lyft Cisco Given input data, solve this Hard algorithm challenge for tries. Normal bounds Level 1: Read carefully. Level 2: Implement logic. Level 3: Verify output.",Hard
"Sample Easy SEGMENTTREES Segment Trees Adobe Given input data, solve this Easy algorithm challenge for segmentTrees. Normal bounds Level 1: Read carefully. Level 2: Implement logic. Level 3: Verify output.",Easy
"Sample Medium SEGMENTTREES Segment Trees Stripe Given input data, solve this Medium algorithm challenge for segmentTrees. Normal bounds Level 1: Read carefully. Level 2: Implement logic. Level 3: Verify output.",Medium
"Sample Hard SEGMENTTREES Segment Trees Amazon Given input data, solve this Hard algorithm challenge for segmentTrees. Normal bounds Level 1: Read carefully. Level 2: Implement logic. Level 3: Verify output.",Hard
"Sample Easy BITMANIPULATION Bit Manipulation PayPal Netflix Given input data, solve this Easy algorithm challenge for bitManipulation. Normal bounds Level 1: Read carefully. Level 2: Implement logic. Level 3: Verify output.",Easy
"Sample Medium BITMANIPULATION Bit Manipulation Uber PayPal Given input data, solve this Medium algorithm challenge for bitManipulation. Normal bounds Level 1: Read carefully. Level 2: Implement logic. Level 3: Verify output.",Medium
"Sample Hard BITMANIPULATION Bit Manipulation ByteDance Goldman Sachs Twitter Given input data, solve this Hard algorithm challenge for bitManipulation. Normal bounds Level 1: Read carefully. Level 2: Implement logic. Level 3: Verify output.",Hard
"Sample Easy SLIDINGWINDOW Sliding Window ByteDance Given input data, solve this Easy algorithm challenge for slidingWindow. Normal bounds Level 1: Read carefully. Level 2: Implement logic. Level 3: Verify output.",Easy
"Sample Medium SLIDINGWINDOW Sliding Window Goldman Sachs Given input data, solve this Medium algorithm challenge for slidingWindow. Normal bounds Level 1: Read carefully. Level 2: Implement logic. Level 3: Verify output.",Medium
"Sample Hard SLIDINGWINDOW Sliding Window Bloomberg Uber Given input data, solve this Hard algorithm challenge for slidingWindow. Normal bounds Level 1: Read carefully. Level 2: Implement logic. Level 3: Verify output.",Hard
"Sample Easy TWOPOINTERS Two Pointers Bloomberg Goldman Sachs Given input data, solve this Easy algorithm challenge for twoPointers. Normal bounds Level 1: Read carefully. Level 2: Implement logic. Level 3: Verify output.",Easy
"Sample Medium TWOPOINTERS Two Pointers Adobe Netflix Oracle Given input data, solve this Medium algorithm challenge for twoPointers. Normal bounds Level 1: Read carefully. Level 2: Implement logic. Level 3: Verify output.",Medium
"Sample Hard TWOPOINTERS Two Pointers Salesforce PayPal Given input data, solve this Hard algorithm challenge for twoPointers. Normal bounds Level 1: Read carefully. Level 2: Implement logic. Level 3: Verify output.",Hard
"Sample Easy ADVANCED Advanced Interview Problems Netflix Google Given input data, solve this Easy algorithm challenge for advanced. Normal bounds Level 1: Read carefully. Level 2: Implement logic. Level 3: Verify output.",Easy
"Sample Medium ADVANCED Advanced Interview Problems Atlassian Lyft Goldman Sachs Given input data, solve this Medium algorithm challenge for advanced. Normal bounds Level 1: Read carefully. Level 2: Implement logic. Level 3: Verify output.",Medium
"Sample Hard ADVANCED Advanced Interview Problems Google Apple Stripe Given input data, solve this Hard algorithm challenge for advanced. Normal bounds Level 1: Read carefully. Level 2: Implement logic. Level 3: Verify output.",Hard
"Amazon Array Window Balancer 1 Arrays Amazon Meta Company Wise Amazon placement-style challenge focused on Arrays. You are given a compact assessment input and must apply prefix sums, hashing, and careful index bounds. Explain your approach, handle edge cases, and return the required output exactly. 1 <= n <= 100000
Input values fit inside signed 32-bit integers.
Optimized solutions should target O(N log N) or better unless the prompt requires range structures. Identify the Arrays pattern before coding. Use prefix sums, hashing, and careful index bounds instead of brute force whenever possible. Write down the invariant for the Amazon round. Check empty, single item, duplicate, and boundary cases. Submit only after the sample and hidden-style cases follow the same logic.",Easy
"Google String Pattern Normalizer 1 Strings Google Salesforce Company Wise Google placement-style challenge focused on Strings. You are given a compact assessment input and must apply frequency tables, two pointers, and case handling. Explain your approach, handle edge cases, and return the required output exactly. 1 <= n <= 100000
Input values fit inside signed 32-bit integers.
Optimized solutions should target O(N log N) or better unless the prompt requires range structures. Identify the Strings pattern before coding. Use frequency tables, two pointers, and case handling instead of brute force whenever possible. Write down the invariant for the Google round. Check empty, single item, duplicate, and boundary cases. Submit only after the sample and hidden-style cases follow the same logic.",Medium
"Microsoft Linked List Pointer Repair 1 Linked Lists Microsoft Cognizant Company Wise Microsoft placement-style challenge focused on Linked Lists. You are given a compact assessment input and must apply slow-fast pointers and safe node relinking. Explain your approach, handle edge cases, and return the required output exactly. 1 <= n <= 100000
Input values fit inside signed 32-bit integers.
Optimized solutions should target O(N log N) or better unless the prompt requires range structures. Identify the Linked Lists pattern before coding. Use slow-fast pointers and safe node relinking instead of brute force whenever possible. Write down the invariant for the Microsoft round. Check empty, single item, duplicate, and boundary cases. Submit only after the sample and hidden-style cases follow the same logic.",Hard
"Meta Stack Sequence Validator 1 Stacks Meta Intel Company Wise Meta placement-style challenge focused on Stacks. You are given a compact assessment input and must apply monotonic stacks and bracket-style simulation. Explain your approach, handle edge cases, and return the required output exactly. 1 <= n <= 100000
Input values fit inside signed 32-bit integers.
Optimized solutions should target O(N log N) or better unless the prompt requires range structures. Identify the Stacks pattern before coding. Use monotonic stacks and bracket-style simulation instead of brute force whenever possible. Write down the invariant for the Meta round. Check empty, single item, duplicate, and boundary cases. Submit only after the sample and hidden-style cases follow the same logic.",Easy
"Apple Queue Throughput Scheduler 1 Queues Apple Zoho Company Wise Apple placement-style challenge focused on Queues. You are given a compact assessment input and must apply FIFO windows, deques, and event ordering. Explain your approach, handle edge cases, and return the required output exactly. 1 <= n <= 100000
Input values fit inside signed 32-bit integers.
Optimized solutions should target O(N log N) or better unless the prompt requires range structures. Identify the Queues pattern before coding. Use FIFO windows, deques, and event ordering instead of brute force whenever possible. Write down the invariant for the Apple round. Check empty, single item, duplicate, and boundary cases. Submit only after the sample and hidden-style cases follow the same logic.",Medium
"Netflix Hash Map Collision Resolver 1 Hashing Netflix Adobe Company Wise Netflix placement-style challenge focused on Hashing. You are given a compact assessment input and must apply constant-time lookup and duplicate tracking. Explain your approach, handle edge cases, and return the required output exactly. 1 <= n <= 100000
Input values fit inside signed 32-bit integers.
Optimized solutions should target O(N log N) or better unless the prompt requires range structures. Identify the Hashing pattern before coding. Use constant-time lookup and duplicate tracking instead of brute force whenever possible. Write down the invariant for the Netflix round. Check empty, single item, duplicate, and boundary cases. Submit only after the sample and hidden-style cases follow the same logic.",Hard
"Adobe Binary Tree Path Auditor 1 Trees Adobe Infosys Company Wise Adobe placement-style challenge focused on Trees. You are given a compact assessment input and must apply DFS traversal, recursion, and path accumulation. Explain your approach, handle edge cases, and return the required output exactly. 1 <= n <= 100000
Input values fit inside signed 32-bit integers.
Optimized solutions should target O(N log N) or better unless the prompt requires range structures. Identify the Trees pattern before coding. Use DFS traversal, recursion, and path accumulation instead of brute force whenever possible. Write down the invariant for the Adobe round. Check empty, single item, duplicate, and boundary cases. Submit only after the sample and hidden-style cases follow the same logic.",Easy
"Uber BST Range Inspector 1 Binary Search Trees Uber Deloitte Company Wise Uber placement-style challenge focused on Binary Search Trees. You are given a compact assessment input and must apply ordered traversal and lower/upper bounds. Explain your approach, handle edge cases, and return the required output exactly. 1 <= n <= 100000
Input values fit inside signed 32-bit integers.
Optimized solutions should target O(N log N) or better unless the prompt requires range structures. Identify the Binary Search Trees pattern before coding. Use ordered traversal and lower/upper bounds instead of brute force whenever possible. Write down the invariant for the Uber round. Check empty, single item, duplicate, and boundary cases. Submit only after the sample and hidden-style cases follow the same logic.",Medium
"Airbnb Priority Heap Ranker 1 Heaps Airbnb Swiggy Company Wise Airbnb placement-style challenge focused on Heaps. You are given a compact assessment input and must apply top-k selection and priority queue maintenance. Explain your approach, handle edge cases, and return the required output exactly. 1 <= n <= 100000
Input values fit inside signed 32-bit integers.
Optimized solutions should target O(N log N) or better unless the prompt requires range structures. Identify the Heaps pattern before coding. Use top-k selection and priority queue maintenance instead of brute force whenever possible. Write down the invariant for the Airbnb round. Check empty, single item, duplicate, and boundary cases. Submit only after the sample and hidden-style cases follow the same logic.",Hard
"Stripe Graph Route Planner 1 Graphs Stripe Microsoft Company Wise Stripe placement-style challenge focused on Graphs. You are given a compact assessment input and must apply BFS, DFS, connected components, and cycle checks. Explain your approach, handle edge cases, and return the required output exactly. 1 <= n <= 100000
Input values fit inside signed 32-bit integers.
Optimized solutions should target O(N log N) or better unless the prompt requires range structures. Identify the Graphs pattern before coding. Use BFS, DFS, connected components, and cycle checks instead of brute force whenever possible. Write down the invariant for the Stripe round. Check empty, single item, duplicate, and boundary cases. Submit only after the sample and hidden-style cases follow the same logic.",Easy
"Salesforce Recursive State Explorer 1 Recursion Salesforce Stripe Company Wise Salesforce placement-style challenge focused on Recursion. You are given a compact assessment input and must apply base cases and state transition trees. Explain your approach, handle edge cases, and return the required output exactly. 1 <= n <= 100000
Input values fit inside signed 32-bit integers.
Optimized solutions should target O(N log N) or better unless the prompt requires range structures. Identify the Recursion pattern before coding. Use base cases and state transition trees instead of brute force whenever possible. Write down the invariant for the Salesforce round. Check empty, single item, duplicate, and boundary cases. Submit only after the sample and hidden-style cases follow the same logic.",Medium
"Oracle Backtracking Choice Builder 1 Backtracking Oracle Capgemini Company Wise Oracle placement-style challenge focused on Backtracking. You are given a compact assessment input and must apply choose-explore-unchoose search. Explain your approach, handle edge cases, and return the required output exactly. 1 <= n <= 100000
Input values fit inside signed 32-bit integers.
Optimized solutions should target O(N log N) or better unless the prompt requires range structures. Identify the Backtracking pattern before coding. Use choose-explore-unchoose search instead of brute force whenever possible. Write down the invariant for the Oracle round. Check empty, single item, duplicate, and boundary cases. Submit only after the sample and hidden-style cases follow the same logic.",Hard
"TCS Greedy Placement Optimizer 1 Greedy Algorithms TCS Cisco Company Wise TCS placement-style challenge focused on Greedy Algorithms. You are given a compact assessment input and must apply local optimal choices and sorting. Explain your approach, handle edge cases, and return the required output exactly. 1 <= n <= 100000
Input values fit inside signed 32-bit integers.
Optimized solutions should target O(N log N) or better unless the prompt requires range structures. Identify the Greedy Algorithms pattern before coding. Use local optimal choices and sorting instead of brute force whenever possible. Write down the invariant for the TCS round. Check empty, single item, duplicate, and boundary cases. Submit only after the sample and hidden-style cases follow the same logic.",Easy
"Infosys DP Interview Grid 1 Dynamic Programming Infosys Razorpay Company Wise Infosys placement-style challenge focused on Dynamic Programming. You are given a compact assessment input and must apply memoization, tabulation, and transitions. Explain your approach, handle edge cases, and return the required output exactly. 1 <= n <= 100000
Input values fit inside signed 32-bit integers.
Optimized solutions should target O(N log N) or better unless the prompt requires range structures. Identify the Dynamic Programming pattern before coding. Use memoization, tabulation, and transitions instead of brute force whenever possible. Write down the invariant for the Infosys round. Check empty, single item, duplicate, and boundary cases. Submit only after the sample and hidden-style cases follow the same logic.",Medium
"Wipro Trie Prefix Directory 1 Tries Wipro Netflix Company Wise Wipro placement-style challenge focused on Tries. You are given a compact assessment input and must apply prefix trees and character edges. Explain your approach, handle edge cases, and return the required output exactly. 1 <= n <= 100000
Input values fit inside signed 32-bit integers.
Optimized solutions should target O(N log N) or better unless the prompt requires range structures. Identify the Tries pattern before coding. Use prefix trees and character edges instead of brute force whenever possible. Write down the invariant for the Wipro round. Check empty, single item, duplicate, and boundary cases. Submit only after the sample and hidden-style cases follow the same logic.",Hard
"Accenture Segment Tree Query Engine 1 Segment Trees Accenture TCS Company Wise Accenture placement-style challenge focused on Segment Trees. You are given a compact assessment input and must apply range queries and logarithmic updates. Explain your approach, handle edge cases, and return the required output exactly. 1 <= n <= 100000
Input values fit inside signed 32-bit integers.
Optimized solutions should target O(N log N) or better unless the prompt requires range structures. Identify the Segment Trees pattern before coding. Use range queries and logarithmic updates instead of brute force whenever possible. Write down the invariant for the Accenture round. Check empty, single item, duplicate, and boundary cases. Submit only after the sample and hidden-style cases follow the same logic.",Easy
"Capgemini Bitmask Eligibility Filter 1 Bit Manipulation Capgemini JP Morgan Company Wise Capgemini placement-style challenge focused on Bit Manipulation. You are given a compact assessment input and must apply xor, masks, and binary flags. Explain your approach, handle edge cases, and return the required output exactly. 1 <= n <= 100000
Input values fit inside signed 32-bit integers.
Optimized solutions should target O(N log N) or better unless the prompt requires range structures. Identify the Bit Manipulation pattern before coding. Use xor, masks, and binary flags instead of brute force whenever possible. Write down the invariant for the Capgemini round. Check empty, single item, duplicate, and boundary cases. Submit only after the sample and hidden-style cases follow the same logic.",Medium
"Cognizant Sliding Window Signal 1 Sliding Window Cognizant Flipkart Company Wise Cognizant placement-style challenge focused on Sliding Window. You are given a compact assessment input and must apply expand-shrink window invariants. Explain your approach, handle edge cases, and return the required output exactly. 1 <= n <= 100000
Input values fit inside signed 32-bit integers.
Optimized solutions should target O(N log N) or better unless the prompt requires range structures. Identify the Sliding Window pattern before coding. Use expand-shrink window invariants instead of brute force whenever possible. Write down the invariant for the Cognizant round. Check empty, single item, duplicate, and boundary cases. Submit only after the sample and hidden-style cases follow the same logic.",Hard
"Goldman Sachs Two Pointer Interview Sweep 1 Two Pointers Goldman Sachs Google Company Wise Goldman Sachs placement-style challenge focused on Two Pointers. You are given a compact assessment input and must apply sorted scans and converging pointers. Explain your approach, handle edge cases, and return the required output exactly. 1 <= n <= 100000
Input values fit inside signed 32-bit integers.
Optimized solutions should target O(N log N) or better unless the prompt requires range structures. Identify the Two Pointers pattern before coding. Use sorted scans and converging pointers instead of brute force whenever possible. Write down the invariant for the Goldman Sachs round. Check empty, single item, duplicate, and boundary cases. Submit only after the sample and hidden-style cases follow the same logic.",Easy
"JP Morgan System Constraint Challenge 1 Advanced Interview Problems JP Morgan Airbnb Company Wise JP Morgan placement-style challenge focused on Advanced Interview Problems. You are given a compact assessment input and must apply hybrid algorithms and edge-case analysis. Explain your approach, handle edge cases, and return the required output exactly. 1 <= n <= 100000
Input values fit inside signed 32-bit integers.
Optimized solutions should target O(N log N) or better unless the prompt requires range structures. Identify the Advanced Interview Problems pattern before coding. Use hybrid algorithms and edge-case analysis instead of brute force whenever possible. Write down the invariant for the JP Morgan round. Check empty, single item, duplicate, and boundary cases. Submit only after the sample and hidden-style cases follow the same logic.",Medium
"Deloitte Array Window Balancer 2 Arrays Deloitte Accenture Company Wise Deloitte placement-style challenge focused on Arrays. You are given a compact assessment input and must apply prefix sums, hashing, and careful index bounds. Explain your approach, handle edge cases, and return the required output exactly. 1 <= n <= 100000
Input values fit inside signed 32-bit integers.
Optimized solutions should target O(N log N) or better unless the prompt requires range structures. Identify the Arrays pattern before coding. Use prefix sums, hashing, and careful index bounds instead of brute force whenever possible. Write down the invariant for the Deloitte round. Check empty, single item, duplicate, and boundary cases. Submit only after the sample and hidden-style cases follow the same logic.",Hard
"PayPal String Pattern Normalizer 2 Strings PayPal Atlassian Company Wise PayPal placement-style challenge focused on Strings. You are given a compact assessment input and must apply frequency tables, two pointers, and case handling. Explain your approach, handle edge cases, and return the required output exactly. 1 <= n <= 100000
Input values fit inside signed 32-bit integers.
Optimized solutions should target O(N log N) or better unless the prompt requires range structures. Identify the Strings pattern before coding. Use frequency tables, two pointers, and case handling instead of brute force whenever possible. Write down the invariant for the PayPal round. Check empty, single item, duplicate, and boundary cases. Submit only after the sample and hidden-style cases follow the same logic.",Easy
"Atlassian Linked List Pointer Repair 2 Linked Lists Atlassian PhonePe Company Wise Atlassian placement-style challenge focused on Linked Lists. You are given a compact assessment input and must apply slow-fast pointers and safe node relinking. Explain your approach, handle edge cases, and return the required output exactly. 1 <= n <= 100000
Input values fit inside signed 32-bit integers.
Optimized solutions should target O(N log N) or better unless the prompt requires range structures. Identify the Linked Lists pattern before coding. Use slow-fast pointers and safe node relinking instead of brute force whenever possible. Write down the invariant for the Atlassian round. Check empty, single item, duplicate, and boundary cases. Submit only after the sample and hidden-style cases follow the same logic.",Medium
"Cisco Stack Sequence Validator 2 Stacks Cisco Apple Company Wise Cisco placement-style challenge focused on Stacks. You are given a compact assessment input and must apply monotonic stacks and bracket-style simulation. Explain your approach, handle edge cases, and return the required output exactly. 1 <= n <= 100000
Input values fit inside signed 32-bit integers.
Optimized solutions should target O(N log N) or better unless the prompt requires range structures. Identify the Stacks pattern before coding. Use monotonic stacks and bracket-style simulation instead of brute force whenever possible. Write down the invariant for the Cisco round. Check empty, single item, duplicate, and boundary cases. Submit only after the sample and hidden-style cases follow the same logic.",Hard
"Intel Queue Throughput Scheduler 2 Queues Intel Oracle Company Wise Intel placement-style challenge focused on Queues. You are given a compact assessment input and must apply FIFO windows, deques, and event ordering. Explain your approach, handle edge cases, and return the required output exactly. 1 <= n <= 100000
Input values fit inside signed 32-bit integers.
Optimized solutions should target O(N log N) or better unless the prompt requires range structures. Identify the Queues pattern before coding. Use FIFO windows, deques, and event ordering instead of brute force whenever possible. Write down the invariant for the Intel round. Check empty, single item, duplicate, and boundary cases. Submit only after the sample and hidden-style cases follow the same logic.",Easy
"NVIDIA Hash Map Collision Resolver 2 Hashing NVIDIA Goldman Sachs Company Wise NVIDIA placement-style challenge focused on Hashing. You are given a compact assessment input and must apply constant-time lookup and duplicate tracking. Explain your approach, handle edge cases, and return the required output exactly. 1 <= n <= 100000
Input values fit inside signed 32-bit integers.
Optimized solutions should target O(N log N) or better unless the prompt requires range structures. Identify the Hashing pattern before coding. Use constant-time lookup and duplicate tracking instead of brute force whenever possible. Write down the invariant for the NVIDIA round. Check empty, single item, duplicate, and boundary cases. Submit only after the sample and hidden-style cases follow the same logic.",Medium
"Flipkart Binary Tree Path Auditor 2 Trees Flipkart NVIDIA Company Wise Flipkart placement-style challenge focused on Trees. You are given a compact assessment input and must apply DFS traversal, recursion, and path accumulation. Explain your approach, handle edge cases, and return the required output exactly. 1 <= n <= 100000
Input values fit inside signed 32-bit integers.
Optimized solutions should target O(N log N) or better unless the prompt requires range structures. Identify the Trees pattern before coding. Use DFS traversal, recursion, and path accumulation instead of brute force whenever possible. Write down the invariant for the Flipkart round. Check empty, single item, duplicate, and boundary cases. Submit only after the sample and hidden-style cases follow the same logic.",Hard
"Swiggy BST Range Inspector 2 Binary Search Trees Swiggy Amazon Company Wise Swiggy placement-style challenge focused on Binary Search Trees. You are given a compact assessment input and must apply ordered traversal and lower/upper bounds. Explain your approach, handle edge cases, and return the required output exactly. 1 <= n <= 100000
Input values fit inside signed 32-bit integers.
Optimized solutions should target O(N log N) or better unless the prompt requires range structures. Identify the Binary Search Trees pattern before coding. Use ordered traversal and lower/upper bounds instead of brute force whenever possible. Write down the invariant for the Swiggy round. Check empty, single item, duplicate, and boundary cases. Submit only after the sample and hidden-style cases follow the same logic.",Easy
"Zomato Priority Heap Ranker 2 Heaps Zomato Uber Company Wise Zomato placement-style challenge focused on Heaps. You are given a compact assessment input and must apply top-k selection and priority queue maintenance. Explain your approach, handle edge cases, and return the required output exactly. 1 <= n <= 100000
Input values fit inside signed 32-bit integers.
Optimized solutions should target O(N log N) or better unless the prompt requires range structures. Identify the Heaps pattern before coding. Use top-k selection and priority queue maintenance instead of brute force whenever possible. Write down the invariant for the Zomato round. Check empty, single item, duplicate, and boundary cases. Submit only after the sample and hidden-style cases follow the same logic.",Medium
"PhonePe Graph Route Planner 2 Graphs PhonePe Wipro Company Wise PhonePe placement-style challenge focused on Graphs. You are given a compact assessment input and must apply BFS, DFS, connected components, and cycle checks. Explain your approach, handle edge cases, and return the required output exactly. 1 <= n <= 100000
Input values fit inside signed 32-bit integers.
Optimized solutions should target O(N log N) or better unless the prompt requires range structures. Identify the Graphs pattern before coding. Use BFS, DFS, connected components, and cycle checks instead of brute force whenever possible. Write down the invariant for the PhonePe round. Check empty, single item, duplicate, and boundary cases. Submit only after the sample and hidden-style cases follow the same logic.",Hard
"Razorpay Recursive State Explorer 2 Recursion Razorpay PayPal Company Wise Razorpay placement-style challenge focused on Recursion. You are given a compact assessment input and must apply base cases and state transition trees. Explain your approach, handle edge cases, and return the required output exactly. 1 <= n <= 100000
Input values fit inside signed 32-bit integers.
Optimized solutions should target O(N log N) or better unless the prompt requires range structures. Identify the Recursion pattern before coding. Use base cases and state transition trees instead of brute force whenever possible. Write down the invariant for the Razorpay round. Check empty, single item, duplicate, and boundary cases. Submit only after the sample and hidden-style cases follow the same logic.",Easy
"Zoho Backtracking Choice Builder 2 Backtracking Zoho Zomato Company Wise Zoho placement-style challenge focused on Backtracking. You are given a compact assessment input and must apply choose-explore-unchoose search. Explain your approach, handle edge cases, and return the required output exactly. 1 <= n <= 100000
Input values fit inside signed 32-bit integers.
Optimized solutions should target O(N log N) or better unless the prompt requires range structures. Identify the Backtracking pattern before coding. Use choose-explore-unchoose search instead of brute force whenever possible. Write down the invariant for the Zoho round. Check empty, single item, duplicate, and boundary cases. Submit only after the sample and hidden-style cases follow the same logic.",Medium
"Amazon Greedy Placement Optimizer 2 Greedy Algorithms Amazon Meta Company Wise Amazon placement-style challenge focused on Greedy Algorithms. You are given a compact assessment input and must apply local optimal choices and sorting. Explain your approach, handle edge cases, and return the required output exactly. 1 <= n <= 100000
Input values fit inside signed 32-bit integers.
Optimized solutions should target O(N log N) or better unless the prompt requires range structures. Identify the Greedy Algorithms pattern before coding. Use local optimal choices and sorting instead of brute force whenever possible. Write down the invariant for the Amazon round. Check empty, single item, duplicate, and boundary cases. Submit only after the sample and hidden-style cases follow the same logic.",Hard
"Google DP Interview Grid 2 Dynamic Programming Google Salesforce Company Wise Google placement-style challenge focused on Dynamic Programming. You are given a compact assessment input and must apply memoization, tabulation, and transitions. Explain your approach, handle edge cases, and return the required output exactly. 1 <= n <= 100000
Input values fit inside signed 32-bit integers.
Optimized solutions should target O(N log N) or better unless the prompt requires range structures. Identify the Dynamic Programming pattern before coding. Use memoization, tabulation, and transitions instead of brute force whenever possible. Write down the invariant for the Google round. Check empty, single item, duplicate, and boundary cases. Submit only after the sample and hidden-style cases follow the same logic.",Easy
"Microsoft Trie Prefix Directory 2 Tries Microsoft Cognizant Company Wise Microsoft placement-style challenge focused on Tries. You are given a compact assessment input and must apply prefix trees and character edges. Explain your approach, handle edge cases, and return the required output exactly. 1 <= n <= 100000
Input values fit inside signed 32-bit integers.
Optimized solutions should target O(N log N) or better unless the prompt requires range structures. Identify the Tries pattern before coding. Use prefix trees and character edges instead of brute force whenever possible. Write down the invariant for the Microsoft round. Check empty, single item, duplicate, and boundary cases. Submit only after the sample and hidden-style cases follow the same logic.",Medium
"Meta Segment Tree Query Engine 2 Segment Trees Meta Intel Company Wise Meta placement-style challenge focused on Segment Trees. You are given a compact assessment input and must apply range queries and logarithmic updates. Explain your approach, handle edge cases, and return the required output exactly. 1 <= n <= 100000
Input values fit inside signed 32-bit integers.
Optimized solutions should target O(N log N) or better unless the prompt requires range structures. Identify the Segment Trees pattern before coding. Use range queries and logarithmic updates instead of brute force whenever possible. Write down the invariant for the Meta round. Check empty, single item, duplicate, and boundary cases. Submit only after the sample and hidden-style cases follow the same logic.",Hard
"Apple Bitmask Eligibility Filter 2 Bit Manipulation Apple Zoho Company Wise Apple placement-style challenge focused on Bit Manipulation. You are given a compact assessment input and must apply xor, masks, and binary flags. Explain your approach, handle edge cases, and return the required output exactly. 1 <= n <= 100000
Input values fit inside signed 32-bit integers.
Optimized solutions should target O(N log N) or better unless the prompt requires range structures. Identify the Bit Manipulation pattern before coding. Use xor, masks, and binary flags instead of brute force whenever possible. Write down the invariant for the Apple round. Check empty, single item, duplicate, and boundary cases. Submit only after the sample and hidden-style cases follow the same logic.",Easy
"Netflix Sliding Window Signal 2 Sliding Window Netflix Adobe Company Wise Netflix placement-style challenge focused on Sliding Window. You are given a compact assessment input and must apply expand-shrink window invariants. Explain your approach, handle edge cases, and return the required output exactly. 1 <= n <= 100000
Input values fit inside signed 32-bit integers.
Optimized solutions should target O(N log N) or better unless the prompt requires range structures. Identify the Sliding Window pattern before coding. Use expand-shrink window invariants instead of brute force whenever possible. Write down the invariant for the Netflix round. Check empty, single item, duplicate, and boundary cases. Submit only after the sample and hidden-style cases follow the same logic.",Medium
"Adobe Two Pointer Interview Sweep 2 Two Pointers Adobe Infosys Company Wise Adobe placement-style challenge focused on Two Pointers. You are given a compact assessment input and must apply sorted scans and converging pointers. Explain your approach, handle edge cases, and return the required output exactly. 1 <= n <= 100000
Input values fit inside signed 32-bit integers.
Optimized solutions should target O(N log N) or better unless the prompt requires range structures. Identify the Two Pointers pattern before coding. Use sorted scans and converging pointers instead of brute force whenever possible. Write down the invariant for the Adobe round. Check empty, single item, duplicate, and boundary cases. Submit only after the sample and hidden-style cases follow the same logic.",Hard
"Uber System Constraint Challenge 2 Advanced Interview Problems Uber Deloitte Company Wise Uber placement-style challenge focused on Advanced Interview Problems. You are given a compact assessment input and must apply hybrid algorithms and edge-case analysis. Explain your approach, handle edge cases, and return the required output exactly. 1 <= n <= 100000
Input values fit inside signed 32-bit integers.
Optimized solutions should target O(N log N) or better unless the prompt requires range structures. Identify the Advanced Interview Problems pattern before coding. Use hybrid algorithms and edge-case analysis instead of brute force whenever possible. Write down the invariant for the Uber round. Check empty, single item, duplicate, and boundary cases. Submit only after the sample and hidden-style cases follow the same logic.",Easy
"Airbnb Array Window Balancer 3 Arrays Airbnb Swiggy Company Wise Airbnb placement-style challenge focused on Arrays. You are given a compact assessment input and must apply prefix sums, hashing, and careful index bounds. Explain your approach, handle edge cases, and return the required output exactly. 1 <= n <= 100000
Input values fit inside signed 32-bit integers.
Optimized solutions should target O(N log N) or better unless the prompt requires range structures. Identify the Arrays pattern before coding. Use prefix sums, hashing, and careful index bounds instead of brute force whenever possible. Write down the invariant for the Airbnb round. Check empty, single item, duplicate, and boundary cases. Submit only after the sample and hidden-style cases follow the same logic.",Medium
"Stripe String Pattern Normalizer 3 Strings Stripe Microsoft Company Wise Stripe placement-style challenge focused on Strings. You are given a compact assessment input and must apply frequency tables, two pointers, and case handling. Explain your approach, handle edge cases, and return the required output exactly. 1 <= n <= 100000
Input values fit inside signed 32-bit integers.
Optimized solutions should target O(N log N) or better unless the prompt requires range structures. Identify the Strings pattern before coding. Use frequency tables, two pointers, and case handling instead of brute force whenever possible. Write down the invariant for the Stripe round. Check empty, single item, duplicate, and boundary cases. Submit only after the sample and hidden-style cases follow the same logic.",Hard
"Salesforce Linked List Pointer Repair 3 Linked Lists Salesforce Stripe Company Wise Salesforce placement-style challenge focused on Linked Lists. You are given a compact assessment input and must apply slow-fast pointers and safe node relinking. Explain your approach, handle edge cases, and return the required output exactly. 1 <= n <= 100000
Input values fit inside signed 32-bit integers.
Optimized solutions should target O(N log N) or better unless the prompt requires range structures. Identify the Linked Lists pattern before coding. Use slow-fast pointers and safe node relinking instead of brute force whenever possible. Write down the invariant for the Salesforce round. Check empty, single item, duplicate, and boundary cases. Submit only after the sample and hidden-style cases follow the same logic.",Easy
"Oracle Stack Sequence Validator 3 Stacks Oracle Capgemini Company Wise Oracle placement-style challenge focused on Stacks. You are given a compact assessment input and must apply monotonic stacks and bracket-style simulation. Explain your approach, handle edge cases, and return the required output exactly. 1 <= n <= 100000
Input values fit inside signed 32-bit integers.
Optimized solutions should target O(N log N) or better unless the prompt requires range structures. Identify the Stacks pattern before coding. Use monotonic stacks and bracket-style simulation instead of brute force whenever possible. Write down the invariant for the Oracle round. Check empty, single item, duplicate, and boundary cases. Submit only after the sample and hidden-style cases follow the same logic.",Medium
"TCS Queue Throughput Scheduler 3 Queues TCS Cisco Company Wise TCS placement-style challenge focused on Queues. You are given a compact assessment input and must apply FIFO windows, deques, and event ordering. Explain your approach, handle edge cases, and return the required output exactly. 1 <= n <= 100000
Input values fit inside signed 32-bit integers.
Optimized solutions should target O(N log N) or better unless the prompt requires range structures. Identify the Queues pattern before coding. Use FIFO windows, deques, and event ordering instead of brute force whenever possible. Write down the invariant for the TCS round. Check empty, single item, duplicate, and boundary cases. Submit only after the sample and hidden-style cases follow the same logic.",Hard
"Infosys Hash Map Collision Resolver 3 Hashing Infosys Razorpay Company Wise Infosys placement-style challenge focused on Hashing. You are given a compact assessment input and must apply constant-time lookup and duplicate tracking. Explain your approach, handle edge cases, and return the required output exactly. 1 <= n <= 100000
Input values fit inside signed 32-bit integers.
Optimized solutions should target O(N log N) or better unless the prompt requires range structures. Identify the Hashing pattern before coding. Use constant-time lookup and duplicate tracking instead of brute force whenever possible. Write down the invariant for the Infosys round. Check empty, single item, duplicate, and boundary cases. Submit only after the sample and hidden-style cases follow the same logic.",Easy
"Wipro Binary Tree Path Auditor 3 Trees Wipro Netflix Company Wise Wipro placement-style challenge focused on Trees. You are given a compact assessment input and must apply DFS traversal, recursion, and path accumulation. Explain your approach, handle edge cases, and return the required output exactly. 1 <= n <= 100000
Input values fit inside signed 32-bit integers.
Optimized solutions should target O(N log N) or better unless the prompt requires range structures. Identify the Trees pattern before coding. Use DFS traversal, recursion, and path accumulation instead of brute force whenever possible. Write down the invariant for the Wipro round. Check empty, single item, duplicate, and boundary cases. Submit only after the sample and hidden-style cases follow the same logic.",Medium
"Accenture BST Range Inspector 3 Binary Search Trees Accenture TCS Company Wise Accenture placement-style challenge focused on Binary Search Trees. You are given a compact assessment input and must apply ordered traversal and lower/upper bounds. Explain your approach, handle edge cases, and return the required output exactly. 1 <= n <= 100000
Input values fit inside signed 32-bit integers.
Optimized solutions should target O(N log N) or better unless the prompt requires range structures. Identify the Binary Search Trees pattern before coding. Use ordered traversal and lower/upper bounds instead of brute force whenever possible. Write down the invariant for the Accenture round. Check empty, single item, duplicate, and boundary cases. Submit only after the sample and hidden-style cases follow the same logic.",Hard
"Capgemini Priority Heap Ranker 3 Heaps Capgemini JP Morgan Company Wise Capgemini placement-style challenge focused on Heaps. You are given a compact assessment input and must apply top-k selection and priority queue maintenance. Explain your approach, handle edge cases, and return the required output exactly. 1 <= n <= 100000
Input values fit inside signed 32-bit integers.
Optimized solutions should target O(N log N) or better unless the prompt requires range structures. Identify the Heaps pattern before coding. Use top-k selection and priority queue maintenance instead of brute force whenever possible. Write down the invariant for the Capgemini round. Check empty, single item, duplicate, and boundary cases. Submit only after the sample and hidden-style cases follow the same logic.",Easy
"Cognizant Graph Route Planner 3 Graphs Cognizant Flipkart Company Wise Cognizant placement-style challenge focused on Graphs. You are given a compact assessment input and must apply BFS, DFS, connected components, and cycle checks. Explain your approach, handle edge cases, and return the required output exactly. 1 <= n <= 100000
Input values fit inside signed 32-bit integers.
Optimized solutions should target O(N log N) or better unless the prompt requires range structures. Identify the Graphs pattern before coding. Use BFS, DFS, connected components, and cycle checks instead of brute force whenever possible. Write down the invariant for the Cognizant round. Check empty, single item, duplicate, and boundary cases. Submit only after the sample and hidden-style cases follow the same logic.",Medium
"Goldman Sachs Recursive State Explorer 3 Recursion Goldman Sachs Google Company Wise Goldman Sachs placement-style challenge focused on Recursion. You are given a compact assessment input and must apply base cases and state transition trees. Explain your approach, handle edge cases, and return the required output exactly. 1 <= n <= 100000
Input values fit inside signed 32-bit integers.
Optimized solutions should target O(N log N) or better unless the prompt requires range structures. Identify the Recursion pattern before coding. Use base cases and state transition trees instead of brute force whenever possible. Write down the invariant for the Goldman Sachs round. Check empty, single item, duplicate, and boundary cases. Submit only after the sample and hidden-style cases follow the same logic.",Hard
"JP Morgan Backtracking Choice Builder 3 Backtracking JP Morgan Airbnb Company Wise JP Morgan placement-style challenge focused on Backtracking. You are given a compact assessment input and must apply choose-explore-unchoose search. Explain your approach, handle edge cases, and return the required output exactly. 1 <= n <= 100000
Input values fit inside signed 32-bit integers.
Optimized solutions should target O(N log N) or better unless the prompt requires range structures. Identify the Backtracking pattern before coding. Use choose-explore-unchoose search instead of brute force whenever possible. Write down the invariant for the JP Morgan round. Check empty, single item, duplicate, and boundary cases. Submit only after the sample and hidden-style cases follow the same logic.",Easy
"Deloitte Greedy Placement Optimizer 3 Greedy Algorithms Deloitte Accenture Company Wise Deloitte placement-style challenge focused on Greedy Algorithms. You are given a compact assessment input and must apply local optimal choices and sorting. Explain your approach, handle edge cases, and return the required output exactly. 1 <= n <= 100000
Input values fit inside signed 32-bit integers.
Optimized solutions should target O(N log N) or better unless the prompt requires range structures. Identify the Greedy Algorithms pattern before coding. Use local optimal choices and sorting instead of brute force whenever possible. Write down the invariant for the Deloitte round. Check empty, single item, duplicate, and boundary cases. Submit only after the sample and hidden-style cases follow the same logic.",Medium
"PayPal DP Interview Grid 3 Dynamic Programming PayPal Atlassian Company Wise PayPal placement-style challenge focused on Dynamic Programming. You are given a compact assessment input and must apply memoization, tabulation, and transitions. Explain your approach, handle edge cases, and return the required output exactly. 1 <= n <= 100000
Input values fit inside signed 32-bit integers.
Optimized solutions should target O(N log N) or better unless the prompt requires range structures. Identify the Dynamic Programming pattern before coding. Use memoization, tabulation, and transitions instead of brute force whenever possible. Write down the invariant for the PayPal round. Check empty, single item, duplicate, and boundary cases. Submit only after the sample and hidden-style cases follow the same logic.",Hard
"Atlassian Trie Prefix Directory 3 Tries Atlassian PhonePe Company Wise Atlassian placement-style challenge focused on Tries. You are given a compact assessment input and must apply prefix trees and character edges. Explain your approach, handle edge cases, and return the required output exactly. 1 <= n <= 100000
Input values fit inside signed 32-bit integers.
Optimized solutions should target O(N log N) or better unless the prompt requires range structures. Identify the Tries pattern before coding. Use prefix trees and character edges instead of brute force whenever possible. Write down the invariant for the Atlassian round. Check empty, single item, duplicate, and boundary cases. Submit only after the sample and hidden-style cases follow the same logic.",Easy
"Cisco Segment Tree Query Engine 3 Segment Trees Cisco Apple Company Wise Cisco placement-style challenge focused on Segment Trees. You are given a compact assessment input and must apply range queries and logarithmic updates. Explain your approach, handle edge cases, and return the required output exactly. 1 <= n <= 100000
Input values fit inside signed 32-bit integers.
Optimized solutions should target O(N log N) or better unless the prompt requires range structures. Identify the Segment Trees pattern before coding. Use range queries and logarithmic updates instead of brute force whenever possible. Write down the invariant for the Cisco round. Check empty, single item, duplicate, and boundary cases. Submit only after the sample and hidden-style cases follow the same logic.",Medium
"Intel Bitmask Eligibility Filter 3 Bit Manipulation Intel Oracle Company Wise Intel placement-style challenge focused on Bit Manipulation. You are given a compact assessment input and must apply xor, masks, and binary flags. Explain your approach, handle edge cases, and return the required output exactly. 1 <= n <= 100000
Input values fit inside signed 32-bit integers.
Optimized solutions should target O(N log N) or better unless the prompt requires range structures. Identify the Bit Manipulation pattern before coding. Use xor, masks, and binary flags instead of brute force whenever possible. Write down the invariant for the Intel round. Check empty, single item, duplicate, and boundary cases. Submit only after the sample and hidden-style cases follow the same logic.",Hard
"NVIDIA Sliding Window Signal 3 Sliding Window NVIDIA Goldman Sachs Company Wise NVIDIA placement-style challenge focused on Sliding Window. You are given a compact assessment input and must apply expand-shrink window invariants. Explain your approach, handle edge cases, and return the required output exactly. 1 <= n <= 100000
Input values fit inside signed 32-bit integers.
Optimized solutions should target O(N log N) or better unless the prompt requires range structures. Identify the Sliding Window pattern before coding. Use expand-shrink window invariants instead of brute force whenever possible. Write down the invariant for the NVIDIA round. Check empty, single item, duplicate, and boundary cases. Submit only after the sample and hidden-style cases follow the same logic.",Easy
"Flipkart Two Pointer Interview Sweep 3 Two Pointers Flipkart NVIDIA Company Wise Flipkart placement-style challenge focused on Two Pointers. You are given a compact assessment input and must apply sorted scans and converging pointers. Explain your approach, handle edge cases, and return the required output exactly. 1 <= n <= 100000
Input values fit inside signed 32-bit integers.
Optimized solutions should target O(N log N) or better unless the prompt requires range structures. Identify the Two Pointers pattern before coding. Use sorted scans and converging pointers instead of brute force whenever possible. Write down the invariant for the Flipkart round. Check empty, single item, duplicate, and boundary cases. Submit only after the sample and hidden-style cases follow the same logic.",Medium
"Swiggy System Constraint Challenge 3 Advanced Interview Problems Swiggy Amazon Company Wise Swiggy placement-style challenge focused on Advanced Interview Problems. You are given a compact assessment input and must apply hybrid algorithms and edge-case analysis. Explain your approach, handle edge cases, and return the required output exactly. 1 <= n <= 100000
Input values fit inside signed 32-bit integers.
Optimized solutions should target O(N log N) or better unless the prompt requires range structures. Identify the Advanced Interview Problems pattern before coding. Use hybrid algorithms and edge-case analysis instead of brute force whenever possible. Write down the invariant for the Swiggy round. Check empty, single item, duplicate, and boundary cases. Submit only after the sample and hidden-style cases follow the same logic.",Hard
"Zomato Array Window Balancer 4 Arrays Zomato Uber Company Wise Zomato placement-style challenge focused on Arrays. You are given a compact assessment input and must apply prefix sums, hashing, and careful index bounds. Explain your approach, handle edge cases, and return the required output exactly. 1 <= n <= 100000
Input values fit inside signed 32-bit integers.
Optimized solutions should target O(N log N) or better unless the prompt requires range structures. Identify the Arrays pattern before coding. Use prefix sums, hashing, and careful index bounds instead of brute force whenever possible. Write down the invariant for the Zomato round. Check empty, single item, duplicate, and boundary cases. Submit only after the sample and hidden-style cases follow the same logic.",Easy
"PhonePe String Pattern Normalizer 4 Strings PhonePe Wipro Company Wise PhonePe placement-style challenge focused on Strings. You are given a compact assessment input and must apply frequency tables, two pointers, and case handling. Explain your approach, handle edge cases, and return the required output exactly. 1 <= n <= 100000
Input values fit inside signed 32-bit integers.
Optimized solutions should target O(N log N) or better unless the prompt requires range structures. Identify the Strings pattern before coding. Use frequency tables, two pointers, and case handling instead of brute force whenever possible. Write down the invariant for the PhonePe round. Check empty, single item, duplicate, and boundary cases. Submit only after the sample and hidden-style cases follow the same logic.",Medium
"Razorpay Linked List Pointer Repair 4 Linked Lists Razorpay PayPal Company Wise Razorpay placement-style challenge focused on Linked Lists. You are given a compact assessment input and must apply slow-fast pointers and safe node relinking. Explain your approach, handle edge cases, and return the required output exactly. 1 <= n <= 100000
Input values fit inside signed 32-bit integers.
Optimized solutions should target O(N log N) or better unless the prompt requires range structures. Identify the Linked Lists pattern before coding. Use slow-fast pointers and safe node relinking instead of brute force whenever possible. Write down the invariant for the Razorpay round. Check empty, single item, duplicate, and boundary cases. Submit only after the sample and hidden-style cases follow the same logic.",Hard
"Zoho Stack Sequence Validator 4 Stacks Zoho Zomato Company Wise Zoho placement-style challenge focused on Stacks. You are given a compact assessment input and must apply monotonic stacks and bracket-style simulation. Explain your approach, handle edge cases, and return the required output exactly. 1 <= n <= 100000
Input values fit inside signed 32-bit integers.
Optimized solutions should target O(N log N) or better unless the prompt requires range structures. Identify the Stacks pattern before coding. Use monotonic stacks and bracket-style simulation instead of brute force whenever possible. Write down the invariant for the Zoho round. Check empty, single item, duplicate, and boundary cases. Submit only after the sample and hidden-style cases follow the same logic.",Easy
"Amazon Queue Throughput Scheduler 4 Queues Amazon Meta Company Wise Amazon placement-style challenge focused on Queues. You are given a compact assessment input and must apply FIFO windows, deques, and event ordering. Explain your approach, handle edge cases, and return the required output exactly. 1 <= n <= 100000
Input values fit inside signed 32-bit integers.
Optimized solutions should target O(N log N) or better unless the prompt requires range structures. Identify the Queues pattern before coding. Use FIFO windows, deques, and event ordering instead of brute force whenever possible. Write down the invariant for the Amazon round. Check empty, single item, duplicate, and boundary cases. Submit only after the sample and hidden-style cases follow the same logic.",Medium
"Google Hash Map Collision Resolver 4 Hashing Google Salesforce Company Wise Google placement-style challenge focused on Hashing. You are given a compact assessment input and must apply constant-time lookup and duplicate tracking. Explain your approach, handle edge cases, and return the required output exactly. 1 <= n <= 100000
Input values fit inside signed 32-bit integers.
Optimized solutions should target O(N log N) or better unless the prompt requires range structures. Identify the Hashing pattern before coding. Use constant-time lookup and duplicate tracking instead of brute force whenever possible. Write down the invariant for the Google round. Check empty, single item, duplicate, and boundary cases. Submit only after the sample and hidden-style cases follow the same logic.",Hard
"Microsoft Binary Tree Path Auditor 4 Trees Microsoft Cognizant Company Wise Microsoft placement-style challenge focused on Trees. You are given a compact assessment input and must apply DFS traversal, recursion, and path accumulation. Explain your approach, handle edge cases, and return the required output exactly. 1 <= n <= 100000
Input values fit inside signed 32-bit integers.
Optimized solutions should target O(N log N) or better unless the prompt requires range structures. Identify the Trees pattern before coding. Use DFS traversal, recursion, and path accumulation instead of brute force whenever possible. Write down the invariant for the Microsoft round. Check empty, single item, duplicate, and boundary cases. Submit only after the sample and hidden-style cases follow the same logic.",Easy
"Meta BST Range Inspector 4 Binary Search Trees Meta Intel Company Wise Meta placement-style challenge focused on Binary Search Trees. You are given a compact assessment input and must apply ordered traversal and lower/upper bounds. Explain your approach, handle edge cases, and return the required output exactly. 1 <= n <= 100000
Input values fit inside signed 32-bit integers.
Optimized solutions should target O(N log N) or better unless the prompt requires range structures. Identify the Binary Search Trees pattern before coding. Use ordered traversal and lower/upper bounds instead of brute force whenever possible. Write down the invariant for the Meta round. Check empty, single item, duplicate, and boundary cases. Submit only after the sample and hidden-style cases follow the same logic.",Medium
"Apple Priority Heap Ranker 4 Heaps Apple Zoho Company Wise Apple placement-style challenge focused on Heaps. You are given a compact assessment input and must apply top-k selection and priority queue maintenance. Explain your approach, handle edge cases, and return the required output exactly. 1 <= n <= 100000
Input values fit inside signed 32-bit integers.
Optimized solutions should target O(N log N) or better unless the prompt requires range structures. Identify the Heaps pattern before coding. Use top-k selection and priority queue maintenance instead of brute force whenever possible. Write down the invariant for the Apple round. Check empty, single item, duplicate, and boundary cases. Submit only after the sample and hidden-style cases follow the same logic.",Hard
"Netflix Graph Route Planner 4 Graphs Netflix Adobe Company Wise Netflix placement-style challenge focused on Graphs. You are given a compact assessment input and must apply BFS, DFS, connected components, and cycle checks. Explain your approach, handle edge cases, and return the required output exactly. 1 <= n <= 100000
Input values fit inside signed 32-bit integers.
Optimized solutions should target O(N log N) or better unless the prompt requires range structures. Identify the Graphs pattern before coding. Use BFS, DFS, connected components, and cycle checks instead of brute force whenever possible. Write down the invariant for the Netflix round. Check empty, single item, duplicate, and boundary cases. Submit only after the sample and hidden-style cases follow the same logic.",Easy
"Adobe Recursive State Explorer 4 Recursion Adobe Infosys Company Wise Adobe placement-style challenge focused on Recursion. You are given a compact assessment input and must apply base cases and state transition trees. Explain your approach, handle edge cases, and return the required output exactly. 1 <= n <= 100000
Input values fit inside signed 32-bit integers.
Optimized solutions should target O(N log N) or better unless the prompt requires range structures. Identify the Recursion pattern before coding. Use base cases and state transition trees instead of brute force whenever possible. Write down the invariant for the Adobe round. Check empty, single item, duplicate, and boundary cases. Submit only after the sample and hidden-style cases follow the same logic.",Medium
"Uber Backtracking Choice Builder 4 Backtracking Uber Deloitte Company Wise Uber placement-style challenge focused on Backtracking. You are given a compact assessment input and must apply choose-explore-unchoose search. Explain your approach, handle edge cases, and return the required output exactly. 1 <= n <= 100000
Input values fit inside signed 32-bit integers.
Optimized solutions should target O(N log N) or better unless the prompt requires range structures. Identify the Backtracking pattern before coding. Use choose-explore-unchoose search instead of brute force whenever possible. Write down the invariant for the Uber round. Check empty, single item, duplicate, and boundary cases. Submit only after the sample and hidden-style cases follow the same logic.",Hard
"Airbnb Greedy Placement Optimizer 4 Greedy Algorithms Airbnb Swiggy Company Wise Airbnb placement-style challenge focused on Greedy Algorithms. You are given a compact assessment input and must apply local optimal choices and sorting. Explain your approach, handle edge cases, and return the required output exactly. 1 <= n <= 100000
Input values fit inside signed 32-bit integers.
Optimized solutions should target O(N log N) or better unless the prompt requires range structures. Identify the Greedy Algorithms pattern before coding. Use local optimal choices and sorting instead of brute force whenever possible. Write down the invariant for the Airbnb round. Check empty, single item, duplicate, and boundary cases. Submit only after the sample and hidden-style cases follow the same logic.",Easy
"Stripe DP Interview Grid 4 Dynamic Programming Stripe Microsoft Company Wise Stripe placement-style challenge focused on Dynamic Programming. You are given a compact assessment input and must apply memoization, tabulation, and transitions. Explain your approach, handle edge cases, and return the required output exactly. 1 <= n <= 100000
Input values fit inside signed 32-bit integers.
Optimized solutions should target O(N log N) or better unless the prompt requires range structures. Identify the Dynamic Programming pattern before coding. Use memoization, tabulation, and transitions instead of brute force whenever possible. Write down the invariant for the Stripe round. Check empty, single item, duplicate, and boundary cases. Submit only after the sample and hidden-style cases follow the same logic.",Medium
"Salesforce Trie Prefix Directory 4 Tries Salesforce Stripe Company Wise Salesforce placement-style challenge focused on Tries. You are given a compact assessment input and must apply prefix trees and character edges. Explain your approach, handle edge cases, and return the required output exactly. 1 <= n <= 100000
Input values fit inside signed 32-bit integers.
Optimized solutions should target O(N log N) or better unless the prompt requires range structures. Identify the Tries pattern before coding. Use prefix trees and character edges instead of brute force whenever possible. Write down the invariant for the Salesforce round. Check empty, single item, duplicate, and boundary cases. Submit only after the sample and hidden-style cases follow the same logic.",Hard
"Oracle Segment Tree Query Engine 4 Segment Trees Oracle Capgemini Company Wise Oracle placement-style challenge focused on Segment Trees. You are given a compact assessment input and must apply range queries and logarithmic updates. Explain your approach, handle edge cases, and return the required output exactly. 1 <= n <= 100000
Input values fit inside signed 32-bit integers.
Optimized solutions should target O(N log N) or better unless the prompt requires range structures. Identify the Segment Trees pattern before coding. Use range queries and logarithmic updates instead of brute force whenever possible. Write down the invariant for the Oracle round. Check empty, single item, duplicate, and boundary cases. Submit only after the sample and hidden-style cases follow the same logic.",Easy
"TCS Bitmask Eligibility Filter 4 Bit Manipulation TCS Cisco Company Wise TCS placement-style challenge focused on Bit Manipulation. You are given a compact assessment input and must apply xor, masks, and binary flags. Explain your approach, handle edge cases, and return the required output exactly. 1 <= n <= 100000
Input values fit inside signed 32-bit integers.
Optimized solutions should target O(N log N) or better unless the prompt requires range structures. Identify the Bit Manipulation pattern before coding. Use xor, masks, and binary flags instead of brute force whenever possible. Write down the invariant for the TCS round. Check empty, single item, duplicate, and boundary cases. Submit only after the sample and hidden-style cases follow the same logic.",Medium
"Infosys Sliding Window Signal 4 Sliding Window Infosys Razorpay Company Wise Infosys placement-style challenge focused on Sliding Window. You are given a compact assessment input and must apply expand-shrink window invariants. Explain your approach, handle edge cases, and return the required output exactly. 1 <= n <= 100000
Input values fit inside signed 32-bit integers.
Optimized solutions should target O(N log N) or better unless the prompt requires range structures. Identify the Sliding Window pattern before coding. Use expand-shrink window invariants instead of brute force whenever possible. Write down the invariant for the Infosys round. Check empty, single item, duplicate, and boundary cases. Submit only after the sample and hidden-style cases follow the same logic.",Hard
"Wipro Two Pointer Interview Sweep 4 Two Pointers Wipro Netflix Company Wise Wipro placement-style challenge focused on Two Pointers. You are given a compact assessment input and must apply sorted scans and converging pointers. Explain your approach, handle edge cases, and return the required output exactly. 1 <= n <= 100000
Input values fit inside signed 32-bit integers.
Optimized solutions should target O(N log N) or better unless the prompt requires range structures. Identify the Two Pointers pattern before coding. Use sorted scans and converging pointers instead of brute force whenever possible. Write down the invariant for the Wipro round. Check empty, single item, duplicate, and boundary cases. Submit only after the sample and hidden-style cases follow the same logic.",Easy
"Accenture System Constraint Challenge 4 Advanced Interview Problems Accenture TCS Company Wise Accenture placement-style challenge focused on Advanced Interview Problems. You are given a compact assessment input and must apply hybrid algorithms and edge-case analysis. Explain your approach, handle edge cases, and return the required output exactly. 1 <= n <= 100000
Input values fit inside signed 32-bit integers.
Optimized solutions should target O(N log N) or better unless the prompt requires range structures. Identify the Advanced Interview Problems pattern before coding. Use hybrid algorithms and edge-case analysis instead of brute force whenever possible. Write down the invariant for the Accenture round. Check empty, single item, duplicate, and boundary cases. Submit only after the sample and hidden-style cases follow the same logic.",Medium
"Capgemini Array Window Balancer 5 Arrays Capgemini JP Morgan Company Wise Capgemini placement-style challenge focused on Arrays. You are given a compact assessment input and must apply prefix sums, hashing, and careful index bounds. Explain your approach, handle edge cases, and return the required output exactly. 1 <= n <= 100000
Input values fit inside signed 32-bit integers.
Optimized solutions should target O(N log N) or better unless the prompt requires range structures. Identify the Arrays pattern before coding. Use prefix sums, hashing, and careful index bounds instead of brute force whenever possible. Write down the invariant for the Capgemini round. Check empty, single item, duplicate, and boundary cases. Submit only after the sample and hidden-style cases follow the same logic.",Hard
"Cognizant String Pattern Normalizer 5 Strings Cognizant Flipkart Company Wise Cognizant placement-style challenge focused on Strings. You are given a compact assessment input and must apply frequency tables, two pointers, and case handling. Explain your approach, handle edge cases, and return the required output exactly. 1 <= n <= 100000
Input values fit inside signed 32-bit integers.
Optimized solutions should target O(N log N) or better unless the prompt requires range structures. Identify the Strings pattern before coding. Use frequency tables, two pointers, and case handling instead of brute force whenever possible. Write down the invariant for the Cognizant round. Check empty, single item, duplicate, and boundary cases. Submit only after the sample and hidden-style cases follow the same logic.",Easy
"Goldman Sachs Linked List Pointer Repair 5 Linked Lists Goldman Sachs Google Company Wise Goldman Sachs placement-style challenge focused on Linked Lists. You are given a compact assessment input and must apply slow-fast pointers and safe node relinking. Explain your approach, handle edge cases, and return the required output exactly. 1 <= n <= 100000
Input values fit inside signed 32-bit integers.
Optimized solutions should target O(N log N) or better unless the prompt requires range structures. Identify the Linked Lists pattern before coding. Use slow-fast pointers and safe node relinking instead of brute force whenever possible. Write down the invariant for the Goldman Sachs round. Check empty, single item, duplicate, and boundary cases. Submit only after the sample and hidden-style cases follow the same logic.",Medium
"JP Morgan Stack Sequence Validator 5 Stacks JP Morgan Airbnb Company Wise JP Morgan placement-style challenge focused on Stacks. You are given a compact assessment input and must apply monotonic stacks and bracket-style simulation. Explain your approach, handle edge cases, and return the required output exactly. 1 <= n <= 100000
Input values fit inside signed 32-bit integers.
Optimized solutions should target O(N log N) or better unless the prompt requires range structures. Identify the Stacks pattern before coding. Use monotonic stacks and bracket-style simulation instead of brute force whenever possible. Write down the invariant for the JP Morgan round. Check empty, single item, duplicate, and boundary cases. Submit only after the sample and hidden-style cases follow the same logic.",Hard
"Deloitte Queue Throughput Scheduler 5 Queues Deloitte Accenture Company Wise Deloitte placement-style challenge focused on Queues. You are given a compact assessment input and must apply FIFO windows, deques, and event ordering. Explain your approach, handle edge cases, and return the required output exactly. 1 <= n <= 100000
Input values fit inside signed 32-bit integers.
Optimized solutions should target O(N log N) or better unless the prompt requires range structures. Identify the Queues pattern before coding. Use FIFO windows, deques, and event ordering instead of brute force whenever possible. Write down the invariant for the Deloitte round. Check empty, single item, duplicate, and boundary cases. Submit only after the sample and hidden-style cases follow the same logic.",Easy
"PayPal Hash Map Collision Resolver 5 Hashing PayPal Atlassian Company Wise PayPal placement-style challenge focused on Hashing. You are given a compact assessment input and must apply constant-time lookup and duplicate tracking. Explain your approach, handle edge cases, and return the required output exactly. 1 <= n <= 100000
Input values fit inside signed 32-bit integers.
Optimized solutions should target O(N log N) or better unless the prompt requires range structures. Identify the Hashing pattern before coding. Use constant-time lookup and duplicate tracking instead of brute force whenever possible. Write down the invariant for the PayPal round. Check empty, single item, duplicate, and boundary cases. Submit only after the sample and hidden-style cases follow the same logic.",Medium
"Atlassian Binary Tree Path Auditor 5 Trees Atlassian PhonePe Company Wise Atlassian placement-style challenge focused on Trees. You are given a compact assessment input and must apply DFS traversal, recursion, and path accumulation. Explain your approach, handle edge cases, and return the required output exactly. 1 <= n <= 100000
Input values fit inside signed 32-bit integers.
Optimized solutions should target O(N log N) or better unless the prompt requires range structures. Identify the Trees pattern before coding. Use DFS traversal, recursion, and path accumulation instead of brute force whenever possible. Write down the invariant for the Atlassian round. Check empty, single item, duplicate, and boundary cases. Submit only after the sample and hidden-style cases follow the same logic.",Hard
"Cisco BST Range Inspector 5 Binary Search Trees Cisco Apple Company Wise Cisco placement-style challenge focused on Binary Search Trees. You are given a compact assessment input and must apply ordered traversal and lower/upper bounds. Explain your approach, handle edge cases, and return the required output exactly. 1 <= n <= 100000
Input values fit inside signed 32-bit integers.
Optimized solutions should target O(N log N) or better unless the prompt requires range structures. Identify the Binary Search Trees pattern before coding. Use ordered traversal and lower/upper bounds instead of brute force whenever possible. Write down the invariant for the Cisco round. Check empty, single item, duplicate, and boundary cases. Submit only after the sample and hidden-style cases follow the same logic.",Easy
"Intel Priority Heap Ranker 5 Heaps Intel Oracle Company Wise Intel placement-style challenge focused on Heaps. You are given a compact assessment input and must apply top-k selection and priority queue maintenance. Explain your approach, handle edge cases, and return the required output exactly. 1 <= n <= 100000
Input values fit inside signed 32-bit integers.
Optimized solutions should target O(N log N) or better unless the prompt requires range structures. Identify the Heaps pattern before coding. Use top-k selection and priority queue maintenance instead of brute force whenever possible. Write down the invariant for the Intel round. Check empty, single item, duplicate, and boundary cases. Submit only after the sample and hidden-style cases follow the same logic.",Medium
"NVIDIA Graph Route Planner 5 Graphs NVIDIA Goldman Sachs Company Wise NVIDIA placement-style challenge focused on Graphs. You are given a compact assessment input and must apply BFS, DFS, connected components, and cycle checks. Explain your approach, handle edge cases, and return the required output exactly. 1 <= n <= 100000
Input values fit inside signed 32-bit integers.
Optimized solutions should target O(N log N) or better unless the prompt requires range structures. Identify the Graphs pattern before coding. Use BFS, DFS, connected components, and cycle checks instead of brute force whenever possible. Write down the invariant for the NVIDIA round. Check empty, single item, duplicate, and boundary cases. Submit only after the sample and hidden-style cases follow the same logic.",Hard
"Flipkart Recursive State Explorer 5 Recursion Flipkart NVIDIA Company Wise Flipkart placement-style challenge focused on Recursion. You are given a compact assessment input and must apply base cases and state transition trees. Explain your approach, handle edge cases, and return the required output exactly. 1 <= n <= 100000
Input values fit inside signed 32-bit integers.
Optimized solutions should target O(N log N) or better unless the prompt requires range structures. Identify the Recursion pattern before coding. Use base cases and state transition trees instead of brute force whenever possible. Write down the invariant for the Flipkart round. Check empty, single item, duplicate, and boundary cases. Submit only after the sample and hidden-style cases follow the same logic.",Easy
"Swiggy Backtracking Choice Builder 5 Backtracking Swiggy Amazon Company Wise Swiggy placement-style challenge focused on Backtracking. You are given a compact assessment input and must apply choose-explore-unchoose search. Explain your approach, handle edge cases, and return the required output exactly. 1 <= n <= 100000
Input values fit inside signed 32-bit integers.
Optimized solutions should target O(N log N) or better unless the prompt requires range structures. Identify the Backtracking pattern before coding. Use choose-explore-unchoose search instead of brute force whenever possible. Write down the invariant for the Swiggy round. Check empty, single item, duplicate, and boundary cases. Submit only after the sample and hidden-style cases follow the same logic.",Medium
"Zomato Greedy Placement Optimizer 5 Greedy Algorithms Zomato Uber Company Wise Zomato placement-style challenge focused on Greedy Algorithms. You are given a compact assessment input and must apply local optimal choices and sorting. Explain your approach, handle edge cases, and return the required output exactly. 1 <= n <= 100000
Input values fit inside signed 32-bit integers.
Optimized solutions should target O(N log N) or better unless the prompt requires range structures. Identify the Greedy Algorithms pattern before coding. Use local optimal choices and sorting instead of brute force whenever possible. Write down the invariant for the Zomato round. Check empty, single item, duplicate, and boundary cases. Submit only after the sample and hidden-style cases follow the same logic.",Hard
"PhonePe DP Interview Grid 5 Dynamic Programming PhonePe Wipro Company Wise PhonePe placement-style challenge focused on Dynamic Programming. You are given a compact assessment input and must apply memoization, tabulation, and transitions. Explain your approach, handle edge cases, and return the required output exactly. 1 <= n <= 100000
Input values fit inside signed 32-bit integers.
Optimized solutions should target O(N log N) or better unless the prompt requires range structures. Identify the Dynamic Programming pattern before coding. Use memoization, tabulation, and transitions instead of brute force whenever possible. Write down the invariant for the PhonePe round. Check empty, single item, duplicate, and boundary cases. Submit only after the sample and hidden-style cases follow the same logic.",Easy
"Razorpay Trie Prefix Directory 5 Tries Razorpay PayPal Company Wise Razorpay placement-style challenge focused on Tries. You are given a compact assessment input and must apply prefix trees and character edges. Explain your approach, handle edge cases, and return the required output exactly. 1 <= n <= 100000
Input values fit inside signed 32-bit integers.
Optimized solutions should target O(N log N) or better unless the prompt requires range structures. Identify the Tries pattern before coding. Use prefix trees and character edges instead of brute force whenever possible. Write down the invariant for the Razorpay round. Check empty, single item, duplicate, and boundary cases. Submit only after the sample and hidden-style cases follow the same logic.",Medium
"Zoho Segment Tree Query Engine 5 Segment Trees Zoho Zomato Company Wise Zoho placement-style challenge focused on Segment Trees. You are given a compact assessment input and must apply range queries and logarithmic updates. Explain your approach, handle edge cases, and return the required output exactly. 1 <= n <= 100000
Input values fit inside signed 32-bit integers.
Optimized solutions should target O(N log N) or better unless the prompt requires range structures. Identify the Segment Trees pattern before coding. Use range queries and logarithmic updates instead of brute force whenever possible. Write down the invariant for the Zoho round. Check empty, single item, duplicate, and boundary cases. Submit only after the sample and hidden-style cases follow the same logic.",Hard
"Amazon Bitmask Eligibility Filter 5 Bit Manipulation Amazon Meta Company Wise Amazon placement-style challenge focused on Bit Manipulation. You are given a compact assessment input and must apply xor, masks, and binary flags. Explain your approach, handle edge cases, and return the required output exactly. 1 <= n <= 100000
Input values fit inside signed 32-bit integers.
Optimized solutions should target O(N log N) or better unless the prompt requires range structures. Identify the Bit Manipulation pattern before coding. Use xor, masks, and binary flags instead of brute force whenever possible. Write down the invariant for the Amazon round. Check empty, single item, duplicate, and boundary cases. Submit only after the sample and hidden-style cases follow the same logic.",Easy
"Google Sliding Window Signal 5 Sliding Window Google Salesforce Company Wise Google placement-style challenge focused on Sliding Window. You are given a compact assessment input and must apply expand-shrink window invariants. Explain your approach, handle edge cases, and return the required output exactly. 1 <= n <= 100000
Input values fit inside signed 32-bit integers.
Optimized solutions should target O(N log N) or better unless the prompt requires range structures. Identify the Sliding Window pattern before coding. Use expand-shrink window invariants instead of brute force whenever possible. Write down the invariant for the Google round. Check empty, single item, duplicate, and boundary cases. Submit only after the sample and hidden-style cases follow the same logic.",Medium
"Microsoft Two Pointer Interview Sweep 5 Two Pointers Microsoft Cognizant Company Wise Microsoft placement-style challenge focused on Two Pointers. You are given a compact assessment input and must apply sorted scans and converging pointers. Explain your approach, handle edge cases, and return the required output exactly. 1 <= n <= 100000
Input values fit inside signed 32-bit integers.
Optimized solutions should target O(N log N) or better unless the prompt requires range structures. Identify the Two Pointers pattern before coding. Use sorted scans and converging pointers instead of brute force whenever possible. Write down the invariant for the Microsoft round. Check empty, single item, duplicate, and boundary cases. Submit only after the sample and hidden-style cases follow the same logic.",Hard
"Meta System Constraint Challenge 5 Advanced Interview Problems Meta Intel Company Wise Meta placement-style challenge focused on Advanced Interview Problems. You are given a compact assessment input and must apply hybrid algorithms and edge-case analysis. Explain your approach, handle edge cases, and return the required output exactly. 1 <= n <= 100000
Input values fit inside signed 32-bit integers.
Optimized solutions should target O(N log N) or better unless the prompt requires range structures. Identify the Advanced Interview Problems pattern before coding. Use hybrid algorithms and edge-case analysis instead of brute force whenever possible. Write down the invariant for the Meta round. Check empty, single item, duplicate, and boundary cases. Submit only after the sample and hidden-style cases follow the same logic.",Easy
"Apple Array Window Balancer 6 Arrays Apple Zoho Company Wise Apple placement-style challenge focused on Arrays. You are given a compact assessment input and must apply prefix sums, hashing, and careful index bounds. Explain your approach, handle edge cases, and return the required output exactly. 1 <= n <= 100000
Input values fit inside signed 32-bit integers.
Optimized solutions should target O(N log N) or better unless the prompt requires range structures. Identify the Arrays pattern before coding. Use prefix sums, hashing, and careful index bounds instead of brute force whenever possible. Write down the invariant for the Apple round. Check empty, single item, duplicate, and boundary cases. Submit only after the sample and hidden-style cases follow the same logic.",Medium
"Netflix String Pattern Normalizer 6 Strings Netflix Adobe Company Wise Netflix placement-style challenge focused on Strings. You are given a compact assessment input and must apply frequency tables, two pointers, and case handling. Explain your approach, handle edge cases, and return the required output exactly. 1 <= n <= 100000
Input values fit inside signed 32-bit integers.
Optimized solutions should target O(N log N) or better unless the prompt requires range structures. Identify the Strings pattern before coding. Use frequency tables, two pointers, and case handling instead of brute force whenever possible. Write down the invariant for the Netflix round. Check empty, single item, duplicate, and boundary cases. Submit only after the sample and hidden-style cases follow the same logic.",Hard
"Adobe Linked List Pointer Repair 6 Linked Lists Adobe Infosys Company Wise Adobe placement-style challenge focused on Linked Lists. You are given a compact assessment input and must apply slow-fast pointers and safe node relinking. Explain your approach, handle edge cases, and return the required output exactly. 1 <= n <= 100000
Input values fit inside signed 32-bit integers.
Optimized solutions should target O(N log N) or better unless the prompt requires range structures. Identify the Linked Lists pattern before coding. Use slow-fast pointers and safe node relinking instead of brute force whenever possible. Write down the invariant for the Adobe round. Check empty, single item, duplicate, and boundary cases. Submit only after the sample and hidden-style cases follow the same logic.",Easy
"Uber Stack Sequence Validator 6 Stacks Uber Deloitte Company Wise Uber placement-style challenge focused on Stacks. You are given a compact assessment input and must apply monotonic stacks and bracket-style simulation. Explain your approach, handle edge cases, and return the required output exactly. 1 <= n <= 100000
Input values fit inside signed 32-bit integers.
Optimized solutions should target O(N log N) or better unless the prompt requires range structures. Identify the Stacks pattern before coding. Use monotonic stacks and bracket-style simulation instead of brute force whenever possible. Write down the invariant for the Uber round. Check empty, single item, duplicate, and boundary cases. Submit only after the sample and hidden-style cases follow the same logic.",Medium
"Airbnb Queue Throughput Scheduler 6 Queues Airbnb Swiggy Company Wise Airbnb placement-style challenge focused on Queues. You are given a compact assessment input and must apply FIFO windows, deques, and event ordering. Explain your approach, handle edge cases, and return the required output exactly. 1 <= n <= 100000
Input values fit inside signed 32-bit integers.
Optimized solutions should target O(N log N) or better unless the prompt requires range structures. Identify the Queues pattern before coding. Use FIFO windows, deques, and event ordering instead of brute force whenever possible. Write down the invariant for the Airbnb round. Check empty, single item, duplicate, and boundary cases. Submit only after the sample and hidden-style cases follow the same logic.",Hard
"Stripe Hash Map Collision Resolver 6 Hashing Stripe Microsoft Company Wise Stripe placement-style challenge focused on Hashing. You are given a compact assessment input and must apply constant-time lookup and duplicate tracking. Explain your approach, handle edge cases, and return the required output exactly. 1 <= n <= 100000
Input values fit inside signed 32-bit integers.
Optimized solutions should target O(N log N) or better unless the prompt requires range structures. Identify the Hashing pattern before coding. Use constant-time lookup and duplicate tracking instead of brute force whenever possible. Write down the invariant for the Stripe round. Check empty, single item, duplicate, and boundary cases. Submit only after the sample and hidden-style cases follow the same logic.",Easy
"Salesforce Binary Tree Path Auditor 6 Trees Salesforce Stripe Company Wise Salesforce placement-style challenge focused on Trees. You are given a compact assessment input and must apply DFS traversal, recursion, and path accumulation. Explain your approach, handle edge cases, and return the required output exactly. 1 <= n <= 100000
Input values fit inside signed 32-bit integers.
Optimized solutions should target O(N log N) or better unless the prompt requires range structures. Identify the Trees pattern before coding. Use DFS traversal, recursion, and path accumulation instead of brute force whenever possible. Write down the invariant for the Salesforce round. Check empty, single item, duplicate, and boundary cases. Submit only after the sample and hidden-style cases follow the same logic.",Medium
"Oracle BST Range Inspector 6 Binary Search Trees Oracle Capgemini Company Wise Oracle placement-style challenge focused on Binary Search Trees. You are given a compact assessment input and must apply ordered traversal and lower/upper bounds. Explain your approach, handle edge cases, and return the required output exactly. 1 <= n <= 100000
Input values fit inside signed 32-bit integers.
Optimized solutions should target O(N log N) or better unless the prompt requires range structures. Identify the Binary Search Trees pattern before coding. Use ordered traversal and lower/upper bounds instead of brute force whenever possible. Write down the invariant for the Oracle round. Check empty, single item, duplicate, and boundary cases. Submit only after the sample and hidden-style cases follow the same logic.",Hard
"TCS Priority Heap Ranker 6 Heaps TCS Cisco Company Wise TCS placement-style challenge focused on Heaps. You are given a compact assessment input and must apply top-k selection and priority queue maintenance. Explain your approach, handle edge cases, and return the required output exactly. 1 <= n <= 100000
Input values fit inside signed 32-bit integers.
Optimized solutions should target O(N log N) or better unless the prompt requires range structures. Identify the Heaps pattern before coding. Use top-k selection and priority queue maintenance instead of brute force whenever possible. Write down the invariant for the TCS round. Check empty, single item, duplicate, and boundary cases. Submit only after the sample and hidden-style cases follow the same logic.",Easy
"Infosys Graph Route Planner 6 Graphs Infosys Razorpay Company Wise Infosys placement-style challenge focused on Graphs. You are given a compact assessment input and must apply BFS, DFS, connected components, and cycle checks. Explain your approach, handle edge cases, and return the required output exactly. 1 <= n <= 100000
Input values fit inside signed 32-bit integers.
Optimized solutions should target O(N log N) or better unless the prompt requires range structures. Identify the Graphs pattern before coding. Use BFS, DFS, connected components, and cycle checks instead of brute force whenever possible. Write down the invariant for the Infosys round. Check empty, single item, duplicate, and boundary cases. Submit only after the sample and hidden-style cases follow the same logic.",Medium
"Wipro Recursive State Explorer 6 Recursion Wipro Netflix Company Wise Wipro placement-style challenge focused on Recursion. You are given a compact assessment input and must apply base cases and state transition trees. Explain your approach, handle edge cases, and return the required output exactly. 1 <= n <= 100000
Input values fit inside signed 32-bit integers.
Optimized solutions should target O(N log N) or better unless the prompt requires range structures. Identify the Recursion pattern before coding. Use base cases and state transition trees instead of brute force whenever possible. Write down the invariant for the Wipro round. Check empty, single item, duplicate, and boundary cases. Submit only after the sample and hidden-style cases follow the same logic.",Hard
"Accenture Backtracking Choice Builder 6 Backtracking Accenture TCS Company Wise Accenture placement-style challenge focused on Backtracking. You are given a compact assessment input and must apply choose-explore-unchoose search. Explain your approach, handle edge cases, and return the required output exactly. 1 <= n <= 100000
Input values fit inside signed 32-bit integers.
Optimized solutions should target O(N log N) or better unless the prompt requires range structures. Identify the Backtracking pattern before coding. Use choose-explore-unchoose search instead of brute force whenever possible. Write down the invariant for the Accenture round. Check empty, single item, duplicate, and boundary cases. Submit only after the sample and hidden-style cases follow the same logic.",Easy
"Capgemini Greedy Placement Optimizer 6 Greedy Algorithms Capgemini JP Morgan Company Wise Capgemini placement-style challenge focused on Greedy Algorithms. You are given a compact assessment input and must apply local optimal choices and sorting. Explain your approach, handle edge cases, and return the required output exactly. 1 <= n <= 100000
Input values fit inside signed 32-bit integers.
Optimized solutions should target O(N log N) or better unless the prompt requires range structures. Identify the Greedy Algorithms pattern before coding. Use local optimal choices and sorting instead of brute force whenever possible. Write down the invariant for the Capgemini round. Check empty, single item, duplicate, and boundary cases. Submit only after the sample and hidden-style cases follow the same logic.",Medium
"Cognizant DP Interview Grid 6 Dynamic Programming Cognizant Flipkart Company Wise Cognizant placement-style challenge focused on Dynamic Programming. You are given a compact assessment input and must apply memoization, tabulation, and transitions. Explain your approach, handle edge cases, and return the required output exactly. 1 <= n <= 100000
Input values fit inside signed 32-bit integers.
Optimized solutions should target O(N log N) or better unless the prompt requires range structures. Identify the Dynamic Programming pattern before coding. Use memoization, tabulation, and transitions instead of brute force whenever possible. Write down the invariant for the Cognizant round. Check empty, single item, duplicate, and boundary cases. Submit only after the sample and hidden-style cases follow the same logic.",Hard
"Goldman Sachs Trie Prefix Directory 6 Tries Goldman Sachs Google Company Wise Goldman Sachs placement-style challenge focused on Tries. You are given a compact assessment input and must apply prefix trees and character edges. Explain your approach, handle edge cases, and return the required output exactly. 1 <= n <= 100000
Input values fit inside signed 32-bit integers.
Optimized solutions should target O(N log N) or better unless the prompt requires range structures. Identify the Tries pattern before coding. Use prefix trees and character edges instead of brute force whenever possible. Write down the invariant for the Goldman Sachs round. Check empty, single item, duplicate, and boundary cases. Submit only after the sample and hidden-style cases follow the same logic.",Easy
"JP Morgan Segment Tree Query Engine 6 Segment Trees JP Morgan Airbnb Company Wise JP Morgan placement-style challenge focused on Segment Trees. You are given a compact assessment input and must apply range queries and logarithmic updates. Explain your approach, handle edge cases, and return the required output exactly. 1 <= n <= 100000
Input values fit inside signed 32-bit integers.
Optimized solutions should target O(N log N) or better unless the prompt requires range structures. Identify the Segment Trees pattern before coding. Use range queries and logarithmic updates instead of brute force whenever possible. Write down the invariant for the JP Morgan round. Check empty, single item, duplicate, and boundary cases. Submit only after the sample and hidden-style cases follow the same logic.",Medium
"Deloitte Bitmask Eligibility Filter 6 Bit Manipulation Deloitte Accenture Company Wise Deloitte placement-style challenge focused on Bit Manipulation. You are given a compact assessment input and must apply xor, masks, and binary flags. Explain your approach, handle edge cases, and return the required output exactly. 1 <= n <= 100000
Input values fit inside signed 32-bit integers.
Optimized solutions should target O(N log N) or better unless the prompt requires range structures. Identify the Bit Manipulation pattern before coding. Use xor, masks, and binary flags instead of brute force whenever possible. Write down the invariant for the Deloitte round. Check empty, single item, duplicate, and boundary cases. Submit only after the sample and hidden-style cases follow the same logic.",Hard
"PayPal Sliding Window Signal 6 Sliding Window PayPal Atlassian Company Wise PayPal placement-style challenge focused on Sliding Window. You are given a compact assessment input and must apply expand-shrink window invariants. Explain your approach, handle edge cases, and return the required output exactly. 1 <= n <= 100000
Input values fit inside signed 32-bit integers.
Optimized solutions should target O(N log N) or better unless the prompt requires range structures. Identify the Sliding Window pattern before coding. Use expand-shrink window invariants instead of brute force whenever possible. Write down the invariant for the PayPal round. Check empty, single item, duplicate, and boundary cases. Submit only after the sample and hidden-style cases follow the same logic.",Easy
"Atlassian Two Pointer Interview Sweep 6 Two Pointers Atlassian PhonePe Company Wise Atlassian placement-style challenge focused on Two Pointers. You are given a compact assessment input and must apply sorted scans and converging pointers. Explain your approach, handle edge cases, and return the required output exactly. 1 <= n <= 100000
Input values fit inside signed 32-bit integers.
Optimized solutions should target O(N log N) or better unless the prompt requires range structures. Identify the Two Pointers pattern before coding. Use sorted scans and converging pointers instead of brute force whenever possible. Write down the invariant for the Atlassian round. Check empty, single item, duplicate, and boundary cases. Submit only after the sample and hidden-style cases follow the same logic.",Medium
"Cisco System Constraint Challenge 6 Advanced Interview Problems Cisco Apple Company Wise Cisco placement-style challenge focused on Advanced Interview Problems. You are given a compact assessment input and must apply hybrid algorithms and edge-case analysis. Explain your approach, handle edge cases, and return the required output exactly. 1 <= n <= 100000
Input values fit inside signed 32-bit integers.
Optimized solutions should target O(N log N) or better unless the prompt requires range structures. Identify the Advanced Interview Problems pattern before coding. Use hybrid algorithms and edge-case analysis instead of brute force whenever possible. Write down the invariant for the Cisco round. Check empty, single item, duplicate, and boundary cases. Submit only after the sample and hidden-style cases follow the same logic.",Hard
"Intel Array Window Balancer 7 Arrays Intel Oracle Company Wise Intel placement-style challenge focused on Arrays. You are given a compact assessment input and must apply prefix sums, hashing, and careful index bounds. Explain your approach, handle edge cases, and return the required output exactly. 1 <= n <= 100000
Input values fit inside signed 32-bit integers.
Optimized solutions should target O(N log N) or better unless the prompt requires range structures. Identify the Arrays pattern before coding. Use prefix sums, hashing, and careful index bounds instead of brute force whenever possible. Write down the invariant for the Intel round. Check empty, single item, duplicate, and boundary cases. Submit only after the sample and hidden-style cases follow the same logic.",Easy
"NVIDIA String Pattern Normalizer 7 Strings NVIDIA Goldman Sachs Company Wise NVIDIA placement-style challenge focused on Strings. You are given a compact assessment input and must apply frequency tables, two pointers, and case handling. Explain your approach, handle edge cases, and return the required output exactly. 1 <= n <= 100000
Input values fit inside signed 32-bit integers.
Optimized solutions should target O(N log N) or better unless the prompt requires range structures. Identify the Strings pattern before coding. Use frequency tables, two pointers, and case handling instead of brute force whenever possible. Write down the invariant for the NVIDIA round. Check empty, single item, duplicate, and boundary cases. Submit only after the sample and hidden-style cases follow the same logic.",Medium
"Flipkart Linked List Pointer Repair 7 Linked Lists Flipkart NVIDIA Company Wise Flipkart placement-style challenge focused on Linked Lists. You are given a compact assessment input and must apply slow-fast pointers and safe node relinking. Explain your approach, handle edge cases, and return the required output exactly. 1 <= n <= 100000
Input values fit inside signed 32-bit integers.
Optimized solutions should target O(N log N) or better unless the prompt requires range structures. Identify the Linked Lists pattern before coding. Use slow-fast pointers and safe node relinking instead of brute force whenever possible. Write down the invariant for the Flipkart round. Check empty, single item, duplicate, and boundary cases. Submit only after the sample and hidden-style cases follow the same logic.",Hard
"Swiggy Stack Sequence Validator 7 Stacks Swiggy Amazon Company Wise Swiggy placement-style challenge focused on Stacks. You are given a compact assessment input and must apply monotonic stacks and bracket-style simulation. Explain your approach, handle edge cases, and return the required output exactly. 1 <= n <= 100000
Input values fit inside signed 32-bit integers.
Optimized solutions should target O(N log N) or better unless the prompt requires range structures. Identify the Stacks pattern before coding. Use monotonic stacks and bracket-style simulation instead of brute force whenever possible. Write down the invariant for the Swiggy round. Check empty, single item, duplicate, and boundary cases. Submit only after the sample and hidden-style cases follow the same logic.",Easy
"Zomato Queue Throughput Scheduler 7 Queues Zomato Uber Company Wise Zomato placement-style challenge focused on Queues. You are given a compact assessment input and must apply FIFO windows, deques, and event ordering. Explain your approach, handle edge cases, and return the required output exactly. 1 <= n <= 100000
Input values fit inside signed 32-bit integers.
Optimized solutions should target O(N log N) or better unless the prompt requires range structures. Identify the Queues pattern before coding. Use FIFO windows, deques, and event ordering instead of brute force whenever possible. Write down the invariant for the Zomato round. Check empty, single item, duplicate, and boundary cases. Submit only after the sample and hidden-style cases follow the same logic.",Medium
"PhonePe Hash Map Collision Resolver 7 Hashing PhonePe Wipro Company Wise PhonePe placement-style challenge focused on Hashing. You are given a compact assessment input and must apply constant-time lookup and duplicate tracking. Explain your approach, handle edge cases, and return the required output exactly. 1 <= n <= 100000
Input values fit inside signed 32-bit integers.
Optimized solutions should target O(N log N) or better unless the prompt requires range structures. Identify the Hashing pattern before coding. Use constant-time lookup and duplicate tracking instead of brute force whenever possible. Write down the invariant for the PhonePe round. Check empty, single item, duplicate, and boundary cases. Submit only after the sample and hidden-style cases follow the same logic.",Hard
"Razorpay Binary Tree Path Auditor 7 Trees Razorpay PayPal Company Wise Razorpay placement-style challenge focused on Trees. You are given a compact assessment input and must apply DFS traversal, recursion, and path accumulation. Explain your approach, handle edge cases, and return the required output exactly. 1 <= n <= 100000
Input values fit inside signed 32-bit integers.
Optimized solutions should target O(N log N) or better unless the prompt requires range structures. Identify the Trees pattern before coding. Use DFS traversal, recursion, and path accumulation instead of brute force whenever possible. Write down the invariant for the Razorpay round. Check empty, single item, duplicate, and boundary cases. Submit only after the sample and hidden-style cases follow the same logic.",Easy
"Zoho BST Range Inspector 7 Binary Search Trees Zoho Zomato Company Wise Zoho placement-style challenge focused on Binary Search Trees. You are given a compact assessment input and must apply ordered traversal and lower/upper bounds. Explain your approach, handle edge cases, and return the required output exactly. 1 <= n <= 100000
Input values fit inside signed 32-bit integers.
Optimized solutions should target O(N log N) or better unless the prompt requires range structures. Identify the Binary Search Trees pattern before coding. Use ordered traversal and lower/upper bounds instead of brute force whenever possible. Write down the invariant for the Zoho round. Check empty, single item, duplicate, and boundary cases. Submit only after the sample and hidden-style cases follow the same logic.",Medium
"Amazon Priority Heap Ranker 7 Heaps Amazon Meta Company Wise Amazon placement-style challenge focused on Heaps. You are given a compact assessment input and must apply top-k selection and priority queue maintenance. Explain your approach, handle edge cases, and return the required output exactly. 1 <= n <= 100000
Input values fit inside signed 32-bit integers.
Optimized solutions should target O(N log N) or better unless the prompt requires range structures. Identify the Heaps pattern before coding. Use top-k selection and priority queue maintenance instead of brute force whenever possible. Write down the invariant for the Amazon round. Check empty, single item, duplicate, and boundary cases. Submit only after the sample and hidden-style cases follow the same logic.",Hard
"Google Graph Route Planner 7 Graphs Google Salesforce Company Wise Google placement-style challenge focused on Graphs. You are given a compact assessment input and must apply BFS, DFS, connected components, and cycle checks. Explain your approach, handle edge cases, and return the required output exactly. 1 <= n <= 100000
Input values fit inside signed 32-bit integers.
Optimized solutions should target O(N log N) or better unless the prompt requires range structures. Identify the Graphs pattern before coding. Use BFS, DFS, connected components, and cycle checks instead of brute force whenever possible. Write down the invariant for the Google round. Check empty, single item, duplicate, and boundary cases. Submit only after the sample and hidden-style cases follow the same logic.",Easy
"Microsoft Recursive State Explorer 7 Recursion Microsoft Cognizant Company Wise Microsoft placement-style challenge focused on Recursion. You are given a compact assessment input and must apply base cases and state transition trees. Explain your approach, handle edge cases, and return the required output exactly. 1 <= n <= 100000
Input values fit inside signed 32-bit integers.
Optimized solutions should target O(N log N) or better unless the prompt requires range structures. Identify the Recursion pattern before coding. Use base cases and state transition trees instead of brute force whenever possible. Write down the invariant for the Microsoft round. Check empty, single item, duplicate, and boundary cases. Submit only after the sample and hidden-style cases follow the same logic.",Medium
"Meta Backtracking Choice Builder 7 Backtracking Meta Intel Company Wise Meta placement-style challenge focused on Backtracking. You are given a compact assessment input and must apply choose-explore-unchoose search. Explain your approach, handle edge cases, and return the required output exactly. 1 <= n <= 100000
Input values fit inside signed 32-bit integers.
Optimized solutions should target O(N log N) or better unless the prompt requires range structures. Identify the Backtracking pattern before coding. Use choose-explore-unchoose search instead of brute force whenever possible. Write down the invariant for the Meta round. Check empty, single item, duplicate, and boundary cases. Submit only after the sample and hidden-style cases follow the same logic.",Hard
"Apple Greedy Placement Optimizer 7 Greedy Algorithms Apple Zoho Company Wise Apple placement-style challenge focused on Greedy Algorithms. You are given a compact assessment input and must apply local optimal choices and sorting. Explain your approach, handle edge cases, and return the required output exactly. 1 <= n <= 100000
Input values fit inside signed 32-bit integers.
Optimized solutions should target O(N log N) or better unless the prompt requires range structures. Identify the Greedy Algorithms pattern before coding. Use local optimal choices and sorting instead of brute force whenever possible. Write down the invariant for the Apple round. Check empty, single item, duplicate, and boundary cases. Submit only after the sample and hidden-style cases follow the same logic.",Easy
"Netflix DP Interview Grid 7 Dynamic Programming Netflix Adobe Company Wise Netflix placement-style challenge focused on Dynamic Programming. You are given a compact assessment input and must apply memoization, tabulation, and transitions. Explain your approach, handle edge cases, and return the required output exactly. 1 <= n <= 100000
Input values fit inside signed 32-bit integers.
Optimized solutions should target O(N log N) or better unless the prompt requires range structures. Identify the Dynamic Programming pattern before coding. Use memoization, tabulation, and transitions instead of brute force whenever possible. Write down the invariant for the Netflix round. Check empty, single item, duplicate, and boundary cases. Submit only after the sample and hidden-style cases follow the same logic.",Medium
"Adobe Trie Prefix Directory 7 Tries Adobe Infosys Company Wise Adobe placement-style challenge focused on Tries. You are given a compact assessment input and must apply prefix trees and character edges. Explain your approach, handle edge cases, and return the required output exactly. 1 <= n <= 100000
Input values fit inside signed 32-bit integers.
Optimized solutions should target O(N log N) or better unless the prompt requires range structures. Identify the Tries pattern before coding. Use prefix trees and character edges instead of brute force whenever possible. Write down the invariant for the Adobe round. Check empty, single item, duplicate, and boundary cases. Submit only after the sample and hidden-style cases follow the same logic.",Hard
"Uber Segment Tree Query Engine 7 Segment Trees Uber Deloitte Company Wise Uber placement-style challenge focused on Segment Trees. You are given a compact assessment input and must apply range queries and logarithmic updates. Explain your approach, handle edge cases, and return the required output exactly. 1 <= n <= 100000
Input values fit inside signed 32-bit integers.
Optimized solutions should target O(N log N) or better unless the prompt requires range structures. Identify the Segment Trees pattern before coding. Use range queries and logarithmic updates instead of brute force whenever possible. Write down the invariant for the Uber round. Check empty, single item, duplicate, and boundary cases. Submit only after the sample and hidden-style cases follow the same logic.",Easy
"Airbnb Bitmask Eligibility Filter 7 Bit Manipulation Airbnb Swiggy Company Wise Airbnb placement-style challenge focused on Bit Manipulation. You are given a compact assessment input and must apply xor, masks, and binary flags. Explain your approach, handle edge cases, and return the required output exactly. 1 <= n <= 100000
Input values fit inside signed 32-bit integers.
Optimized solutions should target O(N log N) or better unless the prompt requires range structures. Identify the Bit Manipulation pattern before coding. Use xor, masks, and binary flags instead of brute force whenever possible. Write down the invariant for the Airbnb round. Check empty, single item, duplicate, and boundary cases. Submit only after the sample and hidden-style cases follow the same logic.",Medium
"Stripe Sliding Window Signal 7 Sliding Window Stripe Microsoft Company Wise Stripe placement-style challenge focused on Sliding Window. You are given a compact assessment input and must apply expand-shrink window invariants. Explain your approach, handle edge cases, and return the required output exactly. 1 <= n <= 100000
Input values fit inside signed 32-bit integers.
Optimized solutions should target O(N log N) or better unless the prompt requires range structures. Identify the Sliding Window pattern before coding. Use expand-shrink window invariants instead of brute force whenever possible. Write down the invariant for the Stripe round. Check empty, single item, duplicate, and boundary cases. Submit only after the sample and hidden-style cases follow the same logic.",Hard
"Salesforce Two Pointer Interview Sweep 7 Two Pointers Salesforce Stripe Company Wise Salesforce placement-style challenge focused on Two Pointers. You are given a compact assessment input and must apply sorted scans and converging pointers. Explain your approach, handle edge cases, and return the required output exactly. 1 <= n <= 100000
Input values fit inside signed 32-bit integers.
Optimized solutions should target O(N log N) or better unless the prompt requires range structures. Identify the Two Pointers pattern before coding. Use sorted scans and converging pointers instead of brute force whenever possible. Write down the invariant for the Salesforce round. Check empty, single item, duplicate, and boundary cases. Submit only after the sample and hidden-style cases follow the same logic.",Easy
"Oracle System Constraint Challenge 7 Advanced Interview Problems Oracle Capgemini Company Wise Oracle placement-style challenge focused on Advanced Interview Problems. You are given a compact assessment input and must apply hybrid algorithms and edge-case analysis. Explain your approach, handle edge cases, and return the required output exactly. 1 <= n <= 100000
Input values fit inside signed 32-bit integers.
Optimized solutions should target O(N log N) or better unless the prompt requires range structures. Identify the Advanced Interview Problems pattern before coding. Use hybrid algorithms and edge-case analysis instead of brute force whenever possible. Write down the invariant for the Oracle round. Check empty, single item, duplicate, and boundary cases. Submit only after the sample and hidden-style cases follow the same logic.",Medium
"TCS Array Window Balancer 8 Arrays TCS Cisco Company Wise TCS placement-style challenge focused on Arrays. You are given a compact assessment input and must apply prefix sums, hashing, and careful index bounds. Explain your approach, handle edge cases, and return the required output exactly. 1 <= n <= 100000
Input values fit inside signed 32-bit integers.
Optimized solutions should target O(N log N) or better unless the prompt requires range structures. Identify the Arrays pattern before coding. Use prefix sums, hashing, and careful index bounds instead of brute force whenever possible. Write down the invariant for the TCS round. Check empty, single item, duplicate, and boundary cases. Submit only after the sample and hidden-style cases follow the same logic.",Hard
"Infosys String Pattern Normalizer 8 Strings Infosys Razorpay Company Wise Infosys placement-style challenge focused on Strings. You are given a compact assessment input and must apply frequency tables, two pointers, and case handling. Explain your approach, handle edge cases, and return the required output exactly. 1 <= n <= 100000
Input values fit inside signed 32-bit integers.
Optimized solutions should target O(N log N) or better unless the prompt requires range structures. Identify the Strings pattern before coding. Use frequency tables, two pointers, and case handling instead of brute force whenever possible. Write down the invariant for the Infosys round. Check empty, single item, duplicate, and boundary cases. Submit only after the sample and hidden-style cases follow the same logic.",Easy
"Wipro Linked List Pointer Repair 8 Linked Lists Wipro Netflix Company Wise Wipro placement-style challenge focused on Linked Lists. You are given a compact assessment input and must apply slow-fast pointers and safe node relinking. Explain your approach, handle edge cases, and return the required output exactly. 1 <= n <= 100000
Input values fit inside signed 32-bit integers.
Optimized solutions should target O(N log N) or better unless the prompt requires range structures. Identify the Linked Lists pattern before coding. Use slow-fast pointers and safe node relinking instead of brute force whenever possible. Write down the invariant for the Wipro round. Check empty, single item, duplicate, and boundary cases. Submit only after the sample and hidden-style cases follow the same logic.",Medium
"Accenture Stack Sequence Validator 8 Stacks Accenture TCS Company Wise Accenture placement-style challenge focused on Stacks. You are given a compact assessment input and must apply monotonic stacks and bracket-style simulation. Explain your approach, handle edge cases, and return the required output exactly. 1 <= n <= 100000
Input values fit inside signed 32-bit integers.
Optimized solutions should target O(N log N) or better unless the prompt requires range structures. Identify the Stacks pattern before coding. Use monotonic stacks and bracket-style simulation instead of brute force whenever possible. Write down the invariant for the Accenture round. Check empty, single item, duplicate, and boundary cases. Submit only after the sample and hidden-style cases follow the same logic.",Hard
"Capgemini Queue Throughput Scheduler 8 Queues Capgemini JP Morgan Company Wise Capgemini placement-style challenge focused on Queues. You are given a compact assessment input and must apply FIFO windows, deques, and event ordering. Explain your approach, handle edge cases, and return the required output exactly. 1 <= n <= 100000
Input values fit inside signed 32-bit integers.
Optimized solutions should target O(N log N) or better unless the prompt requires range structures. Identify the Queues pattern before coding. Use FIFO windows, deques, and event ordering instead of brute force whenever possible. Write down the invariant for the Capgemini round. Check empty, single item, duplicate, and boundary cases. Submit only after the sample and hidden-style cases follow the same logic.",Easy
"Cognizant Hash Map Collision Resolver 8 Hashing Cognizant Flipkart Company Wise Cognizant placement-style challenge focused on Hashing. You are given a compact assessment input and must apply constant-time lookup and duplicate tracking. Explain your approach, handle edge cases, and return the required output exactly. 1 <= n <= 100000
Input values fit inside signed 32-bit integers.
Optimized solutions should target O(N log N) or better unless the prompt requires range structures. Identify the Hashing pattern before coding. Use constant-time lookup and duplicate tracking instead of brute force whenever possible. Write down the invariant for the Cognizant round. Check empty, single item, duplicate, and boundary cases. Submit only after the sample and hidden-style cases follow the same logic.",Medium
"Goldman Sachs Binary Tree Path Auditor 8 Trees Goldman Sachs Google Company Wise Goldman Sachs placement-style challenge focused on Trees. You are given a compact assessment input and must apply DFS traversal, recursion, and path accumulation. Explain your approach, handle edge cases, and return the required output exactly. 1 <= n <= 100000
Input values fit inside signed 32-bit integers.
Optimized solutions should target O(N log N) or better unless the prompt requires range structures. Identify the Trees pattern before coding. Use DFS traversal, recursion, and path accumulation instead of brute force whenever possible. Write down the invariant for the Goldman Sachs round. Check empty, single item, duplicate, and boundary cases. Submit only after the sample and hidden-style cases follow the same logic.",Hard
"JP Morgan BST Range Inspector 8 Binary Search Trees JP Morgan Airbnb Company Wise JP Morgan placement-style challenge focused on Binary Search Trees. You are given a compact assessment input and must apply ordered traversal and lower/upper bounds. Explain your approach, handle edge cases, and return the required output exactly. 1 <= n <= 100000
Input values fit inside signed 32-bit integers.
Optimized solutions should target O(N log N) or better unless the prompt requires range structures. Identify the Binary Search Trees pattern before coding. Use ordered traversal and lower/upper bounds instead of brute force whenever possible. Write down the invariant for the JP Morgan round. Check empty, single item, duplicate, and boundary cases. Submit only after the sample and hidden-style cases follow the same logic.",Easy
"Deloitte Priority Heap Ranker 8 Heaps Deloitte Accenture Company Wise Deloitte placement-style challenge focused on Heaps. You are given a compact assessment input and must apply top-k selection and priority queue maintenance. Explain your approach, handle edge cases, and return the required output exactly. 1 <= n <= 100000
Input values fit inside signed 32-bit integers.
Optimized solutions should target O(N log N) or better unless the prompt requires range structures. Identify the Heaps pattern before coding. Use top-k selection and priority queue maintenance instead of brute force whenever possible. Write down the invariant for the Deloitte round. Check empty, single item, duplicate, and boundary cases. Submit only after the sample and hidden-style cases follow the same logic.",Medium
"PayPal Graph Route Planner 8 Graphs PayPal Atlassian Company Wise PayPal placement-style challenge focused on Graphs. You are given a compact assessment input and must apply BFS, DFS, connected components, and cycle checks. Explain your approach, handle edge cases, and return the required output exactly. 1 <= n <= 100000
Input values fit inside signed 32-bit integers.
Optimized solutions should target O(N log N) or better unless the prompt requires range structures. Identify the Graphs pattern before coding. Use BFS, DFS, connected components, and cycle checks instead of brute force whenever possible. Write down the invariant for the PayPal round. Check empty, single item, duplicate, and boundary cases. Submit only after the sample and hidden-style cases follow the same logic.",Hard
"Atlassian Recursive State Explorer 8 Recursion Atlassian PhonePe Company Wise Atlassian placement-style challenge focused on Recursion. You are given a compact assessment input and must apply base cases and state transition trees. Explain your approach, handle edge cases, and return the required output exactly. 1 <= n <= 100000
Input values fit inside signed 32-bit integers.
Optimized solutions should target O(N log N) or better unless the prompt requires range structures. Identify the Recursion pattern before coding. Use base cases and state transition trees instead of brute force whenever possible. Write down the invariant for the Atlassian round. Check empty, single item, duplicate, and boundary cases. Submit only after the sample and hidden-style cases follow the same logic.",Easy
"Cisco Backtracking Choice Builder 8 Backtracking Cisco Apple Company Wise Cisco placement-style challenge focused on Backtracking. You are given a compact assessment input and must apply choose-explore-unchoose search. Explain your approach, handle edge cases, and return the required output exactly. 1 <= n <= 100000
Input values fit inside signed 32-bit integers.
Optimized solutions should target O(N log N) or better unless the prompt requires range structures. Identify the Backtracking pattern before coding. Use choose-explore-unchoose search instead of brute force whenever possible. Write down the invariant for the Cisco round. Check empty, single item, duplicate, and boundary cases. Submit only after the sample and hidden-style cases follow the same logic.",Medium
"Intel Greedy Placement Optimizer 8 Greedy Algorithms Intel Oracle Company Wise Intel placement-style challenge focused on Greedy Algorithms. You are given a compact assessment input and must apply local optimal choices and sorting. Explain your approach, handle edge cases, and return the required output exactly. 1 <= n <= 100000
Input values fit inside signed 32-bit integers.
Optimized solutions should target O(N log N) or better unless the prompt requires range structures. Identify the Greedy Algorithms pattern before coding. Use local optimal choices and sorting instead of brute force whenever possible. Write down the invariant for the Intel round. Check empty, single item, duplicate, and boundary cases. Submit only after the sample and hidden-style cases follow the same logic.",Hard
"NVIDIA DP Interview Grid 8 Dynamic Programming NVIDIA Goldman Sachs Company Wise NVIDIA placement-style challenge focused on Dynamic Programming. You are given a compact assessment input and must apply memoization, tabulation, and transitions. Explain your approach, handle edge cases, and return the required output exactly. 1 <= n <= 100000
Input values fit inside signed 32-bit integers.
Optimized solutions should target O(N log N) or better unless the prompt requires range structures. Identify the Dynamic Programming pattern before coding. Use memoization, tabulation, and transitions instead of brute force whenever possible. Write down the invariant for the NVIDIA round. Check empty, single item, duplicate, and boundary cases. Submit only after the sample and hidden-style cases follow the same logic.",Easy
"Flipkart Trie Prefix Directory 8 Tries Flipkart NVIDIA Company Wise Flipkart placement-style challenge focused on Tries. You are given a compact assessment input and must apply prefix trees and character edges. Explain your approach, handle edge cases, and return the required output exactly. 1 <= n <= 100000
Input values fit inside signed 32-bit integers.
Optimized solutions should target O(N log N) or better unless the prompt requires range structures. Identify the Tries pattern before coding. Use prefix trees and character edges instead of brute force whenever possible. Write down the invariant for the Flipkart round. Check empty, single item, duplicate, and boundary cases. Submit only after the sample and hidden-style cases follow the same logic.",Medium
"Swiggy Segment Tree Query Engine 8 Segment Trees Swiggy Amazon Company Wise Swiggy placement-style challenge focused on Segment Trees. You are given a compact assessment input and must apply range queries and logarithmic updates. Explain your approach, handle edge cases, and return the required output exactly. 1 <= n <= 100000
Input values fit inside signed 32-bit integers.
Optimized solutions should target O(N log N) or better unless the prompt requires range structures. Identify the Segment Trees pattern before coding. Use range queries and logarithmic updates instead of brute force whenever possible. Write down the invariant for the Swiggy round. Check empty, single item, duplicate, and boundary cases. Submit only after the sample and hidden-style cases follow the same logic.",Hard
"Zomato Bitmask Eligibility Filter 8 Bit Manipulation Zomato Uber Company Wise Zomato placement-style challenge focused on Bit Manipulation. You are given a compact assessment input and must apply xor, masks, and binary flags. Explain your approach, handle edge cases, and return the required output exactly. 1 <= n <= 100000
Input values fit inside signed 32-bit integers.
Optimized solutions should target O(N log N) or better unless the prompt requires range structures. Identify the Bit Manipulation pattern before coding. Use xor, masks, and binary flags instead of brute force whenever possible. Write down the invariant for the Zomato round. Check empty, single item, duplicate, and boundary cases. Submit only after the sample and hidden-style cases follow the same logic.",Easy
"PhonePe Sliding Window Signal 8 Sliding Window PhonePe Wipro Company Wise PhonePe placement-style challenge focused on Sliding Window. You are given a compact assessment input and must apply expand-shrink window invariants. Explain your approach, handle edge cases, and return the required output exactly. 1 <= n <= 100000
Input values fit inside signed 32-bit integers.
Optimized solutions should target O(N log N) or better unless the prompt requires range structures. Identify the Sliding Window pattern before coding. Use expand-shrink window invariants instead of brute force whenever possible. Write down the invariant for the PhonePe round. Check empty, single item, duplicate, and boundary cases. Submit only after the sample and hidden-style cases follow the same logic.",Medium
"Razorpay Two Pointer Interview Sweep 8 Two Pointers Razorpay PayPal Company Wise Razorpay placement-style challenge focused on Two Pointers. You are given a compact assessment input and must apply sorted scans and converging pointers. Explain your approach, handle edge cases, and return the required output exactly. 1 <= n <= 100000
Input values fit inside signed 32-bit integers.
Optimized solutions should target O(N log N) or better unless the prompt requires range structures. Identify the Two Pointers pattern before coding. Use sorted scans and converging pointers instead of brute force whenever possible. Write down the invariant for the Razorpay round. Check empty, single item, duplicate, and boundary cases. Submit only after the sample and hidden-style cases follow the same logic.",Hard
"Zoho System Constraint Challenge 8 Advanced Interview Problems Zoho Zomato Company Wise Zoho placement-style challenge focused on Advanced Interview Problems. You are given a compact assessment input and must apply hybrid algorithms and edge-case analysis. Explain your approach, handle edge cases, and return the required output exactly. 1 <= n <= 100000
Input values fit inside signed 32-bit integers.
Optimized solutions should target O(N log N) or better unless the prompt requires range structures. Identify the Advanced Interview Problems pattern before coding. Use hybrid algorithms and edge-case analysis instead of brute force whenever possible. Write down the invariant for the Zoho round. Check empty, single item, duplicate, and boundary cases. Submit only after the sample and hidden-style cases follow the same logic.",Easy
"Amazon Array Window Balancer 9 Arrays Amazon Meta Company Wise Amazon placement-style challenge focused on Arrays. You are given a compact assessment input and must apply prefix sums, hashing, and careful index bounds. Explain your approach, handle edge cases, and return the required output exactly. 1 <= n <= 100000
Input values fit inside signed 32-bit integers.
Optimized solutions should target O(N log N) or better unless the prompt requires range structures. Identify the Arrays pattern before coding. Use prefix sums, hashing, and careful index bounds instead of brute force whenever possible. Write down the invariant for the Amazon round. Check empty, single item, duplicate, and boundary cases. Submit only after the sample and hidden-style cases follow the same logic.",Medium
"Google String Pattern Normalizer 9 Strings Google Salesforce Company Wise Google placement-style challenge focused on Strings. You are given a compact assessment input and must apply frequency tables, two pointers, and case handling. Explain your approach, handle edge cases, and return the required output exactly. 1 <= n <= 100000
Input values fit inside signed 32-bit integers.
Optimized solutions should target O(N log N) or better unless the prompt requires range structures. Identify the Strings pattern before coding. Use frequency tables, two pointers, and case handling instead of brute force whenever possible. Write down the invariant for the Google round. Check empty, single item, duplicate, and boundary cases. Submit only after the sample and hidden-style cases follow the same logic.",Hard
"Microsoft Linked List Pointer Repair 9 Linked Lists Microsoft Cognizant Company Wise Microsoft placement-style challenge focused on Linked Lists. You are given a compact assessment input and must apply slow-fast pointers and safe node relinking. Explain your approach, handle edge cases, and return the required output exactly. 1 <= n <= 100000
Input values fit inside signed 32-bit integers.
Optimized solutions should target O(N log N) or better unless the prompt requires range structures. Identify the Linked Lists pattern before coding. Use slow-fast pointers and safe node relinking instead of brute force whenever possible. Write down the invariant for the Microsoft round. Check empty, single item, duplicate, and boundary cases. Submit only after the sample and hidden-style cases follow the same logic.",Easy
"Meta Stack Sequence Validator 9 Stacks Meta Intel Company Wise Meta placement-style challenge focused on Stacks. You are given a compact assessment input and must apply monotonic stacks and bracket-style simulation. Explain your approach, handle edge cases, and return the required output exactly. 1 <= n <= 100000
Input values fit inside signed 32-bit integers.
Optimized solutions should target O(N log N) or better unless the prompt requires range structures. Identify the Stacks pattern before coding. Use monotonic stacks and bracket-style simulation instead of brute force whenever possible. Write down the invariant for the Meta round. Check empty, single item, duplicate, and boundary cases. Submit only after the sample and hidden-style cases follow the same logic.",Medium
"Apple Queue Throughput Scheduler 9 Queues Apple Zoho Company Wise Apple placement-style challenge focused on Queues. You are given a compact assessment input and must apply FIFO windows, deques, and event ordering. Explain your approach, handle edge cases, and return the required output exactly. 1 <= n <= 100000
Input values fit inside signed 32-bit integers.
Optimized solutions should target O(N log N) or better unless the prompt requires range structures. Identify the Queues pattern before coding. Use FIFO windows, deques, and event ordering instead of brute force whenever possible. Write down the invariant for the Apple round. Check empty, single item, duplicate, and boundary cases. Submit only after the sample and hidden-style cases follow the same logic.",Hard
"Netflix Hash Map Collision Resolver 9 Hashing Netflix Adobe Company Wise Netflix placement-style challenge focused on Hashing. You are given a compact assessment input and must apply constant-time lookup and duplicate tracking. Explain your approach, handle edge cases, and return the required output exactly. 1 <= n <= 100000
Input values fit inside signed 32-bit integers.
Optimized solutions should target O(N log N) or better unless the prompt requires range structures. Identify the Hashing pattern before coding. Use constant-time lookup and duplicate tracking instead of brute force whenever possible. Write down the invariant for the Netflix round. Check empty, single item, duplicate, and boundary cases. Submit only after the sample and hidden-style cases follow the same logic.",Easy
"Adobe Binary Tree Path Auditor 9 Trees Adobe Infosys Company Wise Adobe placement-style challenge focused on Trees. You are given a compact assessment input and must apply DFS traversal, recursion, and path accumulation. Explain your approach, handle edge cases, and return the required output exactly. 1 <= n <= 100000
Input values fit inside signed 32-bit integers.
Optimized solutions should target O(N log N) or better unless the prompt requires range structures. Identify the Trees pattern before coding. Use DFS traversal, recursion, and path accumulation instead of brute force whenever possible. Write down the invariant for the Adobe round. Check empty, single item, duplicate, and boundary cases. Submit only after the sample and hidden-style cases follow the same logic.",Medium
"Uber BST Range Inspector 9 Binary Search Trees Uber Deloitte Company Wise Uber placement-style challenge focused on Binary Search Trees. You are given a compact assessment input and must apply ordered traversal and lower/upper bounds. Explain your approach, handle edge cases, and return the required output exactly. 1 <= n <= 100000
Input values fit inside signed 32-bit integers.
Optimized solutions should target O(N log N) or better unless the prompt requires range structures. Identify the Binary Search Trees pattern before coding. Use ordered traversal and lower/upper bounds instead of brute force whenever possible. Write down the invariant for the Uber round. Check empty, single item, duplicate, and boundary cases. Submit only after the sample and hidden-style cases follow the same logic.",Hard
"Airbnb Priority Heap Ranker 9 Heaps Airbnb Swiggy Company Wise Airbnb placement-style challenge focused on Heaps. You are given a compact assessment input and must apply top-k selection and priority queue maintenance. Explain your approach, handle edge cases, and return the required output exactly. 1 <= n <= 100000
Input values fit inside signed 32-bit integers.
Optimized solutions should target O(N log N) or better unless the prompt requires range structures. Identify the Heaps pattern before coding. Use top-k selection and priority queue maintenance instead of brute force whenever possible. Write down the invariant for the Airbnb round. Check empty, single item, duplicate, and boundary cases. Submit only after the sample and hidden-style cases follow the same logic.",Easy
"Stripe Graph Route Planner 9 Graphs Stripe Microsoft Company Wise Stripe placement-style challenge focused on Graphs. You are given a compact assessment input and must apply BFS, DFS, connected components, and cycle checks. Explain your approach, handle edge cases, and return the required output exactly. 1 <= n <= 100000
Input values fit inside signed 32-bit integers.
Optimized solutions should target O(N log N) or better unless the prompt requires range structures. Identify the Graphs pattern before coding. Use BFS, DFS, connected components, and cycle checks instead of brute force whenever possible. Write down the invariant for the Stripe round. Check empty, single item, duplicate, and boundary cases. Submit only after the sample and hidden-style cases follow the same logic.",Medium
"Salesforce Recursive State Explorer 9 Recursion Salesforce Stripe Company Wise Salesforce placement-style challenge focused on Recursion. You are given a compact assessment input and must apply base cases and state transition trees. Explain your approach, handle edge cases, and return the required output exactly. 1 <= n <= 100000
Input values fit inside signed 32-bit integers.
Optimized solutions should target O(N log N) or better unless the prompt requires range structures. Identify the Recursion pattern before coding. Use base cases and state transition trees instead of brute force whenever possible. Write down the invariant for the Salesforce round. Check empty, single item, duplicate, and boundary cases. Submit only after the sample and hidden-style cases follow the same logic.",Hard
"Oracle Backtracking Choice Builder 9 Backtracking Oracle Capgemini Company Wise Oracle placement-style challenge focused on Backtracking. You are given a compact assessment input and must apply choose-explore-unchoose search. Explain your approach, handle edge cases, and return the required output exactly. 1 <= n <= 100000
Input values fit inside signed 32-bit integers.
Optimized solutions should target O(N log N) or better unless the prompt requires range structures. Identify the Backtracking pattern before coding. Use choose-explore-unchoose search instead of brute force whenever possible. Write down the invariant for the Oracle round. Check empty, single item, duplicate, and boundary cases. Submit only after the sample and hidden-style cases follow the same logic.",Easy
"TCS Greedy Placement Optimizer 9 Greedy Algorithms TCS Cisco Company Wise TCS placement-style challenge focused on Greedy Algorithms. You are given a compact assessment input and must apply local optimal choices and sorting. Explain your approach, handle edge cases, and return the required output exactly. 1 <= n <= 100000
Input values fit inside signed 32-bit integers.
Optimized solutions should target O(N log N) or better unless the prompt requires range structures. Identify the Greedy Algorithms pattern before coding. Use local optimal choices and sorting instead of brute force whenever possible. Write down the invariant for the TCS round. Check empty, single item, duplicate, and boundary cases. Submit only after the sample and hidden-style cases follow the same logic.",Medium
"Infosys DP Interview Grid 9 Dynamic Programming Infosys Razorpay Company Wise Infosys placement-style challenge focused on Dynamic Programming. You are given a compact assessment input and must apply memoization, tabulation, and transitions. Explain your approach, handle edge cases, and return the required output exactly. 1 <= n <= 100000
Input values fit inside signed 32-bit integers.
Optimized solutions should target O(N log N) or better unless the prompt requires range structures. Identify the Dynamic Programming pattern before coding. Use memoization, tabulation, and transitions instead of brute force whenever possible. Write down the invariant for the Infosys round. Check empty, single item, duplicate, and boundary cases. Submit only after the sample and hidden-style cases follow the same logic.",Hard
"Wipro Trie Prefix Directory 9 Tries Wipro Netflix Company Wise Wipro placement-style challenge focused on Tries. You are given a compact assessment input and must apply prefix trees and character edges. Explain your approach, handle edge cases, and return the required output exactly. 1 <= n <= 100000
Input values fit inside signed 32-bit integers.
Optimized solutions should target O(N log N) or better unless the prompt requires range structures. Identify the Tries pattern before coding. Use prefix trees and character edges instead of brute force whenever possible. Write down the invariant for the Wipro round. Check empty, single item, duplicate, and boundary cases. Submit only after the sample and hidden-style cases follow the same logic.",Easy
"Accenture Segment Tree Query Engine 9 Segment Trees Accenture TCS Company Wise Accenture placement-style challenge focused on Segment Trees. You are given a compact assessment input and must apply range queries and logarithmic updates. Explain your approach, handle edge cases, and return the required output exactly. 1 <= n <= 100000
Input values fit inside signed 32-bit integers.
Optimized solutions should target O(N log N) or better unless the prompt requires range structures. Identify the Segment Trees pattern before coding. Use range queries and logarithmic updates instead of brute force whenever possible. Write down the invariant for the Accenture round. Check empty, single item, duplicate, and boundary cases. Submit only after the sample and hidden-style cases follow the same logic.",Medium
"Capgemini Bitmask Eligibility Filter 9 Bit Manipulation Capgemini JP Morgan Company Wise Capgemini placement-style challenge focused on Bit Manipulation. You are given a compact assessment input and must apply xor, masks, and binary flags. Explain your approach, handle edge cases, and return the required output exactly. 1 <= n <= 100000
Input values fit inside signed 32-bit integers.
Optimized solutions should target O(N log N) or better unless the prompt requires range structures. Identify the Bit Manipulation pattern before coding. Use xor, masks, and binary flags instead of brute force whenever possible. Write down the invariant for the Capgemini round. Check empty, single item, duplicate, and boundary cases. Submit only after the sample and hidden-style cases follow the same logic.",Hard
"Cognizant Sliding Window Signal 9 Sliding Window Cognizant Flipkart Company Wise Cognizant placement-style challenge focused on Sliding Window. You are given a compact assessment input and must apply expand-shrink window invariants. Explain your approach, handle edge cases, and return the required output exactly. 1 <= n <= 100000
Input values fit inside signed 32-bit integers.
Optimized solutions should target O(N log N) or better unless the prompt requires range structures. Identify the Sliding Window pattern before coding. Use expand-shrink window invariants instead of brute force whenever possible. Write down the invariant for the Cognizant round. Check empty, single item, duplicate, and boundary cases. Submit only after the sample and hidden-style cases follow the same logic.",Easy
"Goldman Sachs Two Pointer Interview Sweep 9 Two Pointers Goldman Sachs Google Company Wise Goldman Sachs placement-style challenge focused on Two Pointers. You are given a compact assessment input and must apply sorted scans and converging pointers. Explain your approach, handle edge cases, and return the required output exactly. 1 <= n <= 100000
Input values fit inside signed 32-bit integers.
Optimized solutions should target O(N log N) or better unless the prompt requires range structures. Identify the Two Pointers pattern before coding. Use sorted scans and converging pointers instead of brute force whenever possible. Write down the invariant for the Goldman Sachs round. Check empty, single item, duplicate, and boundary cases. Submit only after the sample and hidden-style cases follow the same logic.",Medium
"JP Morgan System Constraint Challenge 9 Advanced Interview Problems JP Morgan Airbnb Company Wise JP Morgan placement-style challenge focused on Advanced Interview Problems. You are given a compact assessment input and must apply hybrid algorithms and edge-case analysis. Explain your approach, handle edge cases, and return the required output exactly. 1 <= n <= 100000
Input values fit inside signed 32-bit integers.
Optimized solutions should target O(N log N) or better unless the prompt requires range structures. Identify the Advanced Interview Problems pattern before coding. Use hybrid algorithms and edge-case analysis instead of brute force whenever possible. Write down the invariant for the JP Morgan round. Check empty, single item, duplicate, and boundary cases. Submit only after the sample and hidden-style cases follow the same logic.",Hard
"Deloitte Array Window Balancer 10 Arrays Deloitte Accenture Company Wise Deloitte placement-style challenge focused on Arrays. You are given a compact assessment input and must apply prefix sums, hashing, and careful index bounds. Explain your approach, handle edge cases, and return the required output exactly. 1 <= n <= 100000
Input values fit inside signed 32-bit integers.
Optimized solutions should target O(N log N) or better unless the prompt requires range structures. Identify the Arrays pattern before coding. Use prefix sums, hashing, and careful index bounds instead of brute force whenever possible. Write down the invariant for the Deloitte round. Check empty, single item, duplicate, and boundary cases. Submit only after the sample and hidden-style cases follow the same logic.",Easy
"PayPal String Pattern Normalizer 10 Strings PayPal Atlassian Company Wise PayPal placement-style challenge focused on Strings. You are given a compact assessment input and must apply frequency tables, two pointers, and case handling. Explain your approach, handle edge cases, and return the required output exactly. 1 <= n <= 100000
Input values fit inside signed 32-bit integers.
Optimized solutions should target O(N log N) or better unless the prompt requires range structures. Identify the Strings pattern before coding. Use frequency tables, two pointers, and case handling instead of brute force whenever possible. Write down the invariant for the PayPal round. Check empty, single item, duplicate, and boundary cases. Submit only after the sample and hidden-style cases follow the same logic.",Medium
"Atlassian Linked List Pointer Repair 10 Linked Lists Atlassian PhonePe Company Wise Atlassian placement-style challenge focused on Linked Lists. You are given a compact assessment input and must apply slow-fast pointers and safe node relinking. Explain your approach, handle edge cases, and return the required output exactly. 1 <= n <= 100000
Input values fit inside signed 32-bit integers.
Optimized solutions should target O(N log N) or better unless the prompt requires range structures. Identify the Linked Lists pattern before coding. Use slow-fast pointers and safe node relinking instead of brute force whenever possible. Write down the invariant for the Atlassian round. Check empty, single item, duplicate, and boundary cases. Submit only after the sample and hidden-style cases follow the same logic.",Hard
"Cisco Stack Sequence Validator 10 Stacks Cisco Apple Company Wise Cisco placement-style challenge focused on Stacks. You are given a compact assessment input and must apply monotonic stacks and bracket-style simulation. Explain your approach, handle edge cases, and return the required output exactly. 1 <= n <= 100000
Input values fit inside signed 32-bit integers.
Optimized solutions should target O(N log N) or better unless the prompt requires range structures. Identify the Stacks pattern before coding. Use monotonic stacks and bracket-style simulation instead of brute force whenever possible. Write down the invariant for the Cisco round. Check empty, single item, duplicate, and boundary cases. Submit only after the sample and hidden-style cases follow the same logic.",Easy
"Intel Queue Throughput Scheduler 10 Queues Intel Oracle Company Wise Intel placement-style challenge focused on Queues. You are given a compact assessment input and must apply FIFO windows, deques, and event ordering. Explain your approach, handle edge cases, and return the required output exactly. 1 <= n <= 100000
Input values fit inside signed 32-bit integers.
Optimized solutions should target O(N log N) or better unless the prompt requires range structures. Identify the Queues pattern before coding. Use FIFO windows, deques, and event ordering instead of brute force whenever possible. Write down the invariant for the Intel round. Check empty, single item, duplicate, and boundary cases. Submit only after the sample and hidden-style cases follow the same logic.",Medium
"NVIDIA Hash Map Collision Resolver 10 Hashing NVIDIA Goldman Sachs Company Wise NVIDIA placement-style challenge focused on Hashing. You are given a compact assessment input and must apply constant-time lookup and duplicate tracking. Explain your approach, handle edge cases, and return the required output exactly. 1 <= n <= 100000
Input values fit inside signed 32-bit integers.
Optimized solutions should target O(N log N) or better unless the prompt requires range structures. Identify the Hashing pattern before coding. Use constant-time lookup and duplicate tracking instead of brute force whenever possible. Write down the invariant for the NVIDIA round. Check empty, single item, duplicate, and boundary cases. Submit only after the sample and hidden-style cases follow the same logic.",Hard
"Flipkart Binary Tree Path Auditor 10 Trees Flipkart NVIDIA Company Wise Flipkart placement-style challenge focused on Trees. You are given a compact assessment input and must apply DFS traversal, recursion, and path accumulation. Explain your approach, handle edge cases, and return the required output exactly. 1 <= n <= 100000
Input values fit inside signed 32-bit integers.
Optimized solutions should target O(N log N) or better unless the prompt requires range structures. Identify the Trees pattern before coding. Use DFS traversal, recursion, and path accumulation instead of brute force whenever possible. Write down the invariant for the Flipkart round. Check empty, single item, duplicate, and boundary cases. Submit only after the sample and hidden-style cases follow the same logic.",Easy
"Swiggy BST Range Inspector 10 Binary Search Trees Swiggy Amazon Company Wise Swiggy placement-style challenge focused on Binary Search Trees. You are given a compact assessment input and must apply ordered traversal and lower/upper bounds. Explain your approach, handle edge cases, and return the required output exactly. 1 <= n <= 100000
Input values fit inside signed 32-bit integers.
Optimized solutions should target O(N log N) or better unless the prompt requires range structures. Identify the Binary Search Trees pattern before coding. Use ordered traversal and lower/upper bounds instead of brute force whenever possible. Write down the invariant for the Swiggy round. Check empty, single item, duplicate, and boundary cases. Submit only after the sample and hidden-style cases follow the same logic.",Medium
"Zomato Priority Heap Ranker 10 Heaps Zomato Uber Company Wise Zomato placement-style challenge focused on Heaps. You are given a compact assessment input and must apply top-k selection and priority queue maintenance. Explain your approach, handle edge cases, and return the required output exactly. 1 <= n <= 100000
Input values fit inside signed 32-bit integers.
Optimized solutions should target O(N log N) or better unless the prompt requires range structures. Identify the Heaps pattern before coding. Use top-k selection and priority queue maintenance instead of brute force whenever possible. Write down the invariant for the Zomato round. Check empty, single item, duplicate, and boundary cases. Submit only after the sample and hidden-style cases follow the same logic.",Hard
"PhonePe Graph Route Planner 10 Graphs PhonePe Wipro Company Wise PhonePe placement-style challenge focused on Graphs. You are given a compact assessment input and must apply BFS, DFS, connected components, and cycle checks. Explain your approach, handle edge cases, and return the required output exactly. 1 <= n <= 100000
Input values fit inside signed 32-bit integers.
Optimized solutions should target O(N log N) or better unless the prompt requires range structures. Identify the Graphs pattern before coding. Use BFS, DFS, connected components, and cycle checks instead of brute force whenever possible. Write down the invariant for the PhonePe round. Check empty, single item, duplicate, and boundary cases. Submit only after the sample and hidden-style cases follow the same logic.",Easy
"Razorpay Recursive State Explorer 10 Recursion Razorpay PayPal Company Wise Razorpay placement-style challenge focused on Recursion. You are given a compact assessment input and must apply base cases and state transition trees. Explain your approach, handle edge cases, and return the required output exactly. 1 <= n <= 100000
Input values fit inside signed 32-bit integers.
Optimized solutions should target O(N log N) or better unless the prompt requires range structures. Identify the Recursion pattern before coding. Use base cases and state transition trees instead of brute force whenever possible. Write down the invariant for the Razorpay round. Check empty, single item, duplicate, and boundary cases. Submit only after the sample and hidden-style cases follow the same logic.",Medium
"Zoho Backtracking Choice Builder 10 Backtracking Zoho Zomato Company Wise Zoho placement-style challenge focused on Backtracking. You are given a compact assessment input and must apply choose-explore-unchoose search. Explain your approach, handle edge cases, and return the required output exactly. 1 <= n <= 100000
Input values fit inside signed 32-bit integers.
Optimized solutions should target O(N log N) or better unless the prompt requires range structures. Identify the Backtracking pattern before coding. Use choose-explore-unchoose search instead of brute force whenever possible. Write down the invariant for the Zoho round. Check empty, single item, duplicate, and boundary cases. Submit only after the sample and hidden-style cases follow the same logic.",Hard
"Amazon Greedy Placement Optimizer 10 Greedy Algorithms Amazon Meta Company Wise Amazon placement-style challenge focused on Greedy Algorithms. You are given a compact assessment input and must apply local optimal choices and sorting. Explain your approach, handle edge cases, and return the required output exactly. 1 <= n <= 100000
Input values fit inside signed 32-bit integers.
Optimized solutions should target O(N log N) or better unless the prompt requires range structures. Identify the Greedy Algorithms pattern before coding. Use local optimal choices and sorting instead of brute force whenever possible. Write down the invariant for the Amazon round. Check empty, single item, duplicate, and boundary cases. Submit only after the sample and hidden-style cases follow the same logic.",Easy
"Google DP Interview Grid 10 Dynamic Programming Google Salesforce Company Wise Google placement-style challenge focused on Dynamic Programming. You are given a compact assessment input and must apply memoization, tabulation, and transitions. Explain your approach, handle edge cases, and return the required output exactly. 1 <= n <= 100000
Input values fit inside signed 32-bit integers.
Optimized solutions should target O(N log N) or better unless the prompt requires range structures. Identify the Dynamic Programming pattern before coding. Use memoization, tabulation, and transitions instead of brute force whenever possible. Write down the invariant for the Google round. Check empty, single item, duplicate, and boundary cases. Submit only after the sample and hidden-style cases follow the same logic.",Medium
"Microsoft Trie Prefix Directory 10 Tries Microsoft Cognizant Company Wise Microsoft placement-style challenge focused on Tries. You are given a compact assessment input and must apply prefix trees and character edges. Explain your approach, handle edge cases, and return the required output exactly. 1 <= n <= 100000
Input values fit inside signed 32-bit integers.
Optimized solutions should target O(N log N) or better unless the prompt requires range structures. Identify the Tries pattern before coding. Use prefix trees and character edges instead of brute force whenever possible. Write down the invariant for the Microsoft round. Check empty, single item, duplicate, and boundary cases. Submit only after the sample and hidden-style cases follow the same logic.",Hard
"Meta Segment Tree Query Engine 10 Segment Trees Meta Intel Company Wise Meta placement-style challenge focused on Segment Trees. You are given a compact assessment input and must apply range queries and logarithmic updates. Explain your approach, handle edge cases, and return the required output exactly. 1 <= n <= 100000
Input values fit inside signed 32-bit integers.
Optimized solutions should target O(N log N) or better unless the prompt requires range structures. Identify the Segment Trees pattern before coding. Use range queries and logarithmic updates instead of brute force whenever possible. Write down the invariant for the Meta round. Check empty, single item, duplicate, and boundary cases. Submit only after the sample and hidden-style cases follow the same logic.",Easy
"Apple Bitmask Eligibility Filter 10 Bit Manipulation Apple Zoho Company Wise Apple placement-style challenge focused on Bit Manipulation. You are given a compact assessment input and must apply xor, masks, and binary flags. Explain your approach, handle edge cases, and return the required output exactly. 1 <= n <= 100000
Input values fit inside signed 32-bit integers.
Optimized solutions should target O(N log N) or better unless the prompt requires range structures. Identify the Bit Manipulation pattern before coding. Use xor, masks, and binary flags instead of brute force whenever possible. Write down the invariant for the Apple round. Check empty, single item, duplicate, and boundary cases. Submit only after the sample and hidden-style cases follow the same logic.",Medium
"Netflix Sliding Window Signal 10 Sliding Window Netflix Adobe Company Wise Netflix placement-style challenge focused on Sliding Window. You are given a compact assessment input and must apply expand-shrink window invariants. Explain your approach, handle edge cases, and return the required output exactly. 1 <= n <= 100000
Input values fit inside signed 32-bit integers.
Optimized solutions should target O(N log N) or better unless the prompt requires range structures. Identify the Sliding Window pattern before coding. Use expand-shrink window invariants instead of brute force whenever possible. Write down the invariant for the Netflix round. Check empty, single item, duplicate, and boundary cases. Submit only after the sample and hidden-style cases follow the same logic.",Hard
"Adobe Two Pointer Interview Sweep 10 Two Pointers Adobe Infosys Company Wise Adobe placement-style challenge focused on Two Pointers. You are given a compact assessment input and must apply sorted scans and converging pointers. Explain your approach, handle edge cases, and return the required output exactly. 1 <= n <= 100000
Input values fit inside signed 32-bit integers.
Optimized solutions should target O(N log N) or better unless the prompt requires range structures. Identify the Two Pointers pattern before coding. Use sorted scans and converging pointers instead of brute force whenever possible. Write down the invariant for the Adobe round. Check empty, single item, duplicate, and boundary cases. Submit only after the sample and hidden-style cases follow the same logic.",Easy
"Uber System Constraint Challenge 10 Advanced Interview Problems Uber Deloitte Company Wise Uber placement-style challenge focused on Advanced Interview Problems. You are given a compact assessment input and must apply hybrid algorithms and edge-case analysis. Explain your approach, handle edge cases, and return the required output exactly. 1 <= n <= 100000
Input values fit inside signed 32-bit integers.
Optimized solutions should target O(N log N) or better unless the prompt requires range structures. Identify the Advanced Interview Problems pattern before coding. Use hybrid algorithms and edge-case analysis instead of brute force whenever possible. Write down the invariant for the Uber round. Check empty, single item, duplicate, and boundary cases. Submit only after the sample and hidden-style cases follow the same logic.",Medium
"Airbnb Array Window Balancer 11 Arrays Airbnb Swiggy Company Wise Airbnb placement-style challenge focused on Arrays. You are given a compact assessment input and must apply prefix sums, hashing, and careful index bounds. Explain your approach, handle edge cases, and return the required output exactly. 1 <= n <= 100000
Input values fit inside signed 32-bit integers.
Optimized solutions should target O(N log N) or better unless the prompt requires range structures. Identify the Arrays pattern before coding. Use prefix sums, hashing, and careful index bounds instead of brute force whenever possible. Write down the invariant for the Airbnb round. Check empty, single item, duplicate, and boundary cases. Submit only after the sample and hidden-style cases follow the same logic.",Hard
"Stripe String Pattern Normalizer 11 Strings Stripe Microsoft Company Wise Stripe placement-style challenge focused on Strings. You are given a compact assessment input and must apply frequency tables, two pointers, and case handling. Explain your approach, handle edge cases, and return the required output exactly. 1 <= n <= 100000
Input values fit inside signed 32-bit integers.
Optimized solutions should target O(N log N) or better unless the prompt requires range structures. Identify the Strings pattern before coding. Use frequency tables, two pointers, and case handling instead of brute force whenever possible. Write down the invariant for the Stripe round. Check empty, single item, duplicate, and boundary cases. Submit only after the sample and hidden-style cases follow the same logic.",Easy
"Salesforce Linked List Pointer Repair 11 Linked Lists Salesforce Stripe Company Wise Salesforce placement-style challenge focused on Linked Lists. You are given a compact assessment input and must apply slow-fast pointers and safe node relinking. Explain your approach, handle edge cases, and return the required output exactly. 1 <= n <= 100000
Input values fit inside signed 32-bit integers.
Optimized solutions should target O(N log N) or better unless the prompt requires range structures. Identify the Linked Lists pattern before coding. Use slow-fast pointers and safe node relinking instead of brute force whenever possible. Write down the invariant for the Salesforce round. Check empty, single item, duplicate, and boundary cases. Submit only after the sample and hidden-style cases follow the same logic.",Medium
"Oracle Stack Sequence Validator 11 Stacks Oracle Capgemini Company Wise Oracle placement-style challenge focused on Stacks. You are given a compact assessment input and must apply monotonic stacks and bracket-style simulation. Explain your approach, handle edge cases, and return the required output exactly. 1 <= n <= 100000
Input values fit inside signed 32-bit integers.
Optimized solutions should target O(N log N) or better unless the prompt requires range structures. Identify the Stacks pattern before coding. Use monotonic stacks and bracket-style simulation instead of brute force whenever possible. Write down the invariant for the Oracle round. Check empty, single item, duplicate, and boundary cases. Submit only after the sample and hidden-style cases follow the same logic.",Hard
"TCS Queue Throughput Scheduler 11 Queues TCS Cisco Company Wise TCS placement-style challenge focused on Queues. You are given a compact assessment input and must apply FIFO windows, deques, and event ordering. Explain your approach, handle edge cases, and return the required output exactly. 1 <= n <= 100000
Input values fit inside signed 32-bit integers.
Optimized solutions should target O(N log N) or better unless the prompt requires range structures. Identify the Queues pattern before coding. Use FIFO windows, deques, and event ordering instead of brute force whenever possible. Write down the invariant for the TCS round. Check empty, single item, duplicate, and boundary cases. Submit only after the sample and hidden-style cases follow the same logic.",Easy
"Infosys Hash Map Collision Resolver 11 Hashing Infosys Razorpay Company Wise Infosys placement-style challenge focused on Hashing. You are given a compact assessment input and must apply constant-time lookup and duplicate tracking. Explain your approach, handle edge cases, and return the required output exactly. 1 <= n <= 100000
Input values fit inside signed 32-bit integers.
Optimized solutions should target O(N log N) or better unless the prompt requires range structures. Identify the Hashing pattern before coding. Use constant-time lookup and duplicate tracking instead of brute force whenever possible. Write down the invariant for the Infosys round. Check empty, single item, duplicate, and boundary cases. Submit only after the sample and hidden-style cases follow the same logic.",Medium
"Wipro Binary Tree Path Auditor 11 Trees Wipro Netflix Company Wise Wipro placement-style challenge focused on Trees. You are given a compact assessment input and must apply DFS traversal, recursion, and path accumulation. Explain your approach, handle edge cases, and return the required output exactly. 1 <= n <= 100000
Input values fit inside signed 32-bit integers.
Optimized solutions should target O(N log N) or better unless the prompt requires range structures. Identify the Trees pattern before coding. Use DFS traversal, recursion, and path accumulation instead of brute force whenever possible. Write down the invariant for the Wipro round. Check empty, single item, duplicate, and boundary cases. Submit only after the sample and hidden-style cases follow the same logic.",Hard
"Accenture BST Range Inspector 11 Binary Search Trees Accenture TCS Company Wise Accenture placement-style challenge focused on Binary Search Trees. You are given a compact assessment input and must apply ordered traversal and lower/upper bounds. Explain your approach, handle edge cases, and return the required output exactly. 1 <= n <= 100000
Input values fit inside signed 32-bit integers.
Optimized solutions should target O(N log N) or better unless the prompt requires range structures. Identify the Binary Search Trees pattern before coding. Use ordered traversal and lower/upper bounds instead of brute force whenever possible. Write down the invariant for the Accenture round. Check empty, single item, duplicate, and boundary cases. Submit only after the sample and hidden-style cases follow the same logic.",Easy
"Capgemini Priority Heap Ranker 11 Heaps Capgemini JP Morgan Company Wise Capgemini placement-style challenge focused on Heaps. You are given a compact assessment input and must apply top-k selection and priority queue maintenance. Explain your approach, handle edge cases, and return the required output exactly. 1 <= n <= 100000
Input values fit inside signed 32-bit integers.
Optimized solutions should target O(N log N) or better unless the prompt requires range structures. Identify the Heaps pattern before coding. Use top-k selection and priority queue maintenance instead of brute force whenever possible. Write down the invariant for the Capgemini round. Check empty, single item, duplicate, and boundary cases. Submit only after the sample and hidden-style cases follow the same logic.",Medium
"Cognizant Graph Route Planner 11 Graphs Cognizant Flipkart Company Wise Cognizant placement-style challenge focused on Graphs. You are given a compact assessment input and must apply BFS, DFS, connected components, and cycle checks. Explain your approach, handle edge cases, and return the required output exactly. 1 <= n <= 100000
Input values fit inside signed 32-bit integers.
Optimized solutions should target O(N log N) or better unless the prompt requires range structures. Identify the Graphs pattern before coding. Use BFS, DFS, connected components, and cycle checks instead of brute force whenever possible. Write down the invariant for the Cognizant round. Check empty, single item, duplicate, and boundary cases. Submit only after the sample and hidden-style cases follow the same logic.",Hard
"Goldman Sachs Recursive State Explorer 11 Recursion Goldman Sachs Google Company Wise Goldman Sachs placement-style challenge focused on Recursion. You are given a compact assessment input and must apply base cases and state transition trees. Explain your approach, handle edge cases, and return the required output exactly. 1 <= n <= 100000
Input values fit inside signed 32-bit integers.
Optimized solutions should target O(N log N) or better unless the prompt requires range structures. Identify the Recursion pattern before coding. Use base cases and state transition trees instead of brute force whenever possible. Write down the invariant for the Goldman Sachs round. Check empty, single item, duplicate, and boundary cases. Submit only after the sample and hidden-style cases follow the same logic.",Easy
"JP Morgan Backtracking Choice Builder 11 Backtracking JP Morgan Airbnb Company Wise JP Morgan placement-style challenge focused on Backtracking. You are given a compact assessment input and must apply choose-explore-unchoose search. Explain your approach, handle edge cases, and return the required output exactly. 1 <= n <= 100000
Input values fit inside signed 32-bit integers.
Optimized solutions should target O(N log N) or better unless the prompt requires range structures. Identify the Backtracking pattern before coding. Use choose-explore-unchoose search instead of brute force whenever possible. Write down the invariant for the JP Morgan round. Check empty, single item, duplicate, and boundary cases. Submit only after the sample and hidden-style cases follow the same logic.",Medium
"Deloitte Greedy Placement Optimizer 11 Greedy Algorithms Deloitte Accenture Company Wise Deloitte placement-style challenge focused on Greedy Algorithms. You are given a compact assessment input and must apply local optimal choices and sorting. Explain your approach, handle edge cases, and return the required output exactly. 1 <= n <= 100000
Input values fit inside signed 32-bit integers.
Optimized solutions should target O(N log N) or better unless the prompt requires range structures. Identify the Greedy Algorithms pattern before coding. Use local optimal choices and sorting instead of brute force whenever possible. Write down the invariant for the Deloitte round. Check empty, single item, duplicate, and boundary cases. Submit only after the sample and hidden-style cases follow the same logic.",Hard
"PayPal DP Interview Grid 11 Dynamic Programming PayPal Atlassian Company Wise PayPal placement-style challenge focused on Dynamic Programming. You are given a compact assessment input and must apply memoization, tabulation, and transitions. Explain your approach, handle edge cases, and return the required output exactly. 1 <= n <= 100000
Input values fit inside signed 32-bit integers.
Optimized solutions should target O(N log N) or better unless the prompt requires range structures. Identify the Dynamic Programming pattern before coding. Use memoization, tabulation, and transitions instead of brute force whenever possible. Write down the invariant for the PayPal round. Check empty, single item, duplicate, and boundary cases. Submit only after the sample and hidden-style cases follow the same logic.",Easy
"Atlassian Trie Prefix Directory 11 Tries Atlassian PhonePe Company Wise Atlassian placement-style challenge focused on Tries. You are given a compact assessment input and must apply prefix trees and character edges. Explain your approach, handle edge cases, and return the required output exactly. 1 <= n <= 100000
Input values fit inside signed 32-bit integers.
Optimized solutions should target O(N log N) or better unless the prompt requires range structures. Identify the Tries pattern before coding. Use prefix trees and character edges instead of brute force whenever possible. Write down the invariant for the Atlassian round. Check empty, single item, duplicate, and boundary cases. Submit only after the sample and hidden-style cases follow the same logic.",Medium
"Cisco Segment Tree Query Engine 11 Segment Trees Cisco Apple Company Wise Cisco placement-style challenge focused on Segment Trees. You are given a compact assessment input and must apply range queries and logarithmic updates. Explain your approach, handle edge cases, and return the required output exactly. 1 <= n <= 100000
Input values fit inside signed 32-bit integers.
Optimized solutions should target O(N log N) or better unless the prompt requires range structures. Identify the Segment Trees pattern before coding. Use range queries and logarithmic updates instead of brute force whenever possible. Write down the invariant for the Cisco round. Check empty, single item, duplicate, and boundary cases. Submit only after the sample and hidden-style cases follow the same logic.",Hard
"Intel Bitmask Eligibility Filter 11 Bit Manipulation Intel Oracle Company Wise Intel placement-style challenge focused on Bit Manipulation. You are given a compact assessment input and must apply xor, masks, and binary flags. Explain your approach, handle edge cases, and return the required output exactly. 1 <= n <= 100000
Input values fit inside signed 32-bit integers.
Optimized solutions should target O(N log N) or better unless the prompt requires range structures. Identify the Bit Manipulation pattern before coding. Use xor, masks, and binary flags instead of brute force whenever possible. Write down the invariant for the Intel round. Check empty, single item, duplicate, and boundary cases. Submit only after the sample and hidden-style cases follow the same logic.",Easy
"NVIDIA Sliding Window Signal 11 Sliding Window NVIDIA Goldman Sachs Company Wise NVIDIA placement-style challenge focused on Sliding Window. You are given a compact assessment input and must apply expand-shrink window invariants. Explain your approach, handle edge cases, and return the required output exactly. 1 <= n <= 100000
Input values fit inside signed 32-bit integers.
Optimized solutions should target O(N log N) or better unless the prompt requires range structures. Identify the Sliding Window pattern before coding. Use expand-shrink window invariants instead of brute force whenever possible. Write down the invariant for the NVIDIA round. Check empty, single item, duplicate, and boundary cases. Submit only after the sample and hidden-style cases follow the same logic.",Medium
"Flipkart Two Pointer Interview Sweep 11 Two Pointers Flipkart NVIDIA Company Wise Flipkart placement-style challenge focused on Two Pointers. You are given a compact assessment input and must apply sorted scans and converging pointers. Explain your approach, handle edge cases, and return the required output exactly. 1 <= n <= 100000
Input values fit inside signed 32-bit integers.
Optimized solutions should target O(N log N) or better unless the prompt requires range structures. Identify the Two Pointers pattern before coding. Use sorted scans and converging pointers instead of brute force whenever possible. Write down the invariant for the Flipkart round. Check empty, single item, duplicate, and boundary cases. Submit only after the sample and hidden-style cases follow the same logic.",Hard
"Swiggy System Constraint Challenge 11 Advanced Interview Problems Swiggy Amazon Company Wise Swiggy placement-style challenge focused on Advanced Interview Problems. You are given a compact assessment input and must apply hybrid algorithms and edge-case analysis. Explain your approach, handle edge cases, and return the required output exactly. 1 <= n <= 100000
Input values fit inside signed 32-bit integers.
Optimized solutions should target O(N log N) or better unless the prompt requires range structures. Identify the Advanced Interview Problems pattern before coding. Use hybrid algorithms and edge-case analysis instead of brute force whenever possible. Write down the invariant for the Swiggy round. Check empty, single item, duplicate, and boundary cases. Submit only after the sample and hidden-style cases follow the same logic.",Easy
"Zomato Array Window Balancer 12 Arrays Zomato Uber Company Wise Zomato placement-style challenge focused on Arrays. You are given a compact assessment input and must apply prefix sums, hashing, and careful index bounds. Explain your approach, handle edge cases, and return the required output exactly. 1 <= n <= 100000
Input values fit inside signed 32-bit integers.
Optimized solutions should target O(N log N) or better unless the prompt requires range structures. Identify the Arrays pattern before coding. Use prefix sums, hashing, and careful index bounds instead of brute force whenever possible. Write down the invariant for the Zomato round. Check empty, single item, duplicate, and boundary cases. Submit only after the sample and hidden-style cases follow the same logic.",Medium
"PhonePe String Pattern Normalizer 12 Strings PhonePe Wipro Company Wise PhonePe placement-style challenge focused on Strings. You are given a compact assessment input and must apply frequency tables, two pointers, and case handling. Explain your approach, handle edge cases, and return the required output exactly. 1 <= n <= 100000
Input values fit inside signed 32-bit integers.
Optimized solutions should target O(N log N) or better unless the prompt requires range structures. Identify the Strings pattern before coding. Use frequency tables, two pointers, and case handling instead of brute force whenever possible. Write down the invariant for the PhonePe round. Check empty, single item, duplicate, and boundary cases. Submit only after the sample and hidden-style cases follow the same logic.",Hard
"Razorpay Linked List Pointer Repair 12 Linked Lists Razorpay PayPal Company Wise Razorpay placement-style challenge focused on Linked Lists. You are given a compact assessment input and must apply slow-fast pointers and safe node relinking. Explain your approach, handle edge cases, and return the required output exactly. 1 <= n <= 100000
Input values fit inside signed 32-bit integers.
Optimized solutions should target O(N log N) or better unless the prompt requires range structures. Identify the Linked Lists pattern before coding. Use slow-fast pointers and safe node relinking instead of brute force whenever possible. Write down the invariant for the Razorpay round. Check empty, single item, duplicate, and boundary cases. Submit only after the sample and hidden-style cases follow the same logic.",Easy
"Zoho Stack Sequence Validator 12 Stacks Zoho Zomato Company Wise Zoho placement-style challenge focused on Stacks. You are given a compact assessment input and must apply monotonic stacks and bracket-style simulation. Explain your approach, handle edge cases, and return the required output exactly. 1 <= n <= 100000
Input values fit inside signed 32-bit integers.
Optimized solutions should target O(N log N) or better unless the prompt requires range structures. Identify the Stacks pattern before coding. Use monotonic stacks and bracket-style simulation instead of brute force whenever possible. Write down the invariant for the Zoho round. Check empty, single item, duplicate, and boundary cases. Submit only after the sample and hidden-style cases follow the same logic.",Medium
"Amazon Queue Throughput Scheduler 12 Queues Amazon Meta Company Wise Amazon placement-style challenge focused on Queues. You are given a compact assessment input and must apply FIFO windows, deques, and event ordering. Explain your approach, handle edge cases, and return the required output exactly. 1 <= n <= 100000
Input values fit inside signed 32-bit integers.
Optimized solutions should target O(N log N) or better unless the prompt requires range structures. Identify the Queues pattern before coding. Use FIFO windows, deques, and event ordering instead of brute force whenever possible. Write down the invariant for the Amazon round. Check empty, single item, duplicate, and boundary cases. Submit only after the sample and hidden-style cases follow the same logic.",Hard
"Google Hash Map Collision Resolver 12 Hashing Google Salesforce Company Wise Google placement-style challenge focused on Hashing. You are given a compact assessment input and must apply constant-time lookup and duplicate tracking. Explain your approach, handle edge cases, and return the required output exactly. 1 <= n <= 100000
Input values fit inside signed 32-bit integers.
Optimized solutions should target O(N log N) or better unless the prompt requires range structures. Identify the Hashing pattern before coding. Use constant-time lookup and duplicate tracking instead of brute force whenever possible. Write down the invariant for the Google round. Check empty, single item, duplicate, and boundary cases. Submit only after the sample and hidden-style cases follow the same logic.",Easy
"Microsoft Binary Tree Path Auditor 12 Trees Microsoft Cognizant Company Wise Microsoft placement-style challenge focused on Trees. You are given a compact assessment input and must apply DFS traversal, recursion, and path accumulation. Explain your approach, handle edge cases, and return the required output exactly. 1 <= n <= 100000
Input values fit inside signed 32-bit integers.
Optimized solutions should target O(N log N) or better unless the prompt requires range structures. Identify the Trees pattern before coding. Use DFS traversal, recursion, and path accumulation instead of brute force whenever possible. Write down the invariant for the Microsoft round. Check empty, single item, duplicate, and boundary cases. Submit only after the sample and hidden-style cases follow the same logic.",Medium
"Meta BST Range Inspector 12 Binary Search Trees Meta Intel Company Wise Meta placement-style challenge focused on Binary Search Trees. You are given a compact assessment input and must apply ordered traversal and lower/upper bounds. Explain your approach, handle edge cases, and return the required output exactly. 1 <= n <= 100000
Input values fit inside signed 32-bit integers.
Optimized solutions should target O(N log N) or better unless the prompt requires range structures. Identify the Binary Search Trees pattern before coding. Use ordered traversal and lower/upper bounds instead of brute force whenever possible. Write down the invariant for the Meta round. Check empty, single item, duplicate, and boundary cases. Submit only after the sample and hidden-style cases follow the same logic.",Hard
"Apple Priority Heap Ranker 12 Heaps Apple Zoho Company Wise Apple placement-style challenge focused on Heaps. You are given a compact assessment input and must apply top-k selection and priority queue maintenance. Explain your approach, handle edge cases, and return the required output exactly. 1 <= n <= 100000
Input values fit inside signed 32-bit integers.
Optimized solutions should target O(N log N) or better unless the prompt requires range structures. Identify the Heaps pattern before coding. Use top-k selection and priority queue maintenance instead of brute force whenever possible. Write down the invariant for the Apple round. Check empty, single item, duplicate, and boundary cases. Submit only after the sample and hidden-style cases follow the same logic.",Easy
"Netflix Graph Route Planner 12 Graphs Netflix Adobe Company Wise Netflix placement-style challenge focused on Graphs. You are given a compact assessment input and must apply BFS, DFS, connected components, and cycle checks. Explain your approach, handle edge cases, and return the required output exactly. 1 <= n <= 100000
Input values fit inside signed 32-bit integers.
Optimized solutions should target O(N log N) or better unless the prompt requires range structures. Identify the Graphs pattern before coding. Use BFS, DFS, connected components, and cycle checks instead of brute force whenever possible. Write down the invariant for the Netflix round. Check empty, single item, duplicate, and boundary cases. Submit only after the sample and hidden-style cases follow the same logic.",Medium
"Adobe Recursive State Explorer 12 Recursion Adobe Infosys Company Wise Adobe placement-style challenge focused on Recursion. You are given a compact assessment input and must apply base cases and state transition trees. Explain your approach, handle edge cases, and return the required output exactly. 1 <= n <= 100000
Input values fit inside signed 32-bit integers.
Optimized solutions should target O(N log N) or better unless the prompt requires range structures. Identify the Recursion pattern before coding. Use base cases and state transition trees instead of brute force whenever possible. Write down the invariant for the Adobe round. Check empty, single item, duplicate, and boundary cases. Submit only after the sample and hidden-style cases follow the same logic.",Hard
"Uber Backtracking Choice Builder 12 Backtracking Uber Deloitte Company Wise Uber placement-style challenge focused on Backtracking. You are given a compact assessment input and must apply choose-explore-unchoose search. Explain your approach, handle edge cases, and return the required output exactly. 1 <= n <= 100000
Input values fit inside signed 32-bit integers.
Optimized solutions should target O(N log N) or better unless the prompt requires range structures. Identify the Backtracking pattern before coding. Use choose-explore-unchoose search instead of brute force whenever possible. Write down the invariant for the Uber round. Check empty, single item, duplicate, and boundary cases. Submit only after the sample and hidden-style cases follow the same logic.",Easy
"Airbnb Greedy Placement Optimizer 12 Greedy Algorithms Airbnb Swiggy Company Wise Airbnb placement-style challenge focused on Greedy Algorithms. You are given a compact assessment input and must apply local optimal choices and sorting. Explain your approach, handle edge cases, and return the required output exactly. 1 <= n <= 100000
Input values fit inside signed 32-bit integers.
Optimized solutions should target O(N log N) or better unless the prompt requires range structures. Identify the Greedy Algorithms pattern before coding. Use local optimal choices and sorting instead of brute force whenever possible. Write down the invariant for the Airbnb round. Check empty, single item, duplicate, and boundary cases. Submit only after the sample and hidden-style cases follow the same logic.",Medium
"Stripe DP Interview Grid 12 Dynamic Programming Stripe Microsoft Company Wise Stripe placement-style challenge focused on Dynamic Programming. You are given a compact assessment input and must apply memoization, tabulation, and transitions. Explain your approach, handle edge cases, and return the required output exactly. 1 <= n <= 100000
Input values fit inside signed 32-bit integers.
Optimized solutions should target O(N log N) or better unless the prompt requires range structures. Identify the Dynamic Programming pattern before coding. Use memoization, tabulation, and transitions instead of brute force whenever possible. Write down the invariant for the Stripe round. Check empty, single item, duplicate, and boundary cases. Submit only after the sample and hidden-style cases follow the same logic.",Hard
"Salesforce Trie Prefix Directory 12 Tries Salesforce Stripe Company Wise Salesforce placement-style challenge focused on Tries. You are given a compact assessment input and must apply prefix trees and character edges. Explain your approach, handle edge cases, and return the required output exactly. 1 <= n <= 100000
Input values fit inside signed 32-bit integers.
Optimized solutions should target O(N log N) or better unless the prompt requires range structures. Identify the Tries pattern before coding. Use prefix trees and character edges instead of brute force whenever possible. Write down the invariant for the Salesforce round. Check empty, single item, duplicate, and boundary cases. Submit only after the sample and hidden-style cases follow the same logic.",Easy
"Oracle Segment Tree Query Engine 12 Segment Trees Oracle Capgemini Company Wise Oracle placement-style challenge focused on Segment Trees. You are given a compact assessment input and must apply range queries and logarithmic updates. Explain your approach, handle edge cases, and return the required output exactly. 1 <= n <= 100000
Input values fit inside signed 32-bit integers.
Optimized solutions should target O(N log N) or better unless the prompt requires range structures. Identify the Segment Trees pattern before coding. Use range queries and logarithmic updates instead of brute force whenever possible. Write down the invariant for the Oracle round. Check empty, single item, duplicate, and boundary cases. Submit only after the sample and hidden-style cases follow the same logic.",Medium
"TCS Bitmask Eligibility Filter 12 Bit Manipulation TCS Cisco Company Wise TCS placement-style challenge focused on Bit Manipulation. You are given a compact assessment input and must apply xor, masks, and binary flags. Explain your approach, handle edge cases, and return the required output exactly. 1 <= n <= 100000
Input values fit inside signed 32-bit integers.
Optimized solutions should target O(N log N) or better unless the prompt requires range structures. Identify the Bit Manipulation pattern before coding. Use xor, masks, and binary flags instead of brute force whenever possible. Write down the invariant for the TCS round. Check empty, single item, duplicate, and boundary cases. Submit only after the sample and hidden-style cases follow the same logic.",Hard
"Infosys Sliding Window Signal 12 Sliding Window Infosys Razorpay Company Wise Infosys placement-style challenge focused on Sliding Window. You are given a compact assessment input and must apply expand-shrink window invariants. Explain your approach, handle edge cases, and return the required output exactly. 1 <= n <= 100000
Input values fit inside signed 32-bit integers.
Optimized solutions should target O(N log N) or better unless the prompt requires range structures. Identify the Sliding Window pattern before coding. Use expand-shrink window invariants instead of brute force whenever possible. Write down the invariant for the Infosys round. Check empty, single item, duplicate, and boundary cases. Submit only after the sample and hidden-style cases follow the same logic.",Easy
"Wipro Two Pointer Interview Sweep 12 Two Pointers Wipro Netflix Company Wise Wipro placement-style challenge focused on Two Pointers. You are given a compact assessment input and must apply sorted scans and converging pointers. Explain your approach, handle edge cases, and return the required output exactly. 1 <= n <= 100000
Input values fit inside signed 32-bit integers.
Optimized solutions should target O(N log N) or better unless the prompt requires range structures. Identify the Two Pointers pattern before coding. Use sorted scans and converging pointers instead of brute force whenever possible. Write down the invariant for the Wipro round. Check empty, single item, duplicate, and boundary cases. Submit only after the sample and hidden-style cases follow the same logic.",Medium
"Accenture System Constraint Challenge 12 Advanced Interview Problems Accenture TCS Company Wise Accenture placement-style challenge focused on Advanced Interview Problems. You are given a compact assessment input and must apply hybrid algorithms and edge-case analysis. Explain your approach, handle edge cases, and return the required output exactly. 1 <= n <= 100000
Input values fit inside signed 32-bit integers.
Optimized solutions should target O(N log N) or better unless the prompt requires range structures. Identify the Advanced Interview Problems pattern before coding. Use hybrid algorithms and edge-case analysis instead of brute force whenever possible. Write down the invariant for the Accenture round. Check empty, single item, duplicate, and boundary cases. Submit only after the sample and hidden-style cases follow the same logic.",Hard
"Capgemini Array Window Balancer 13 Arrays Capgemini JP Morgan Company Wise Capgemini placement-style challenge focused on Arrays. You are given a compact assessment input and must apply prefix sums, hashing, and careful index bounds. Explain your approach, handle edge cases, and return the required output exactly. 1 <= n <= 100000
Input values fit inside signed 32-bit integers.
Optimized solutions should target O(N log N) or better unless the prompt requires range structures. Identify the Arrays pattern before coding. Use prefix sums, hashing, and careful index bounds instead of brute force whenever possible. Write down the invariant for the Capgemini round. Check empty, single item, duplicate, and boundary cases. Submit only after the sample and hidden-style cases follow the same logic.",Easy
"Cognizant String Pattern Normalizer 13 Strings Cognizant Flipkart Company Wise Cognizant placement-style challenge focused on Strings. You are given a compact assessment input and must apply frequency tables, two pointers, and case handling. Explain your approach, handle edge cases, and return the required output exactly. 1 <= n <= 100000
Input values fit inside signed 32-bit integers.
Optimized solutions should target O(N log N) or better unless the prompt requires range structures. Identify the Strings pattern before coding. Use frequency tables, two pointers, and case handling instead of brute force whenever possible. Write down the invariant for the Cognizant round. Check empty, single item, duplicate, and boundary cases. Submit only after the sample and hidden-style cases follow the same logic.",Medium
"Goldman Sachs Linked List Pointer Repair 13 Linked Lists Goldman Sachs Google Company Wise Goldman Sachs placement-style challenge focused on Linked Lists. You are given a compact assessment input and must apply slow-fast pointers and safe node relinking. Explain your approach, handle edge cases, and return the required output exactly. 1 <= n <= 100000
Input values fit inside signed 32-bit integers.
Optimized solutions should target O(N log N) or better unless the prompt requires range structures. Identify the Linked Lists pattern before coding. Use slow-fast pointers and safe node relinking instead of brute force whenever possible. Write down the invariant for the Goldman Sachs round. Check empty, single item, duplicate, and boundary cases. Submit only after the sample and hidden-style cases follow the same logic.",Hard
"JP Morgan Stack Sequence Validator 13 Stacks JP Morgan Airbnb Company Wise JP Morgan placement-style challenge focused on Stacks. You are given a compact assessment input and must apply monotonic stacks and bracket-style simulation. Explain your approach, handle edge cases, and return the required output exactly. 1 <= n <= 100000
Input values fit inside signed 32-bit integers.
Optimized solutions should target O(N log N) or better unless the prompt requires range structures. Identify the Stacks pattern before coding. Use monotonic stacks and bracket-style simulation instead of brute force whenever possible. Write down the invariant for the JP Morgan round. Check empty, single item, duplicate, and boundary cases. Submit only after the sample and hidden-style cases follow the same logic.",Easy
"Deloitte Queue Throughput Scheduler 13 Queues Deloitte Accenture Company Wise Deloitte placement-style challenge focused on Queues. You are given a compact assessment input and must apply FIFO windows, deques, and event ordering. Explain your approach, handle edge cases, and return the required output exactly. 1 <= n <= 100000
Input values fit inside signed 32-bit integers.
Optimized solutions should target O(N log N) or better unless the prompt requires range structures. Identify the Queues pattern before coding. Use FIFO windows, deques, and event ordering instead of brute force whenever possible. Write down the invariant for the Deloitte round. Check empty, single item, duplicate, and boundary cases. Submit only after the sample and hidden-style cases follow the same logic.",Medium
"PayPal Hash Map Collision Resolver 13 Hashing PayPal Atlassian Company Wise PayPal placement-style challenge focused on Hashing. You are given a compact assessment input and must apply constant-time lookup and duplicate tracking. Explain your approach, handle edge cases, and return the required output exactly. 1 <= n <= 100000
Input values fit inside signed 32-bit integers.
Optimized solutions should target O(N log N) or better unless the prompt requires range structures. Identify the Hashing pattern before coding. Use constant-time lookup and duplicate tracking instead of brute force whenever possible. Write down the invariant for the PayPal round. Check empty, single item, duplicate, and boundary cases. Submit only after the sample and hidden-style cases follow the same logic.",Hard
"Atlassian Binary Tree Path Auditor 13 Trees Atlassian PhonePe Company Wise Atlassian placement-style challenge focused on Trees. You are given a compact assessment input and must apply DFS traversal, recursion, and path accumulation. Explain your approach, handle edge cases, and return the required output exactly. 1 <= n <= 100000
Input values fit inside signed 32-bit integers.
Optimized solutions should target O(N log N) or better unless the prompt requires range structures. Identify the Trees pattern before coding. Use DFS traversal, recursion, and path accumulation instead of brute force whenever possible. Write down the invariant for the Atlassian round. Check empty, single item, duplicate, and boundary cases. Submit only after the sample and hidden-style cases follow the same logic.",Easy
"Cisco BST Range Inspector 13 Binary Search Trees Cisco Apple Company Wise Cisco placement-style challenge focused on Binary Search Trees. You are given a compact assessment input and must apply ordered traversal and lower/upper bounds. Explain your approach, handle edge cases, and return the required output exactly. 1 <= n <= 100000
Input values fit inside signed 32-bit integers.
Optimized solutions should target O(N log N) or better unless the prompt requires range structures. Identify the Binary Search Trees pattern before coding. Use ordered traversal and lower/upper bounds instead of brute force whenever possible. Write down the invariant for the Cisco round. Check empty, single item, duplicate, and boundary cases. Submit only after the sample and hidden-style cases follow the same logic.",Medium
"Intel Priority Heap Ranker 13 Heaps Intel Oracle Company Wise Intel placement-style challenge focused on Heaps. You are given a compact assessment input and must apply top-k selection and priority queue maintenance. Explain your approach, handle edge cases, and return the required output exactly. 1 <= n <= 100000
Input values fit inside signed 32-bit integers.
Optimized solutions should target O(N log N) or better unless the prompt requires range structures. Identify the Heaps pattern before coding. Use top-k selection and priority queue maintenance instead of brute force whenever possible. Write down the invariant for the Intel round. Check empty, single item, duplicate, and boundary cases. Submit only after the sample and hidden-style cases follow the same logic.",Hard
"NVIDIA Graph Route Planner 13 Graphs NVIDIA Goldman Sachs Company Wise NVIDIA placement-style challenge focused on Graphs. You are given a compact assessment input and must apply BFS, DFS, connected components, and cycle checks. Explain your approach, handle edge cases, and return the required output exactly. 1 <= n <= 100000
Input values fit inside signed 32-bit integers.
Optimized solutions should target O(N log N) or better unless the prompt requires range structures. Identify the Graphs pattern before coding. Use BFS, DFS, connected components, and cycle checks instead of brute force whenever possible. Write down the invariant for the NVIDIA round. Check empty, single item, duplicate, and boundary cases. Submit only after the sample and hidden-style cases follow the same logic.",Easy
"Flipkart Recursive State Explorer 13 Recursion Flipkart NVIDIA Company Wise Flipkart placement-style challenge focused on Recursion. You are given a compact assessment input and must apply base cases and state transition trees. Explain your approach, handle edge cases, and return the required output exactly. 1 <= n <= 100000
Input values fit inside signed 32-bit integers.
Optimized solutions should target O(N log N) or better unless the prompt requires range structures. Identify the Recursion pattern before coding. Use base cases and state transition trees instead of brute force whenever possible. Write down the invariant for the Flipkart round. Check empty, single item, duplicate, and boundary cases. Submit only after the sample and hidden-style cases follow the same logic.",Medium
"Swiggy Backtracking Choice Builder 13 Backtracking Swiggy Amazon Company Wise Swiggy placement-style challenge focused on Backtracking. You are given a compact assessment input and must apply choose-explore-unchoose search. Explain your approach, handle edge cases, and return the required output exactly. 1 <= n <= 100000
Input values fit inside signed 32-bit integers.
Optimized solutions should target O(N log N) or better unless the prompt requires range structures. Identify the Backtracking pattern before coding. Use choose-explore-unchoose search instead of brute force whenever possible. Write down the invariant for the Swiggy round. Check empty, single item, duplicate, and boundary cases. Submit only after the sample and hidden-style cases follow the same logic.",Hard
"Zomato Greedy Placement Optimizer 13 Greedy Algorithms Zomato Uber Company Wise Zomato placement-style challenge focused on Greedy Algorithms. You are given a compact assessment input and must apply local optimal choices and sorting. Explain your approach, handle edge cases, and return the required output exactly. 1 <= n <= 100000
Input values fit inside signed 32-bit integers.
Optimized solutions should target O(N log N) or better unless the prompt requires range structures. Identify the Greedy Algorithms pattern before coding. Use local optimal choices and sorting instead of brute force whenever possible. Write down the invariant for the Zomato round. Check empty, single item, duplicate, and boundary cases. Submit only after the sample and hidden-style cases follow the same logic.",Easy
"PhonePe DP Interview Grid 13 Dynamic Programming PhonePe Wipro Company Wise PhonePe placement-style challenge focused on Dynamic Programming. You are given a compact assessment input and must apply memoization, tabulation, and transitions. Explain your approach, handle edge cases, and return the required output exactly. 1 <= n <= 100000
Input values fit inside signed 32-bit integers.
Optimized solutions should target O(N log N) or better unless the prompt requires range structures. Identify the Dynamic Programming pattern before coding. Use memoization, tabulation, and transitions instead of brute force whenever possible. Write down the invariant for the PhonePe round. Check empty, single item, duplicate, and boundary cases. Submit only after the sample and hidden-style cases follow the same logic.",Medium
"Razorpay Trie Prefix Directory 13 Tries Razorpay PayPal Company Wise Razorpay placement-style challenge focused on Tries. You are given a compact assessment input and must apply prefix trees and character edges. Explain your approach, handle edge cases, and return the required output exactly. 1 <= n <= 100000
Input values fit inside signed 32-bit integers.
Optimized solutions should target O(N log N) or better unless the prompt requires range structures. Identify the Tries pattern before coding. Use prefix trees and character edges instead of brute force whenever possible. Write down the invariant for the Razorpay round. Check empty, single item, duplicate, and boundary cases. Submit only after the sample and hidden-style cases follow the same logic.",Hard
"Zoho Segment Tree Query Engine 13 Segment Trees Zoho Zomato Company Wise Zoho placement-style challenge focused on Segment Trees. You are given a compact assessment input and must apply range queries and logarithmic updates. Explain your approach, handle edge cases, and return the required output exactly. 1 <= n <= 100000
Input values fit inside signed 32-bit integers.
Optimized solutions should target O(N log N) or better unless the prompt requires range structures. Identify the Segment Trees pattern before coding. Use range queries and logarithmic updates instead of brute force whenever possible. Write down the invariant for the Zoho round. Check empty, single item, duplicate, and boundary cases. Submit only after the sample and hidden-style cases follow the same logic.",Easy
"Amazon Bitmask Eligibility Filter 13 Bit Manipulation Amazon Meta Company Wise Amazon placement-style challenge focused on Bit Manipulation. You are given a compact assessment input and must apply xor, masks, and binary flags. Explain your approach, handle edge cases, and return the required output exactly. 1 <= n <= 100000
Input values fit inside signed 32-bit integers.
Optimized solutions should target O(N log N) or better unless the prompt requires range structures. Identify the Bit Manipulation pattern before coding. Use xor, masks, and binary flags instead of brute force whenever possible. Write down the invariant for the Amazon round. Check empty, single item, duplicate, and boundary cases. Submit only after the sample and hidden-style cases follow the same logic.",Medium
"Google Sliding Window Signal 13 Sliding Window Google Salesforce Company Wise Google placement-style challenge focused on Sliding Window. You are given a compact assessment input and must apply expand-shrink window invariants. Explain your approach, handle edge cases, and return the required output exactly. 1 <= n <= 100000
Input values fit inside signed 32-bit integers.
Optimized solutions should target O(N log N) or better unless the prompt requires range structures. Identify the Sliding Window pattern before coding. Use expand-shrink window invariants instead of brute force whenever possible. Write down the invariant for the Google round. Check empty, single item, duplicate, and boundary cases. Submit only after the sample and hidden-style cases follow the same logic.",Hard
"Microsoft Two Pointer Interview Sweep 13 Two Pointers Microsoft Cognizant Company Wise Microsoft placement-style challenge focused on Two Pointers. You are given a compact assessment input and must apply sorted scans and converging pointers. Explain your approach, handle edge cases, and return the required output exactly. 1 <= n <= 100000
Input values fit inside signed 32-bit integers.
Optimized solutions should target O(N log N) or better unless the prompt requires range structures. Identify the Two Pointers pattern before coding. Use sorted scans and converging pointers instead of brute force whenever possible. Write down the invariant for the Microsoft round. Check empty, single item, duplicate, and boundary cases. Submit only after the sample and hidden-style cases follow the same logic.",Easy
"Meta System Constraint Challenge 13 Advanced Interview Problems Meta Intel Company Wise Meta placement-style challenge focused on Advanced Interview Problems. You are given a compact assessment input and must apply hybrid algorithms and edge-case analysis. Explain your approach, handle edge cases, and return the required output exactly. 1 <= n <= 100000
Input values fit inside signed 32-bit integers.
Optimized solutions should target O(N log N) or better unless the prompt requires range structures. Identify the Advanced Interview Problems pattern before coding. Use hybrid algorithms and edge-case analysis instead of brute force whenever possible. Write down the invariant for the Meta round. Check empty, single item, duplicate, and boundary cases. Submit only after the sample and hidden-style cases follow the same logic.",Medium
"Apple Array Window Balancer 14 Arrays Apple Zoho Company Wise Apple placement-style challenge focused on Arrays. You are given a compact assessment input and must apply prefix sums, hashing, and careful index bounds. Explain your approach, handle edge cases, and return the required output exactly. 1 <= n <= 100000
Input values fit inside signed 32-bit integers.
Optimized solutions should target O(N log N) or better unless the prompt requires range structures. Identify the Arrays pattern before coding. Use prefix sums, hashing, and careful index bounds instead of brute force whenever possible. Write down the invariant for the Apple round. Check empty, single item, duplicate, and boundary cases. Submit only after the sample and hidden-style cases follow the same logic.",Hard
"Netflix String Pattern Normalizer 14 Strings Netflix Adobe Company Wise Netflix placement-style challenge focused on Strings. You are given a compact assessment input and must apply frequency tables, two pointers, and case handling. Explain your approach, handle edge cases, and return the required output exactly. 1 <= n <= 100000
Input values fit inside signed 32-bit integers.
Optimized solutions should target O(N log N) or better unless the prompt requires range structures. Identify the Strings pattern before coding. Use frequency tables, two pointers, and case handling instead of brute force whenever possible. Write down the invariant for the Netflix round. Check empty, single item, duplicate, and boundary cases. Submit only after the sample and hidden-style cases follow the same logic.",Easy
"Adobe Linked List Pointer Repair 14 Linked Lists Adobe Infosys Company Wise Adobe placement-style challenge focused on Linked Lists. You are given a compact assessment input and must apply slow-fast pointers and safe node relinking. Explain your approach, handle edge cases, and return the required output exactly. 1 <= n <= 100000
Input values fit inside signed 32-bit integers.
Optimized solutions should target O(N log N) or better unless the prompt requires range structures. Identify the Linked Lists pattern before coding. Use slow-fast pointers and safe node relinking instead of brute force whenever possible. Write down the invariant for the Adobe round. Check empty, single item, duplicate, and boundary cases. Submit only after the sample and hidden-style cases follow the same logic.",Medium
"Uber Stack Sequence Validator 14 Stacks Uber Deloitte Company Wise Uber placement-style challenge focused on Stacks. You are given a compact assessment input and must apply monotonic stacks and bracket-style simulation. Explain your approach, handle edge cases, and return the required output exactly. 1 <= n <= 100000
Input values fit inside signed 32-bit integers.
Optimized solutions should target O(N log N) or better unless the prompt requires range structures. Identify the Stacks pattern before coding. Use monotonic stacks and bracket-style simulation instead of brute force whenever possible. Write down the invariant for the Uber round. Check empty, single item, duplicate, and boundary cases. Submit only after the sample and hidden-style cases follow the same logic.",Hard
"Airbnb Queue Throughput Scheduler 14 Queues Airbnb Swiggy Company Wise Airbnb placement-style challenge focused on Queues. You are given a compact assessment input and must apply FIFO windows, deques, and event ordering. Explain your approach, handle edge cases, and return the required output exactly. 1 <= n <= 100000
Input values fit inside signed 32-bit integers.
Optimized solutions should target O(N log N) or better unless the prompt requires range structures. Identify the Queues pattern before coding. Use FIFO windows, deques, and event ordering instead of brute force whenever possible. Write down the invariant for the Airbnb round. Check empty, single item, duplicate, and boundary cases. Submit only after the sample and hidden-style cases follow the same logic.",Easy
"Stripe Hash Map Collision Resolver 14 Hashing Stripe Microsoft Company Wise Stripe placement-style challenge focused on Hashing. You are given a compact assessment input and must apply constant-time lookup and duplicate tracking. Explain your approach, handle edge cases, and return the required output exactly. 1 <= n <= 100000
Input values fit inside signed 32-bit integers.
Optimized solutions should target O(N log N) or better unless the prompt requires range structures. Identify the Hashing pattern before coding. Use constant-time lookup and duplicate tracking instead of brute force whenever possible. Write down the invariant for the Stripe round. Check empty, single item, duplicate, and boundary cases. Submit only after the sample and hidden-style cases follow the same logic.",Medium
"Salesforce Binary Tree Path Auditor 14 Trees Salesforce Stripe Company Wise Salesforce placement-style challenge focused on Trees. You are given a compact assessment input and must apply DFS traversal, recursion, and path accumulation. Explain your approach, handle edge cases, and return the required output exactly. 1 <= n <= 100000
Input values fit inside signed 32-bit integers.
Optimized solutions should target O(N log N) or better unless the prompt requires range structures. Identify the Trees pattern before coding. Use DFS traversal, recursion, and path accumulation instead of brute force whenever possible. Write down the invariant for the Salesforce round. Check empty, single item, duplicate, and boundary cases. Submit only after the sample and hidden-style cases follow the same logic.",Hard
"Oracle BST Range Inspector 14 Binary Search Trees Oracle Capgemini Company Wise Oracle placement-style challenge focused on Binary Search Trees. You are given a compact assessment input and must apply ordered traversal and lower/upper bounds. Explain your approach, handle edge cases, and return the required output exactly. 1 <= n <= 100000
Input values fit inside signed 32-bit integers.
Optimized solutions should target O(N log N) or better unless the prompt requires range structures. Identify the Binary Search Trees pattern before coding. Use ordered traversal and lower/upper bounds instead of brute force whenever possible. Write down the invariant for the Oracle round. Check empty, single item, duplicate, and boundary cases. Submit only after the sample and hidden-style cases follow the same logic.",Easy
"TCS Priority Heap Ranker 14 Heaps TCS Cisco Company Wise TCS placement-style challenge focused on Heaps. You are given a compact assessment input and must apply top-k selection and priority queue maintenance. Explain your approach, handle edge cases, and return the required output exactly. 1 <= n <= 100000
Input values fit inside signed 32-bit integers.
Optimized solutions should target O(N log N) or better unless the prompt requires range structures. Identify the Heaps pattern before coding. Use top-k selection and priority queue maintenance instead of brute force whenever possible. Write down the invariant for the TCS round. Check empty, single item, duplicate, and boundary cases. Submit only after the sample and hidden-style cases follow the same logic.",Medium
"Infosys Graph Route Planner 14 Graphs Infosys Razorpay Company Wise Infosys placement-style challenge focused on Graphs. You are given a compact assessment input and must apply BFS, DFS, connected components, and cycle checks. Explain your approach, handle edge cases, and return the required output exactly. 1 <= n <= 100000
Input values fit inside signed 32-bit integers.
Optimized solutions should target O(N log N) or better unless the prompt requires range structures. Identify the Graphs pattern before coding. Use BFS, DFS, connected components, and cycle checks instead of brute force whenever possible. Write down the invariant for the Infosys round. Check empty, single item, duplicate, and boundary cases. Submit only after the sample and hidden-style cases follow the same logic.",Hard
"Wipro Recursive State Explorer 14 Recursion Wipro Netflix Company Wise Wipro placement-style challenge focused on Recursion. You are given a compact assessment input and must apply base cases and state transition trees. Explain your approach, handle edge cases, and return the required output exactly. 1 <= n <= 100000
Input values fit inside signed 32-bit integers.
Optimized solutions should target O(N log N) or better unless the prompt requires range structures. Identify the Recursion pattern before coding. Use base cases and state transition trees instead of brute force whenever possible. Write down the invariant for the Wipro round. Check empty, single item, duplicate, and boundary cases. Submit only after the sample and hidden-style cases follow the same logic.",Easy
"Accenture Backtracking Choice Builder 14 Backtracking Accenture TCS Company Wise Accenture placement-style challenge focused on Backtracking. You are given a compact assessment input and must apply choose-explore-unchoose search. Explain your approach, handle edge cases, and return the required output exactly. 1 <= n <= 100000
Input values fit inside signed 32-bit integers.
Optimized solutions should target O(N log N) or better unless the prompt requires range structures. Identify the Backtracking pattern before coding. Use choose-explore-unchoose search instead of brute force whenever possible. Write down the invariant for the Accenture round. Check empty, single item, duplicate, and boundary cases. Submit only after the sample and hidden-style cases follow the same logic.",Medium
"Capgemini Greedy Placement Optimizer 14 Greedy Algorithms Capgemini JP Morgan Company Wise Capgemini placement-style challenge focused on Greedy Algorithms. You are given a compact assessment input and must apply local optimal choices and sorting. Explain your approach, handle edge cases, and return the required output exactly. 1 <= n <= 100000
Input values fit inside signed 32-bit integers.
Optimized solutions should target O(N log N) or better unless the prompt requires range structures. Identify the Greedy Algorithms pattern before coding. Use local optimal choices and sorting instead of brute force whenever possible. Write down the invariant for the Capgemini round. Check empty, single item, duplicate, and boundary cases. Submit only after the sample and hidden-style cases follow the same logic.",Hard
"Cognizant DP Interview Grid 14 Dynamic Programming Cognizant Flipkart Company Wise Cognizant placement-style challenge focused on Dynamic Programming. You are given a compact assessment input and must apply memoization, tabulation, and transitions. Explain your approach, handle edge cases, and return the required output exactly. 1 <= n <= 100000
Input values fit inside signed 32-bit integers.
Optimized solutions should target O(N log N) or better unless the prompt requires range structures. Identify the Dynamic Programming pattern before coding. Use memoization, tabulation, and transitions instead of brute force whenever possible. Write down the invariant for the Cognizant round. Check empty, single item, duplicate, and boundary cases. Submit only after the sample and hidden-style cases follow the same logic.",Easy
"Goldman Sachs Trie Prefix Directory 14 Tries Goldman Sachs Google Company Wise Goldman Sachs placement-style challenge focused on Tries. You are given a compact assessment input and must apply prefix trees and character edges. Explain your approach, handle edge cases, and return the required output exactly. 1 <= n <= 100000
Input values fit inside signed 32-bit integers.
Optimized solutions should target O(N log N) or better unless the prompt requires range structures. Identify the Tries pattern before coding. Use prefix trees and character edges instead of brute force whenever possible. Write down the invariant for the Goldman Sachs round. Check empty, single item, duplicate, and boundary cases. Submit only after the sample and hidden-style cases follow the same logic.",Medium
"JP Morgan Segment Tree Query Engine 14 Segment Trees JP Morgan Airbnb Company Wise JP Morgan placement-style challenge focused on Segment Trees. You are given a compact assessment input and must apply range queries and logarithmic updates. Explain your approach, handle edge cases, and return the required output exactly. 1 <= n <= 100000
Input values fit inside signed 32-bit integers.
Optimized solutions should target O(N log N) or better unless the prompt requires range structures. Identify the Segment Trees pattern before coding. Use range queries and logarithmic updates instead of brute force whenever possible. Write down the invariant for the JP Morgan round. Check empty, single item, duplicate, and boundary cases. Submit only after the sample and hidden-style cases follow the same logic.",Hard
"Deloitte Bitmask Eligibility Filter 14 Bit Manipulation Deloitte Accenture Company Wise Deloitte placement-style challenge focused on Bit Manipulation. You are given a compact assessment input and must apply xor, masks, and binary flags. Explain your approach, handle edge cases, and return the required output exactly. 1 <= n <= 100000
Input values fit inside signed 32-bit integers.
Optimized solutions should target O(N log N) or better unless the prompt requires range structures. Identify the Bit Manipulation pattern before coding. Use xor, masks, and binary flags instead of brute force whenever possible. Write down the invariant for the Deloitte round. Check empty, single item, duplicate, and boundary cases. Submit only after the sample and hidden-style cases follow the same logic.",Easy
"PayPal Sliding Window Signal 14 Sliding Window PayPal Atlassian Company Wise PayPal placement-style challenge focused on Sliding Window. You are given a compact assessment input and must apply expand-shrink window invariants. Explain your approach, handle edge cases, and return the required output exactly. 1 <= n <= 100000
Input values fit inside signed 32-bit integers.
Optimized solutions should target O(N log N) or better unless the prompt requires range structures. Identify the Sliding Window pattern before coding. Use expand-shrink window invariants instead of brute force whenever possible. Write down the invariant for the PayPal round. Check empty, single item, duplicate, and boundary cases. Submit only after the sample and hidden-style cases follow the same logic.",Medium
"Atlassian Two Pointer Interview Sweep 14 Two Pointers Atlassian PhonePe Company Wise Atlassian placement-style challenge focused on Two Pointers. You are given a compact assessment input and must apply sorted scans and converging pointers. Explain your approach, handle edge cases, and return the required output exactly. 1 <= n <= 100000
Input values fit inside signed 32-bit integers.
Optimized solutions should target O(N log N) or better unless the prompt requires range structures. Identify the Two Pointers pattern before coding. Use sorted scans and converging pointers instead of brute force whenever possible. Write down the invariant for the Atlassian round. Check empty, single item, duplicate, and boundary cases. Submit only after the sample and hidden-style cases follow the same logic.",Hard
"Cisco System Constraint Challenge 14 Advanced Interview Problems Cisco Apple Company Wise Cisco placement-style challenge focused on Advanced Interview Problems. You are given a compact assessment input and must apply hybrid algorithms and edge-case analysis. Explain your approach, handle edge cases, and return the required output exactly. 1 <= n <= 100000
Input values fit inside signed 32-bit integers.
Optimized solutions should target O(N log N) or better unless the prompt requires range structures. Identify the Advanced Interview Problems pattern before coding. Use hybrid algorithms and edge-case analysis instead of brute force whenever possible. Write down the invariant for the Cisco round. Check empty, single item, duplicate, and boundary cases. Submit only after the sample and hidden-style cases follow the same logic.",Easy
"Intel Array Window Balancer 15 Arrays Intel Oracle Company Wise Intel placement-style challenge focused on Arrays. You are given a compact assessment input and must apply prefix sums, hashing, and careful index bounds. Explain your approach, handle edge cases, and return the required output exactly. 1 <= n <= 100000
Input values fit inside signed 32-bit integers.
Optimized solutions should target O(N log N) or better unless the prompt requires range structures. Identify the Arrays pattern before coding. Use prefix sums, hashing, and careful index bounds instead of brute force whenever possible. Write down the invariant for the Intel round. Check empty, single item, duplicate, and boundary cases. Submit only after the sample and hidden-style cases follow the same logic.",Medium
"NVIDIA String Pattern Normalizer 15 Strings NVIDIA Goldman Sachs Company Wise NVIDIA placement-style challenge focused on Strings. You are given a compact assessment input and must apply frequency tables, two pointers, and case handling. Explain your approach, handle edge cases, and return the required output exactly. 1 <= n <= 100000
Input values fit inside signed 32-bit integers.
Optimized solutions should target O(N log N) or better unless the prompt requires range structures. Identify the Strings pattern before coding. Use frequency tables, two pointers, and case handling instead of brute force whenever possible. Write down the invariant for the NVIDIA round. Check empty, single item, duplicate, and boundary cases. Submit only after the sample and hidden-style cases follow the same logic.",Hard
"Flipkart Linked List Pointer Repair 15 Linked Lists Flipkart NVIDIA Company Wise Flipkart placement-style challenge focused on Linked Lists. You are given a compact assessment input and must apply slow-fast pointers and safe node relinking. Explain your approach, handle edge cases, and return the required output exactly. 1 <= n <= 100000
Input values fit inside signed 32-bit integers.
Optimized solutions should target O(N log N) or better unless the prompt requires range structures. Identify the Linked Lists pattern before coding. Use slow-fast pointers and safe node relinking instead of brute force whenever possible. Write down the invariant for the Flipkart round. Check empty, single item, duplicate, and boundary cases. Submit only after the sample and hidden-style cases follow the same logic.",Easy
"Swiggy Stack Sequence Validator 15 Stacks Swiggy Amazon Company Wise Swiggy placement-style challenge focused on Stacks. You are given a compact assessment input and must apply monotonic stacks and bracket-style simulation. Explain your approach, handle edge cases, and return the required output exactly. 1 <= n <= 100000
Input values fit inside signed 32-bit integers.
Optimized solutions should target O(N log N) or better unless the prompt requires range structures. Identify the Stacks pattern before coding. Use monotonic stacks and bracket-style simulation instead of brute force whenever possible. Write down the invariant for the Swiggy round. Check empty, single item, duplicate, and boundary cases. Submit only after the sample and hidden-style cases follow the same logic.",Medium
"Zomato Queue Throughput Scheduler 15 Queues Zomato Uber Company Wise Zomato placement-style challenge focused on Queues. You are given a compact assessment input and must apply FIFO windows, deques, and event ordering. Explain your approach, handle edge cases, and return the required output exactly. 1 <= n <= 100000
Input values fit inside signed 32-bit integers.
Optimized solutions should target O(N log N) or better unless the prompt requires range structures. Identify the Queues pattern before coding. Use FIFO windows, deques, and event ordering instead of brute force whenever possible. Write down the invariant for the Zomato round. Check empty, single item, duplicate, and boundary cases. Submit only after the sample and hidden-style cases follow the same logic.",Hard
"PhonePe Hash Map Collision Resolver 15 Hashing PhonePe Wipro Company Wise PhonePe placement-style challenge focused on Hashing. You are given a compact assessment input and must apply constant-time lookup and duplicate tracking. Explain your approach, handle edge cases, and return the required output exactly. 1 <= n <= 100000
Input values fit inside signed 32-bit integers.
Optimized solutions should target O(N log N) or better unless the prompt requires range structures. Identify the Hashing pattern before coding. Use constant-time lookup and duplicate tracking instead of brute force whenever possible. Write down the invariant for the PhonePe round. Check empty, single item, duplicate, and boundary cases. Submit only after the sample and hidden-style cases follow the same logic.",Easy
"Razorpay Binary Tree Path Auditor 15 Trees Razorpay PayPal Company Wise Razorpay placement-style challenge focused on Trees. You are given a compact assessment input and must apply DFS traversal, recursion, and path accumulation. Explain your approach, handle edge cases, and return the required output exactly. 1 <= n <= 100000
Input values fit inside signed 32-bit integers.
Optimized solutions should target O(N log N) or better unless the prompt requires range structures. Identify the Trees pattern before coding. Use DFS traversal, recursion, and path accumulation instead of brute force whenever possible. Write down the invariant for the Razorpay round. Check empty, single item, duplicate, and boundary cases. Submit only after the sample and hidden-style cases follow the same logic.",Medium
"Zoho BST Range Inspector 15 Binary Search Trees Zoho Zomato Company Wise Zoho placement-style challenge focused on Binary Search Trees. You are given a compact assessment input and must apply ordered traversal and lower/upper bounds. Explain your approach, handle edge cases, and return the required output exactly. 1 <= n <= 100000
Input values fit inside signed 32-bit integers.
Optimized solutions should target O(N log N) or better unless the prompt requires range structures. Identify the Binary Search Trees pattern before coding. Use ordered traversal and lower/upper bounds instead of brute force whenever possible. Write down the invariant for the Zoho round. Check empty, single item, duplicate, and boundary cases. Submit only after the sample and hidden-style cases follow the same logic.",Hard
"Amazon Priority Heap Ranker 15 Heaps Amazon Meta Company Wise Amazon placement-style challenge focused on Heaps. You are given a compact assessment input and must apply top-k selection and priority queue maintenance. Explain your approach, handle edge cases, and return the required output exactly. 1 <= n <= 100000
Input values fit inside signed 32-bit integers.
Optimized solutions should target O(N log N) or better unless the prompt requires range structures. Identify the Heaps pattern before coding. Use top-k selection and priority queue maintenance instead of brute force whenever possible. Write down the invariant for the Amazon round. Check empty, single item, duplicate, and boundary cases. Submit only after the sample and hidden-style cases follow the same logic.",Easy
"Google Graph Route Planner 15 Graphs Google Salesforce Company Wise Google placement-style challenge focused on Graphs. You are given a compact assessment input and must apply BFS, DFS, connected components, and cycle checks. Explain your approach, handle edge cases, and return the required output exactly. 1 <= n <= 100000
Input values fit inside signed 32-bit integers.
Optimized solutions should target O(N log N) or better unless the prompt requires range structures. Identify the Graphs pattern before coding. Use BFS, DFS, connected components, and cycle checks instead of brute force whenever possible. Write down the invariant for the Google round. Check empty, single item, duplicate, and boundary cases. Submit only after the sample and hidden-style cases follow the same logic.",Medium
"Microsoft Recursive State Explorer 15 Recursion Microsoft Cognizant Company Wise Microsoft placement-style challenge focused on Recursion. You are given a compact assessment input and must apply base cases and state transition trees. Explain your approach, handle edge cases, and return the required output exactly. 1 <= n <= 100000
Input values fit inside signed 32-bit integers.
Optimized solutions should target O(N log N) or better unless the prompt requires range structures. Identify the Recursion pattern before coding. Use base cases and state transition trees instead of brute force whenever possible. Write down the invariant for the Microsoft round. Check empty, single item, duplicate, and boundary cases. Submit only after the sample and hidden-style cases follow the same logic.",Hard
"Meta Backtracking Choice Builder 15 Backtracking Meta Intel Company Wise Meta placement-style challenge focused on Backtracking. You are given a compact assessment input and must apply choose-explore-unchoose search. Explain your approach, handle edge cases, and return the required output exactly. 1 <= n <= 100000
Input values fit inside signed 32-bit integers.
Optimized solutions should target O(N log N) or better unless the prompt requires range structures. Identify the Backtracking pattern before coding. Use choose-explore-unchoose search instead of brute force whenever possible. Write down the invariant for the Meta round. Check empty, single item, duplicate, and boundary cases. Submit only after the sample and hidden-style cases follow the same logic.",Easy
"Apple Greedy Placement Optimizer 15 Greedy Algorithms Apple Zoho Company Wise Apple placement-style challenge focused on Greedy Algorithms. You are given a compact assessment input and must apply local optimal choices and sorting. Explain your approach, handle edge cases, and return the required output exactly. 1 <= n <= 100000
Input values fit inside signed 32-bit integers.
Optimized solutions should target O(N log N) or better unless the prompt requires range structures. Identify the Greedy Algorithms pattern before coding. Use local optimal choices and sorting instead of brute force whenever possible. Write down the invariant for the Apple round. Check empty, single item, duplicate, and boundary cases. Submit only after the sample and hidden-style cases follow the same logic.",Medium
"Netflix DP Interview Grid 15 Dynamic Programming Netflix Adobe Company Wise Netflix placement-style challenge focused on Dynamic Programming. You are given a compact assessment input and must apply memoization, tabulation, and transitions. Explain your approach, handle edge cases, and return the required output exactly. 1 <= n <= 100000
Input values fit inside signed 32-bit integers.
Optimized solutions should target O(N log N) or better unless the prompt requires range structures. Identify the Dynamic Programming pattern before coding. Use memoization, tabulation, and transitions instead of brute force whenever possible. Write down the invariant for the Netflix round. Check empty, single item, duplicate, and boundary cases. Submit only after the sample and hidden-style cases follow the same logic.",Hard
"Adobe Trie Prefix Directory 15 Tries Adobe Infosys Company Wise Adobe placement-style challenge focused on Tries. You are given a compact assessment input and must apply prefix trees and character edges. Explain your approach, handle edge cases, and return the required output exactly. 1 <= n <= 100000
Input values fit inside signed 32-bit integers.
Optimized solutions should target O(N log N) or better unless the prompt requires range structures. Identify the Tries pattern before coding. Use prefix trees and character edges instead of brute force whenever possible. Write down the invariant for the Adobe round. Check empty, single item, duplicate, and boundary cases. Submit only after the sample and hidden-style cases follow the same logic.",Easy
"Uber Segment Tree Query Engine 15 Segment Trees Uber Deloitte Company Wise Uber placement-style challenge focused on Segment Trees. You are given a compact assessment input and must apply range queries and logarithmic updates. Explain your approach, handle edge cases, and return the required output exactly. 1 <= n <= 100000
Input values fit inside signed 32-bit integers.
Optimized solutions should target O(N log N) or better unless the prompt requires range structures. Identify the Segment Trees pattern before coding. Use range queries and logarithmic updates instead of brute force whenever possible. Write down the invariant for the Uber round. Check empty, single item, duplicate, and boundary cases. Submit only after the sample and hidden-style cases follow the same logic.",Medium
"Airbnb Bitmask Eligibility Filter 15 Bit Manipulation Airbnb Swiggy Company Wise Airbnb placement-style challenge focused on Bit Manipulation. You are given a compact assessment input and must apply xor, masks, and binary flags. Explain your approach, handle edge cases, and return the required output exactly. 1 <= n <= 100000
Input values fit inside signed 32-bit integers.
Optimized solutions should target O(N log N) or better unless the prompt requires range structures. Identify the Bit Manipulation pattern before coding. Use xor, masks, and binary flags instead of brute force whenever possible. Write down the invariant for the Airbnb round. Check empty, single item, duplicate, and boundary cases. Submit only after the sample and hidden-style cases follow the same logic.",Hard
"Stripe Sliding Window Signal 15 Sliding Window Stripe Microsoft Company Wise Stripe placement-style challenge focused on Sliding Window. You are given a compact assessment input and must apply expand-shrink window invariants. Explain your approach, handle edge cases, and return the required output exactly. 1 <= n <= 100000
Input values fit inside signed 32-bit integers.
Optimized solutions should target O(N log N) or better unless the prompt requires range structures. Identify the Sliding Window pattern before coding. Use expand-shrink window invariants instead of brute force whenever possible. Write down the invariant for the Stripe round. Check empty, single item, duplicate, and boundary cases. Submit only after the sample and hidden-style cases follow the same logic.",Easy
"Salesforce Two Pointer Interview Sweep 15 Two Pointers Salesforce Stripe Company Wise Salesforce placement-style challenge focused on Two Pointers. You are given a compact assessment input and must apply sorted scans and converging pointers. Explain your approach, handle edge cases, and return the required output exactly. 1 <= n <= 100000
Input values fit inside signed 32-bit integers.
Optimized solutions should target O(N log N) or better unless the prompt requires range structures. Identify the Two Pointers pattern before coding. Use sorted scans and converging pointers instead of brute force whenever possible. Write down the invariant for the Salesforce round. Check empty, single item, duplicate, and boundary cases. Submit only after the sample and hidden-style cases follow the same logic.",Medium
"Oracle System Constraint Challenge 15 Advanced Interview Problems Oracle Capgemini Company Wise Oracle placement-style challenge focused on Advanced Interview Problems. You are given a compact assessment input and must apply hybrid algorithms and edge-case analysis. Explain your approach, handle edge cases, and return the required output exactly. 1 <= n <= 100000
Input values fit inside signed 32-bit integers.
Optimized solutions should target O(N log N) or better unless the prompt requires range structures. Identify the Advanced Interview Problems pattern before coding. Use hybrid algorithms and edge-case analysis instead of brute force whenever possible. Write down the invariant for the Oracle round. Check empty, single item, duplicate, and boundary cases. Submit only after the sample and hidden-style cases follow the same logic.",Hard
"TCS Array Window Balancer 16 Arrays TCS Cisco Company Wise TCS placement-style challenge focused on Arrays. You are given a compact assessment input and must apply prefix sums, hashing, and careful index bounds. Explain your approach, handle edge cases, and return the required output exactly. 1 <= n <= 100000
Input values fit inside signed 32-bit integers.
Optimized solutions should target O(N log N) or better unless the prompt requires range structures. Identify the Arrays pattern before coding. Use prefix sums, hashing, and careful index bounds instead of brute force whenever possible. Write down the invariant for the TCS round. Check empty, single item, duplicate, and boundary cases. Submit only after the sample and hidden-style cases follow the same logic.",Easy
"Infosys String Pattern Normalizer 16 Strings Infosys Razorpay Company Wise Infosys placement-style challenge focused on Strings. You are given a compact assessment input and must apply frequency tables, two pointers, and case handling. Explain your approach, handle edge cases, and return the required output exactly. 1 <= n <= 100000
Input values fit inside signed 32-bit integers.
Optimized solutions should target O(N log N) or better unless the prompt requires range structures. Identify the Strings pattern before coding. Use frequency tables, two pointers, and case handling instead of brute force whenever possible. Write down the invariant for the Infosys round. Check empty, single item, duplicate, and boundary cases. Submit only after the sample and hidden-style cases follow the same logic.",Medium
"Wipro Linked List Pointer Repair 16 Linked Lists Wipro Netflix Company Wise Wipro placement-style challenge focused on Linked Lists. You are given a compact assessment input and must apply slow-fast pointers and safe node relinking. Explain your approach, handle edge cases, and return the required output exactly. 1 <= n <= 100000
Input values fit inside signed 32-bit integers.
Optimized solutions should target O(N log N) or better unless the prompt requires range structures. Identify the Linked Lists pattern before coding. Use slow-fast pointers and safe node relinking instead of brute force whenever possible. Write down the invariant for the Wipro round. Check empty, single item, duplicate, and boundary cases. Submit only after the sample and hidden-style cases follow the same logic.",Hard
"Accenture Stack Sequence Validator 16 Stacks Accenture TCS Company Wise Accenture placement-style challenge focused on Stacks. You are given a compact assessment input and must apply monotonic stacks and bracket-style simulation. Explain your approach, handle edge cases, and return the required output exactly. 1 <= n <= 100000
Input values fit inside signed 32-bit integers.
Optimized solutions should target O(N log N) or better unless the prompt requires range structures. Identify the Stacks pattern before coding. Use monotonic stacks and bracket-style simulation instead of brute force whenever possible. Write down the invariant for the Accenture round. Check empty, single item, duplicate, and boundary cases. Submit only after the sample and hidden-style cases follow the same logic.",Easy
"Capgemini Queue Throughput Scheduler 16 Queues Capgemini JP Morgan Company Wise Capgemini placement-style challenge focused on Queues. You are given a compact assessment input and must apply FIFO windows, deques, and event ordering. Explain your approach, handle edge cases, and return the required output exactly. 1 <= n <= 100000
Input values fit inside signed 32-bit integers.
Optimized solutions should target O(N log N) or better unless the prompt requires range structures. Identify the Queues pattern before coding. Use FIFO windows, deques, and event ordering instead of brute force whenever possible. Write down the invariant for the Capgemini round. Check empty, single item, duplicate, and boundary cases. Submit only after the sample and hidden-style cases follow the same logic.",Medium
"Cognizant Hash Map Collision Resolver 16 Hashing Cognizant Flipkart Company Wise Cognizant placement-style challenge focused on Hashing. You are given a compact assessment input and must apply constant-time lookup and duplicate tracking. Explain your approach, handle edge cases, and return the required output exactly. 1 <= n <= 100000
Input values fit inside signed 32-bit integers.
Optimized solutions should target O(N log N) or better unless the prompt requires range structures. Identify the Hashing pattern before coding. Use constant-time lookup and duplicate tracking instead of brute force whenever possible. Write down the invariant for the Cognizant round. Check empty, single item, duplicate, and boundary cases. Submit only after the sample and hidden-style cases follow the same logic.",Hard
"Goldman Sachs Binary Tree Path Auditor 16 Trees Goldman Sachs Google Company Wise Goldman Sachs placement-style challenge focused on Trees. You are given a compact assessment input and must apply DFS traversal, recursion, and path accumulation. Explain your approach, handle edge cases, and return the required output exactly. 1 <= n <= 100000
Input values fit inside signed 32-bit integers.
Optimized solutions should target O(N log N) or better unless the prompt requires range structures. Identify the Trees pattern before coding. Use DFS traversal, recursion, and path accumulation instead of brute force whenever possible. Write down the invariant for the Goldman Sachs round. Check empty, single item, duplicate, and boundary cases. Submit only after the sample and hidden-style cases follow the same logic.",Easy
"JP Morgan BST Range Inspector 16 Binary Search Trees JP Morgan Airbnb Company Wise JP Morgan placement-style challenge focused on Binary Search Trees. You are given a compact assessment input and must apply ordered traversal and lower/upper bounds. Explain your approach, handle edge cases, and return the required output exactly. 1 <= n <= 100000
Input values fit inside signed 32-bit integers.
Optimized solutions should target O(N log N) or better unless the prompt requires range structures. Identify the Binary Search Trees pattern before coding. Use ordered traversal and lower/upper bounds instead of brute force whenever possible. Write down the invariant for the JP Morgan round. Check empty, single item, duplicate, and boundary cases. Submit only after the sample and hidden-style cases follow the same logic.",Medium
"Deloitte Priority Heap Ranker 16 Heaps Deloitte Accenture Company Wise Deloitte placement-style challenge focused on Heaps. You are given a compact assessment input and must apply top-k selection and priority queue maintenance. Explain your approach, handle edge cases, and return the required output exactly. 1 <= n <= 100000
Input values fit inside signed 32-bit integers.
Optimized solutions should target O(N log N) or better unless the prompt requires range structures. Identify the Heaps pattern before coding. Use top-k selection and priority queue maintenance instead of brute force whenever possible. Write down the invariant for the Deloitte round. Check empty, single item, duplicate, and boundary cases. Submit only after the sample and hidden-style cases follow the same logic.",Hard
"PayPal Graph Route Planner 16 Graphs PayPal Atlassian Company Wise PayPal placement-style challenge focused on Graphs. You are given a compact assessment input and must apply BFS, DFS, connected components, and cycle checks. Explain your approach, handle edge cases, and return the required output exactly. 1 <= n <= 100000
Input values fit inside signed 32-bit integers.
Optimized solutions should target O(N log N) or better unless the prompt requires range structures. Identify the Graphs pattern before coding. Use BFS, DFS, connected components, and cycle checks instead of brute force whenever possible. Write down the invariant for the PayPal round. Check empty, single item, duplicate, and boundary cases. Submit only after the sample and hidden-style cases follow the same logic.",Easy
"Atlassian Recursive State Explorer 16 Recursion Atlassian PhonePe Company Wise Atlassian placement-style challenge focused on Recursion. You are given a compact assessment input and must apply base cases and state transition trees. Explain your approach, handle edge cases, and return the required output exactly. 1 <= n <= 100000
Input values fit inside signed 32-bit integers.
Optimized solutions should target O(N log N) or better unless the prompt requires range structures. Identify the Recursion pattern before coding. Use base cases and state transition trees instead of brute force whenever possible. Write down the invariant for the Atlassian round. Check empty, single item, duplicate, and boundary cases. Submit only after the sample and hidden-style cases follow the same logic.",Medium
"Cisco Backtracking Choice Builder 16 Backtracking Cisco Apple Company Wise Cisco placement-style challenge focused on Backtracking. You are given a compact assessment input and must apply choose-explore-unchoose search. Explain your approach, handle edge cases, and return the required output exactly. 1 <= n <= 100000
Input values fit inside signed 32-bit integers.
Optimized solutions should target O(N log N) or better unless the prompt requires range structures. Identify the Backtracking pattern before coding. Use choose-explore-unchoose search instead of brute force whenever possible. Write down the invariant for the Cisco round. Check empty, single item, duplicate, and boundary cases. Submit only after the sample and hidden-style cases follow the same logic.",Hard
"Intel Greedy Placement Optimizer 16 Greedy Algorithms Intel Oracle Company Wise Intel placement-style challenge focused on Greedy Algorithms. You are given a compact assessment input and must apply local optimal choices and sorting. Explain your approach, handle edge cases, and return the required output exactly. 1 <= n <= 100000
Input values fit inside signed 32-bit integers.
Optimized solutions should target O(N log N) or better unless the prompt requires range structures. Identify the Greedy Algorithms pattern before coding. Use local optimal choices and sorting instead of brute force whenever possible. Write down the invariant for the Intel round. Check empty, single item, duplicate, and boundary cases. Submit only after the sample and hidden-style cases follow the same logic.",Easy
"NVIDIA DP Interview Grid 16 Dynamic Programming NVIDIA Goldman Sachs Company Wise NVIDIA placement-style challenge focused on Dynamic Programming. You are given a compact assessment input and must apply memoization, tabulation, and transitions. Explain your approach, handle edge cases, and return the required output exactly. 1 <= n <= 100000
Input values fit inside signed 32-bit integers.
Optimized solutions should target O(N log N) or better unless the prompt requires range structures. Identify the Dynamic Programming pattern before coding. Use memoization, tabulation, and transitions instead of brute force whenever possible. Write down the invariant for the NVIDIA round. Check empty, single item, duplicate, and boundary cases. Submit only after the sample and hidden-style cases follow the same logic.",Medium
"Flipkart Trie Prefix Directory 16 Tries Flipkart NVIDIA Company Wise Flipkart placement-style challenge focused on Tries. You are given a compact assessment input and must apply prefix trees and character edges. Explain your approach, handle edge cases, and return the required output exactly. 1 <= n <= 100000
Input values fit inside signed 32-bit integers.
Optimized solutions should target O(N log N) or better unless the prompt requires range structures. Identify the Tries pattern before coding. Use prefix trees and character edges instead of brute force whenever possible. Write down the invariant for the Flipkart round. Check empty, single item, duplicate, and boundary cases. Submit only after the sample and hidden-style cases follow the same logic.",Hard
"Swiggy Segment Tree Query Engine 16 Segment Trees Swiggy Amazon Company Wise Swiggy placement-style challenge focused on Segment Trees. You are given a compact assessment input and must apply range queries and logarithmic updates. Explain your approach, handle edge cases, and return the required output exactly. 1 <= n <= 100000
Input values fit inside signed 32-bit integers.
Optimized solutions should target O(N log N) or better unless the prompt requires range structures. Identify the Segment Trees pattern before coding. Use range queries and logarithmic updates instead of brute force whenever possible. Write down the invariant for the Swiggy round. Check empty, single item, duplicate, and boundary cases. Submit only after the sample and hidden-style cases follow the same logic.",Easy
"Zomato Bitmask Eligibility Filter 16 Bit Manipulation Zomato Uber Company Wise Zomato placement-style challenge focused on Bit Manipulation. You are given a compact assessment input and must apply xor, masks, and binary flags. Explain your approach, handle edge cases, and return the required output exactly. 1 <= n <= 100000
Input values fit inside signed 32-bit integers.
Optimized solutions should target O(N log N) or better unless the prompt requires range structures. Identify the Bit Manipulation pattern before coding. Use xor, masks, and binary flags instead of brute force whenever possible. Write down the invariant for the Zomato round. Check empty, single item, duplicate, and boundary cases. Submit only after the sample and hidden-style cases follow the same logic.",Medium
"PhonePe Sliding Window Signal 16 Sliding Window PhonePe Wipro Company Wise PhonePe placement-style challenge focused on Sliding Window. You are given a compact assessment input and must apply expand-shrink window invariants. Explain your approach, handle edge cases, and return the required output exactly. 1 <= n <= 100000
Input values fit inside signed 32-bit integers.
Optimized solutions should target O(N log N) or better unless the prompt requires range structures. Identify the Sliding Window pattern before coding. Use expand-shrink window invariants instead of brute force whenever possible. Write down the invariant for the PhonePe round. Check empty, single item, duplicate, and boundary cases. Submit only after the sample and hidden-style cases follow the same logic.",Hard
"Razorpay Two Pointer Interview Sweep 16 Two Pointers Razorpay PayPal Company Wise Razorpay placement-style challenge focused on Two Pointers. You are given a compact assessment input and must apply sorted scans and converging pointers. Explain your approach, handle edge cases, and return the required output exactly. 1 <= n <= 100000
Input values fit inside signed 32-bit integers.
Optimized solutions should target O(N log N) or better unless the prompt requires range structures. Identify the Two Pointers pattern before coding. Use sorted scans and converging pointers instead of brute force whenever possible. Write down the invariant for the Razorpay round. Check empty, single item, duplicate, and boundary cases. Submit only after the sample and hidden-style cases follow the same logic.",Easy
"Zoho System Constraint Challenge 16 Advanced Interview Problems Zoho Zomato Company Wise Zoho placement-style challenge focused on Advanced Interview Problems. You are given a compact assessment input and must apply hybrid algorithms and edge-case analysis. Explain your approach, handle edge cases, and return the required output exactly. 1 <= n <= 100000
Input values fit inside signed 32-bit integers.
Optimized solutions should target O(N log N) or better unless the prompt requires range structures. Identify the Advanced Interview Problems pattern before coding. Use hybrid algorithms and edge-case analysis instead of brute force whenever possible. Write down the invariant for the Zoho round. Check empty, single item, duplicate, and boundary cases. Submit only after the sample and hidden-style cases follow the same logic.",Medium
"Amazon Array Window Balancer 17 Arrays Amazon Meta Company Wise Amazon placement-style challenge focused on Arrays. You are given a compact assessment input and must apply prefix sums, hashing, and careful index bounds. Explain your approach, handle edge cases, and return the required output exactly. 1 <= n <= 100000
Input values fit inside signed 32-bit integers.
Optimized solutions should target O(N log N) or better unless the prompt requires range structures. Identify the Arrays pattern before coding. Use prefix sums, hashing, and careful index bounds instead of brute force whenever possible. Write down the invariant for the Amazon round. Check empty, single item, duplicate, and boundary cases. Submit only after the sample and hidden-style cases follow the same logic.",Hard
"Google String Pattern Normalizer 17 Strings Google Salesforce Company Wise Google placement-style challenge focused on Strings. You are given a compact assessment input and must apply frequency tables, two pointers, and case handling. Explain your approach, handle edge cases, and return the required output exactly. 1 <= n <= 100000
Input values fit inside signed 32-bit integers.
Optimized solutions should target O(N log N) or better unless the prompt requires range structures. Identify the Strings pattern before coding. Use frequency tables, two pointers, and case handling instead of brute force whenever possible. Write down the invariant for the Google round. Check empty, single item, duplicate, and boundary cases. Submit only after the sample and hidden-style cases follow the same logic.",Easy
"Microsoft Linked List Pointer Repair 17 Linked Lists Microsoft Cognizant Company Wise Microsoft placement-style challenge focused on Linked Lists. You are given a compact assessment input and must apply slow-fast pointers and safe node relinking. Explain your approach, handle edge cases, and return the required output exactly. 1 <= n <= 100000
Input values fit inside signed 32-bit integers.
Optimized solutions should target O(N log N) or better unless the prompt requires range structures. Identify the Linked Lists pattern before coding. Use slow-fast pointers and safe node relinking instead of brute force whenever possible. Write down the invariant for the Microsoft round. Check empty, single item, duplicate, and boundary cases. Submit only after the sample and hidden-style cases follow the same logic.",Medium
"Meta Stack Sequence Validator 17 Stacks Meta Intel Company Wise Meta placement-style challenge focused on Stacks. You are given a compact assessment input and must apply monotonic stacks and bracket-style simulation. Explain your approach, handle edge cases, and return the required output exactly. 1 <= n <= 100000
Input values fit inside signed 32-bit integers.
Optimized solutions should target O(N log N) or better unless the prompt requires range structures. Identify the Stacks pattern before coding. Use monotonic stacks and bracket-style simulation instead of brute force whenever possible. Write down the invariant for the Meta round. Check empty, single item, duplicate, and boundary cases. Submit only after the sample and hidden-style cases follow the same logic.",Hard
"Apple Queue Throughput Scheduler 17 Queues Apple Zoho Company Wise Apple placement-style challenge focused on Queues. You are given a compact assessment input and must apply FIFO windows, deques, and event ordering. Explain your approach, handle edge cases, and return the required output exactly. 1 <= n <= 100000
Input values fit inside signed 32-bit integers.
Optimized solutions should target O(N log N) or better unless the prompt requires range structures. Identify the Queues pattern before coding. Use FIFO windows, deques, and event ordering instead of brute force whenever possible. Write down the invariant for the Apple round. Check empty, single item, duplicate, and boundary cases. Submit only after the sample and hidden-style cases follow the same logic.",Easy
"Netflix Hash Map Collision Resolver 17 Hashing Netflix Adobe Company Wise Netflix placement-style challenge focused on Hashing. You are given a compact assessment input and must apply constant-time lookup and duplicate tracking. Explain your approach, handle edge cases, and return the required output exactly. 1 <= n <= 100000
Input values fit inside signed 32-bit integers.
Optimized solutions should target O(N log N) or better unless the prompt requires range structures. Identify the Hashing pattern before coding. Use constant-time lookup and duplicate tracking instead of brute force whenever possible. Write down the invariant for the Netflix round. Check empty, single item, duplicate, and boundary cases. Submit only after the sample and hidden-style cases follow the same logic.",Medium
"Adobe Binary Tree Path Auditor 17 Trees Adobe Infosys Company Wise Adobe placement-style challenge focused on Trees. You are given a compact assessment input and must apply DFS traversal, recursion, and path accumulation. Explain your approach, handle edge cases, and return the required output exactly. 1 <= n <= 100000
Input values fit inside signed 32-bit integers.
Optimized solutions should target O(N log N) or better unless the prompt requires range structures. Identify the Trees pattern before coding. Use DFS traversal, recursion, and path accumulation instead of brute force whenever possible. Write down the invariant for the Adobe round. Check empty, single item, duplicate, and boundary cases. Submit only after the sample and hidden-style cases follow the same logic.",Hard
"Uber BST Range Inspector 17 Binary Search Trees Uber Deloitte Company Wise Uber placement-style challenge focused on Binary Search Trees. You are given a compact assessment input and must apply ordered traversal and lower/upper bounds. Explain your approach, handle edge cases, and return the required output exactly. 1 <= n <= 100000
Input values fit inside signed 32-bit integers.
Optimized solutions should target O(N log N) or better unless the prompt requires range structures. Identify the Binary Search Trees pattern before coding. Use ordered traversal and lower/upper bounds instead of brute force whenever possible. Write down the invariant for the Uber round. Check empty, single item, duplicate, and boundary cases. Submit only after the sample and hidden-style cases follow the same logic.",Easy
"Airbnb Priority Heap Ranker 17 Heaps Airbnb Swiggy Company Wise Airbnb placement-style challenge focused on Heaps. You are given a compact assessment input and must apply top-k selection and priority queue maintenance. Explain your approach, handle edge cases, and return the required output exactly. 1 <= n <= 100000
Input values fit inside signed 32-bit integers.
Optimized solutions should target O(N log N) or better unless the prompt requires range structures. Identify the Heaps pattern before coding. Use top-k selection and priority queue maintenance instead of brute force whenever possible. Write down the invariant for the Airbnb round. Check empty, single item, duplicate, and boundary cases. Submit only after the sample and hidden-style cases follow the same logic.",Medium
"Stripe Graph Route Planner 17 Graphs Stripe Microsoft Company Wise Stripe placement-style challenge focused on Graphs. You are given a compact assessment input and must apply BFS, DFS, connected components, and cycle checks. Explain your approach, handle edge cases, and return the required output exactly. 1 <= n <= 100000
Input values fit inside signed 32-bit integers.
Optimized solutions should target O(N log N) or better unless the prompt requires range structures. Identify the Graphs pattern before coding. Use BFS, DFS, connected components, and cycle checks instead of brute force whenever possible. Write down the invariant for the Stripe round. Check empty, single item, duplicate, and boundary cases. Submit only after the sample and hidden-style cases follow the same logic.",Hard
"Salesforce Recursive State Explorer 17 Recursion Salesforce Stripe Company Wise Salesforce placement-style challenge focused on Recursion. You are given a compact assessment input and must apply base cases and state transition trees. Explain your approach, handle edge cases, and return the required output exactly. 1 <= n <= 100000
Input values fit inside signed 32-bit integers.
Optimized solutions should target O(N log N) or better unless the prompt requires range structures. Identify the Recursion pattern before coding. Use base cases and state transition trees instead of brute force whenever possible. Write down the invariant for the Salesforce round. Check empty, single item, duplicate, and boundary cases. Submit only after the sample and hidden-style cases follow the same logic.",Easy
"Oracle Backtracking Choice Builder 17 Backtracking Oracle Capgemini Company Wise Oracle placement-style challenge focused on Backtracking. You are given a compact assessment input and must apply choose-explore-unchoose search. Explain your approach, handle edge cases, and return the required output exactly. 1 <= n <= 100000
Input values fit inside signed 32-bit integers.
Optimized solutions should target O(N log N) or better unless the prompt requires range structures. Identify the Backtracking pattern before coding. Use choose-explore-unchoose search instead of brute force whenever possible. Write down the invariant for the Oracle round. Check empty, single item, duplicate, and boundary cases. Submit only after the sample and hidden-style cases follow the same logic.",Medium
"TCS Greedy Placement Optimizer 17 Greedy Algorithms TCS Cisco Company Wise TCS placement-style challenge focused on Greedy Algorithms. You are given a compact assessment input and must apply local optimal choices and sorting. Explain your approach, handle edge cases, and return the required output exactly. 1 <= n <= 100000
Input values fit inside signed 32-bit integers.
Optimized solutions should target O(N log N) or better unless the prompt requires range structures. Identify the Greedy Algorithms pattern before coding. Use local optimal choices and sorting instead of brute force whenever possible. Write down the invariant for the TCS round. Check empty, single item, duplicate, and boundary cases. Submit only after the sample and hidden-style cases follow the same logic.",Hard
"Infosys DP Interview Grid 17 Dynamic Programming Infosys Razorpay Company Wise Infosys placement-style challenge focused on Dynamic Programming. You are given a compact assessment input and must apply memoization, tabulation, and transitions. Explain your approach, handle edge cases, and return the required output exactly. 1 <= n <= 100000
Input values fit inside signed 32-bit integers.
Optimized solutions should target O(N log N) or better unless the prompt requires range structures. Identify the Dynamic Programming pattern before coding. Use memoization, tabulation, and transitions instead of brute force whenever possible. Write down the invariant for the Infosys round. Check empty, single item, duplicate, and boundary cases. Submit only after the sample and hidden-style cases follow the same logic.",Easy
"Wipro Trie Prefix Directory 17 Tries Wipro Netflix Company Wise Wipro placement-style challenge focused on Tries. You are given a compact assessment input and must apply prefix trees and character edges. Explain your approach, handle edge cases, and return the required output exactly. 1 <= n <= 100000
Input values fit inside signed 32-bit integers.
Optimized solutions should target O(N log N) or better unless the prompt requires range structures. Identify the Tries pattern before coding. Use prefix trees and character edges instead of brute force whenever possible. Write down the invariant for the Wipro round. Check empty, single item, duplicate, and boundary cases. Submit only after the sample and hidden-style cases follow the same logic.",Medium
"Accenture Segment Tree Query Engine 17 Segment Trees Accenture TCS Company Wise Accenture placement-style challenge focused on Segment Trees. You are given a compact assessment input and must apply range queries and logarithmic updates. Explain your approach, handle edge cases, and return the required output exactly. 1 <= n <= 100000
Input values fit inside signed 32-bit integers.
Optimized solutions should target O(N log N) or better unless the prompt requires range structures. Identify the Segment Trees pattern before coding. Use range queries and logarithmic updates instead of brute force whenever possible. Write down the invariant for the Accenture round. Check empty, single item, duplicate, and boundary cases. Submit only after the sample and hidden-style cases follow the same logic.",Hard
"Capgemini Bitmask Eligibility Filter 17 Bit Manipulation Capgemini JP Morgan Company Wise Capgemini placement-style challenge focused on Bit Manipulation. You are given a compact assessment input and must apply xor, masks, and binary flags. Explain your approach, handle edge cases, and return the required output exactly. 1 <= n <= 100000
Input values fit inside signed 32-bit integers.
Optimized solutions should target O(N log N) or better unless the prompt requires range structures. Identify the Bit Manipulation pattern before coding. Use xor, masks, and binary flags instead of brute force whenever possible. Write down the invariant for the Capgemini round. Check empty, single item, duplicate, and boundary cases. Submit only after the sample and hidden-style cases follow the same logic.",Easy
"Cognizant Sliding Window Signal 17 Sliding Window Cognizant Flipkart Company Wise Cognizant placement-style challenge focused on Sliding Window. You are given a compact assessment input and must apply expand-shrink window invariants. Explain your approach, handle edge cases, and return the required output exactly. 1 <= n <= 100000
Input values fit inside signed 32-bit integers.
Optimized solutions should target O(N log N) or better unless the prompt requires range structures. Identify the Sliding Window pattern before coding. Use expand-shrink window invariants instead of brute force whenever possible. Write down the invariant for the Cognizant round. Check empty, single item, duplicate, and boundary cases. Submit only after the sample and hidden-style cases follow the same logic.",Medium
"Goldman Sachs Two Pointer Interview Sweep 17 Two Pointers Goldman Sachs Google Company Wise Goldman Sachs placement-style challenge focused on Two Pointers. You are given a compact assessment input and must apply sorted scans and converging pointers. Explain your approach, handle edge cases, and return the required output exactly. 1 <= n <= 100000
Input values fit inside signed 32-bit integers.
Optimized solutions should target O(N log N) or better unless the prompt requires range structures. Identify the Two Pointers pattern before coding. Use sorted scans and converging pointers instead of brute force whenever possible. Write down the invariant for the Goldman Sachs round. Check empty, single item, duplicate, and boundary cases. Submit only after the sample and hidden-style cases follow the same logic.",Hard
"JP Morgan System Constraint Challenge 17 Advanced Interview Problems JP Morgan Airbnb Company Wise JP Morgan placement-style challenge focused on Advanced Interview Problems. You are given a compact assessment input and must apply hybrid algorithms and edge-case analysis. Explain your approach, handle edge cases, and return the required output exactly. 1 <= n <= 100000
Input values fit inside signed 32-bit integers.
Optimized solutions should target O(N log N) or better unless the prompt requires range structures. Identify the Advanced Interview Problems pattern before coding. Use hybrid algorithms and edge-case analysis instead of brute force whenever possible. Write down the invariant for the JP Morgan round. Check empty, single item, duplicate, and boundary cases. Submit only after the sample and hidden-style cases follow the same logic.",Easy
"Deloitte Array Window Balancer 18 Arrays Deloitte Accenture Company Wise Deloitte placement-style challenge focused on Arrays. You are given a compact assessment input and must apply prefix sums, hashing, and careful index bounds. Explain your approach, handle edge cases, and return the required output exactly. 1 <= n <= 100000
Input values fit inside signed 32-bit integers.
Optimized solutions should target O(N log N) or better unless the prompt requires range structures. Identify the Arrays pattern before coding. Use prefix sums, hashing, and careful index bounds instead of brute force whenever possible. Write down the invariant for the Deloitte round. Check empty, single item, duplicate, and boundary cases. Submit only after the sample and hidden-style cases follow the same logic.",Medium
"PayPal String Pattern Normalizer 18 Strings PayPal Atlassian Company Wise PayPal placement-style challenge focused on Strings. You are given a compact assessment input and must apply frequency tables, two pointers, and case handling. Explain your approach, handle edge cases, and return the required output exactly. 1 <= n <= 100000
Input values fit inside signed 32-bit integers.
Optimized solutions should target O(N log N) or better unless the prompt requires range structures. Identify the Strings pattern before coding. Use frequency tables, two pointers, and case handling instead of brute force whenever possible. Write down the invariant for the PayPal round. Check empty, single item, duplicate, and boundary cases. Submit only after the sample and hidden-style cases follow the same logic.",Hard
"Atlassian Linked List Pointer Repair 18 Linked Lists Atlassian PhonePe Company Wise Atlassian placement-style challenge focused on Linked Lists. You are given a compact assessment input and must apply slow-fast pointers and safe node relinking. Explain your approach, handle edge cases, and return the required output exactly. 1 <= n <= 100000
Input values fit inside signed 32-bit integers.
Optimized solutions should target O(N log N) or better unless the prompt requires range structures. Identify the Linked Lists pattern before coding. Use slow-fast pointers and safe node relinking instead of brute force whenever possible. Write down the invariant for the Atlassian round. Check empty, single item, duplicate, and boundary cases. Submit only after the sample and hidden-style cases follow the same logic.",Easy
"Cisco Stack Sequence Validator 18 Stacks Cisco Apple Company Wise Cisco placement-style challenge focused on Stacks. You are given a compact assessment input and must apply monotonic stacks and bracket-style simulation. Explain your approach, handle edge cases, and return the required output exactly. 1 <= n <= 100000
Input values fit inside signed 32-bit integers.
Optimized solutions should target O(N log N) or better unless the prompt requires range structures. Identify the Stacks pattern before coding. Use monotonic stacks and bracket-style simulation instead of brute force whenever possible. Write down the invariant for the Cisco round. Check empty, single item, duplicate, and boundary cases. Submit only after the sample and hidden-style cases follow the same logic.",Medium
"Intel Queue Throughput Scheduler 18 Queues Intel Oracle Company Wise Intel placement-style challenge focused on Queues. You are given a compact assessment input and must apply FIFO windows, deques, and event ordering. Explain your approach, handle edge cases, and return the required output exactly. 1 <= n <= 100000
Input values fit inside signed 32-bit integers.
Optimized solutions should target O(N log N) or better unless the prompt requires range structures. Identify the Queues pattern before coding. Use FIFO windows, deques, and event ordering instead of brute force whenever possible. Write down the invariant for the Intel round. Check empty, single item, duplicate, and boundary cases. Submit only after the sample and hidden-style cases follow the same logic.",Hard
"NVIDIA Hash Map Collision Resolver 18 Hashing NVIDIA Goldman Sachs Company Wise NVIDIA placement-style challenge focused on Hashing. You are given a compact assessment input and must apply constant-time lookup and duplicate tracking. Explain your approach, handle edge cases, and return the required output exactly. 1 <= n <= 100000
Input values fit inside signed 32-bit integers.
Optimized solutions should target O(N log N) or better unless the prompt requires range structures. Identify the Hashing pattern before coding. Use constant-time lookup and duplicate tracking instead of brute force whenever possible. Write down the invariant for the NVIDIA round. Check empty, single item, duplicate, and boundary cases. Submit only after the sample and hidden-style cases follow the same logic.",Easy
"Flipkart Binary Tree Path Auditor 18 Trees Flipkart NVIDIA Company Wise Flipkart placement-style challenge focused on Trees. You are given a compact assessment input and must apply DFS traversal, recursion, and path accumulation. Explain your approach, handle edge cases, and return the required output exactly. 1 <= n <= 100000
Input values fit inside signed 32-bit integers.
Optimized solutions should target O(N log N) or better unless the prompt requires range structures. Identify the Trees pattern before coding. Use DFS traversal, recursion, and path accumulation instead of brute force whenever possible. Write down the invariant for the Flipkart round. Check empty, single item, duplicate, and boundary cases. Submit only after the sample and hidden-style cases follow the same logic.",Medium
"Swiggy BST Range Inspector 18 Binary Search Trees Swiggy Amazon Company Wise Swiggy placement-style challenge focused on Binary Search Trees. You are given a compact assessment input and must apply ordered traversal and lower/upper bounds. Explain your approach, handle edge cases, and return the required output exactly. 1 <= n <= 100000
Input values fit inside signed 32-bit integers.
Optimized solutions should target O(N log N) or better unless the prompt requires range structures. Identify the Binary Search Trees pattern before coding. Use ordered traversal and lower/upper bounds instead of brute force whenever possible. Write down the invariant for the Swiggy round. Check empty, single item, duplicate, and boundary cases. Submit only after the sample and hidden-style cases follow the same logic.",Hard
"Zomato Priority Heap Ranker 18 Heaps Zomato Uber Company Wise Zomato placement-style challenge focused on Heaps. You are given a compact assessment input and must apply top-k selection and priority queue maintenance. Explain your approach, handle edge cases, and return the required output exactly. 1 <= n <= 100000
Input values fit inside signed 32-bit integers.
Optimized solutions should target O(N log N) or better unless the prompt requires range structures. Identify the Heaps pattern before coding. Use top-k selection and priority queue maintenance instead of brute force whenever possible. Write down the invariant for the Zomato round. Check empty, single item, duplicate, and boundary cases. Submit only after the sample and hidden-style cases follow the same logic.",Easy
"PhonePe Graph Route Planner 18 Graphs PhonePe Wipro Company Wise PhonePe placement-style challenge focused on Graphs. You are given a compact assessment input and must apply BFS, DFS, connected components, and cycle checks. Explain your approach, handle edge cases, and return the required output exactly. 1 <= n <= 100000
Input values fit inside signed 32-bit integers.
Optimized solutions should target O(N log N) or better unless the prompt requires range structures. Identify the Graphs pattern before coding. Use BFS, DFS, connected components, and cycle checks instead of brute force whenever possible. Write down the invariant for the PhonePe round. Check empty, single item, duplicate, and boundary cases. Submit only after the sample and hidden-style cases follow the same logic.",Medium
"Razorpay Recursive State Explorer 18 Recursion Razorpay PayPal Company Wise Razorpay placement-style challenge focused on Recursion. You are given a compact assessment input and must apply base cases and state transition trees. Explain your approach, handle edge cases, and return the required output exactly. 1 <= n <= 100000
Input values fit inside signed 32-bit integers.
Optimized solutions should target O(N log N) or better unless the prompt requires range structures. Identify the Recursion pattern before coding. Use base cases and state transition trees instead of brute force whenever possible. Write down the invariant for the Razorpay round. Check empty, single item, duplicate, and boundary cases. Submit only after the sample and hidden-style cases follow the same logic.",Hard
"Zoho Backtracking Choice Builder 18 Backtracking Zoho Zomato Company Wise Zoho placement-style challenge focused on Backtracking. You are given a compact assessment input and must apply choose-explore-unchoose search. Explain your approach, handle edge cases, and return the required output exactly. 1 <= n <= 100000
Input values fit inside signed 32-bit integers.
Optimized solutions should target O(N log N) or better unless the prompt requires range structures. Identify the Backtracking pattern before coding. Use choose-explore-unchoose search instead of brute force whenever possible. Write down the invariant for the Zoho round. Check empty, single item, duplicate, and boundary cases. Submit only after the sample and hidden-style cases follow the same logic.",Easy
"Amazon Greedy Placement Optimizer 18 Greedy Algorithms Amazon Meta Company Wise Amazon placement-style challenge focused on Greedy Algorithms. You are given a compact assessment input and must apply local optimal choices and sorting. Explain your approach, handle edge cases, and return the required output exactly. 1 <= n <= 100000
Input values fit inside signed 32-bit integers.
Optimized solutions should target O(N log N) or better unless the prompt requires range structures. Identify the Greedy Algorithms pattern before coding. Use local optimal choices and sorting instead of brute force whenever possible. Write down the invariant for the Amazon round. Check empty, single item, duplicate, and boundary cases. Submit only after the sample and hidden-style cases follow the same logic.",Medium
"Google DP Interview Grid 18 Dynamic Programming Google Salesforce Company Wise Google placement-style challenge focused on Dynamic Programming. You are given a compact assessment input and must apply memoization, tabulation, and transitions. Explain your approach, handle edge cases, and return the required output exactly. 1 <= n <= 100000
Input values fit inside signed 32-bit integers.
Optimized solutions should target O(N log N) or better unless the prompt requires range structures. Identify the Dynamic Programming pattern before coding. Use memoization, tabulation, and transitions instead of brute force whenever possible. Write down the invariant for the Google round. Check empty, single item, duplicate, and boundary cases. Submit only after the sample and hidden-style cases follow the same logic.",Hard
"Microsoft Trie Prefix Directory 18 Tries Microsoft Cognizant Company Wise Microsoft placement-style challenge focused on Tries. You are given a compact assessment input and must apply prefix trees and character edges. Explain your approach, handle edge cases, and return the required output exactly. 1 <= n <= 100000
Input values fit inside signed 32-bit integers.
Optimized solutions should target O(N log N) or better unless the prompt requires range structures. Identify the Tries pattern before coding. Use prefix trees and character edges instead of brute force whenever possible. Write down the invariant for the Microsoft round. Check empty, single item, duplicate, and boundary cases. Submit only after the sample and hidden-style cases follow the same logic.",Easy
"Meta Segment Tree Query Engine 18 Segment Trees Meta Intel Company Wise Meta placement-style challenge focused on Segment Trees. You are given a compact assessment input and must apply range queries and logarithmic updates. Explain your approach, handle edge cases, and return the required output exactly. 1 <= n <= 100000
Input values fit inside signed 32-bit integers.
Optimized solutions should target O(N log N) or better unless the prompt requires range structures. Identify the Segment Trees pattern before coding. Use range queries and logarithmic updates instead of brute force whenever possible. Write down the invariant for the Meta round. Check empty, single item, duplicate, and boundary cases. Submit only after the sample and hidden-style cases follow the same logic.",Medium
"Apple Bitmask Eligibility Filter 18 Bit Manipulation Apple Zoho Company Wise Apple placement-style challenge focused on Bit Manipulation. You are given a compact assessment input and must apply xor, masks, and binary flags. Explain your approach, handle edge cases, and return the required output exactly. 1 <= n <= 100000
Input values fit inside signed 32-bit integers.
Optimized solutions should target O(N log N) or better unless the prompt requires range structures. Identify the Bit Manipulation pattern before coding. Use xor, masks, and binary flags instead of brute force whenever possible. Write down the invariant for the Apple round. Check empty, single item, duplicate, and boundary cases. Submit only after the sample and hidden-style cases follow the same logic.",Hard
"Netflix Sliding Window Signal 18 Sliding Window Netflix Adobe Company Wise Netflix placement-style challenge focused on Sliding Window. You are given a compact assessment input and must apply expand-shrink window invariants. Explain your approach, handle edge cases, and return the required output exactly. 1 <= n <= 100000
Input values fit inside signed 32-bit integers.
Optimized solutions should target O(N log N) or better unless the prompt requires range structures. Identify the Sliding Window pattern before coding. Use expand-shrink window invariants instead of brute force whenever possible. Write down the invariant for the Netflix round. Check empty, single item, duplicate, and boundary cases. Submit only after the sample and hidden-style cases follow the same logic.",Easy
"Adobe Two Pointer Interview Sweep 18 Two Pointers Adobe Infosys Company Wise Adobe placement-style challenge focused on Two Pointers. You are given a compact assessment input and must apply sorted scans and converging pointers. Explain your approach, handle edge cases, and return the required output exactly. 1 <= n <= 100000
Input values fit inside signed 32-bit integers.
Optimized solutions should target O(N log N) or better unless the prompt requires range structures. Identify the Two Pointers pattern before coding. Use sorted scans and converging pointers instead of brute force whenever possible. Write down the invariant for the Adobe round. Check empty, single item, duplicate, and boundary cases. Submit only after the sample and hidden-style cases follow the same logic.",Medium
"Uber System Constraint Challenge 18 Advanced Interview Problems Uber Deloitte Company Wise Uber placement-style challenge focused on Advanced Interview Problems. You are given a compact assessment input and must apply hybrid algorithms and edge-case analysis. Explain your approach, handle edge cases, and return the required output exactly. 1 <= n <= 100000
Input values fit inside signed 32-bit integers.
Optimized solutions should target O(N log N) or better unless the prompt requires range structures. Identify the Advanced Interview Problems pattern before coding. Use hybrid algorithms and edge-case analysis instead of brute force whenever possible. Write down the invariant for the Uber round. Check empty, single item, duplicate, and boundary cases. Submit only after the sample and hidden-style cases follow the same logic.",Hard
"Airbnb Array Window Balancer 19 Arrays Airbnb Swiggy Company Wise Airbnb placement-style challenge focused on Arrays. You are given a compact assessment input and must apply prefix sums, hashing, and careful index bounds. Explain your approach, handle edge cases, and return the required output exactly. 1 <= n <= 100000
Input values fit inside signed 32-bit integers.
Optimized solutions should target O(N log N) or better unless the prompt requires range structures. Identify the Arrays pattern before coding. Use prefix sums, hashing, and careful index bounds instead of brute force whenever possible. Write down the invariant for the Airbnb round. Check empty, single item, duplicate, and boundary cases. Submit only after the sample and hidden-style cases follow the same logic.",Easy
"Stripe String Pattern Normalizer 19 Strings Stripe Microsoft Company Wise Stripe placement-style challenge focused on Strings. You are given a compact assessment input and must apply frequency tables, two pointers, and case handling. Explain your approach, handle edge cases, and return the required output exactly. 1 <= n <= 100000
Input values fit inside signed 32-bit integers.
Optimized solutions should target O(N log N) or better unless the prompt requires range structures. Identify the Strings pattern before coding. Use frequency tables, two pointers, and case handling instead of brute force whenever possible. Write down the invariant for the Stripe round. Check empty, single item, duplicate, and boundary cases. Submit only after the sample and hidden-style cases follow the same logic.",Medium
"Salesforce Linked List Pointer Repair 19 Linked Lists Salesforce Stripe Company Wise Salesforce placement-style challenge focused on Linked Lists. You are given a compact assessment input and must apply slow-fast pointers and safe node relinking. Explain your approach, handle edge cases, and return the required output exactly. 1 <= n <= 100000
Input values fit inside signed 32-bit integers.
Optimized solutions should target O(N log N) or better unless the prompt requires range structures. Identify the Linked Lists pattern before coding. Use slow-fast pointers and safe node relinking instead of brute force whenever possible. Write down the invariant for the Salesforce round. Check empty, single item, duplicate, and boundary cases. Submit only after the sample and hidden-style cases follow the same logic.",Hard
"Oracle Stack Sequence Validator 19 Stacks Oracle Capgemini Company Wise Oracle placement-style challenge focused on Stacks. You are given a compact assessment input and must apply monotonic stacks and bracket-style simulation. Explain your approach, handle edge cases, and return the required output exactly. 1 <= n <= 100000
Input values fit inside signed 32-bit integers.
Optimized solutions should target O(N log N) or better unless the prompt requires range structures. Identify the Stacks pattern before coding. Use monotonic stacks and bracket-style simulation instead of brute force whenever possible. Write down the invariant for the Oracle round. Check empty, single item, duplicate, and boundary cases. Submit only after the sample and hidden-style cases follow the same logic.",Easy
"TCS Queue Throughput Scheduler 19 Queues TCS Cisco Company Wise TCS placement-style challenge focused on Queues. You are given a compact assessment input and must apply FIFO windows, deques, and event ordering. Explain your approach, handle edge cases, and return the required output exactly. 1 <= n <= 100000
Input values fit inside signed 32-bit integers.
Optimized solutions should target O(N log N) or better unless the prompt requires range structures. Identify the Queues pattern before coding. Use FIFO windows, deques, and event ordering instead of brute force whenever possible. Write down the invariant for the TCS round. Check empty, single item, duplicate, and boundary cases. Submit only after the sample and hidden-style cases follow the same logic.",Medium
"Infosys Hash Map Collision Resolver 19 Hashing Infosys Razorpay Company Wise Infosys placement-style challenge focused on Hashing. You are given a compact assessment input and must apply constant-time lookup and duplicate tracking. Explain your approach, handle edge cases, and return the required output exactly. 1 <= n <= 100000
Input values fit inside signed 32-bit integers.
Optimized solutions should target O(N log N) or better unless the prompt requires range structures. Identify the Hashing pattern before coding. Use constant-time lookup and duplicate tracking instead of brute force whenever possible. Write down the invariant for the Infosys round. Check empty, single item, duplicate, and boundary cases. Submit only after the sample and hidden-style cases follow the same logic.",Hard
"Wipro Binary Tree Path Auditor 19 Trees Wipro Netflix Company Wise Wipro placement-style challenge focused on Trees. You are given a compact assessment input and must apply DFS traversal, recursion, and path accumulation. Explain your approach, handle edge cases, and return the required output exactly. 1 <= n <= 100000
Input values fit inside signed 32-bit integers.
Optimized solutions should target O(N log N) or better unless the prompt requires range structures. Identify the Trees pattern before coding. Use DFS traversal, recursion, and path accumulation instead of brute force whenever possible. Write down the invariant for the Wipro round. Check empty, single item, duplicate, and boundary cases. Submit only after the sample and hidden-style cases follow the same logic.",Easy
"Accenture BST Range Inspector 19 Binary Search Trees Accenture TCS Company Wise Accenture placement-style challenge focused on Binary Search Trees. You are given a compact assessment input and must apply ordered traversal and lower/upper bounds. Explain your approach, handle edge cases, and return the required output exactly. 1 <= n <= 100000
Input values fit inside signed 32-bit integers.
Optimized solutions should target O(N log N) or better unless the prompt requires range structures. Identify the Binary Search Trees pattern before coding. Use ordered traversal and lower/upper bounds instead of brute force whenever possible. Write down the invariant for the Accenture round. Check empty, single item, duplicate, and boundary cases. Submit only after the sample and hidden-style cases follow the same logic.",Medium
"Capgemini Priority Heap Ranker 19 Heaps Capgemini JP Morgan Company Wise Capgemini placement-style challenge focused on Heaps. You are given a compact assessment input and must apply top-k selection and priority queue maintenance. Explain your approach, handle edge cases, and return the required output exactly. 1 <= n <= 100000
Input values fit inside signed 32-bit integers.
Optimized solutions should target O(N log N) or better unless the prompt requires range structures. Identify the Heaps pattern before coding. Use top-k selection and priority queue maintenance instead of brute force whenever possible. Write down the invariant for the Capgemini round. Check empty, single item, duplicate, and boundary cases. Submit only after the sample and hidden-style cases follow the same logic.",Hard
"Cognizant Graph Route Planner 19 Graphs Cognizant Flipkart Company Wise Cognizant placement-style challenge focused on Graphs. You are given a compact assessment input and must apply BFS, DFS, connected components, and cycle checks. Explain your approach, handle edge cases, and return the required output exactly. 1 <= n <= 100000
Input values fit inside signed 32-bit integers.
Optimized solutions should target O(N log N) or better unless the prompt requires range structures. Identify the Graphs pattern before coding. Use BFS, DFS, connected components, and cycle checks instead of brute force whenever possible. Write down the invariant for the Cognizant round. Check empty, single item, duplicate, and boundary cases. Submit only after the sample and hidden-style cases follow the same logic.",Easy
"Goldman Sachs Recursive State Explorer 19 Recursion Goldman Sachs Google Company Wise Goldman Sachs placement-style challenge focused on Recursion. You are given a compact assessment input and must apply base cases and state transition trees. Explain your approach, handle edge cases, and return the required output exactly. 1 <= n <= 100000
Input values fit inside signed 32-bit integers.
Optimized solutions should target O(N log N) or better unless the prompt requires range structures. Identify the Recursion pattern before coding. Use base cases and state transition trees instead of brute force whenever possible. Write down the invariant for the Goldman Sachs round. Check empty, single item, duplicate, and boundary cases. Submit only after the sample and hidden-style cases follow the same logic.",Medium
"JP Morgan Backtracking Choice Builder 19 Backtracking JP Morgan Airbnb Company Wise JP Morgan placement-style challenge focused on Backtracking. You are given a compact assessment input and must apply choose-explore-unchoose search. Explain your approach, handle edge cases, and return the required output exactly. 1 <= n <= 100000
Input values fit inside signed 32-bit integers.
Optimized solutions should target O(N log N) or better unless the prompt requires range structures. Identify the Backtracking pattern before coding. Use choose-explore-unchoose search instead of brute force whenever possible. Write down the invariant for the JP Morgan round. Check empty, single item, duplicate, and boundary cases. Submit only after the sample and hidden-style cases follow the same logic.",Hard
"Deloitte Greedy Placement Optimizer 19 Greedy Algorithms Deloitte Accenture Company Wise Deloitte placement-style challenge focused on Greedy Algorithms. You are given a compact assessment input and must apply local optimal choices and sorting. Explain your approach, handle edge cases, and return the required output exactly. 1 <= n <= 100000
Input values fit inside signed 32-bit integers.
Optimized solutions should target O(N log N) or better unless the prompt requires range structures. Identify the Greedy Algorithms pattern before coding. Use local optimal choices and sorting instead of brute force whenever possible. Write down the invariant for the Deloitte round. Check empty, single item, duplicate, and boundary cases. Submit only after the sample and hidden-style cases follow the same logic.",Easy
"PayPal DP Interview Grid 19 Dynamic Programming PayPal Atlassian Company Wise PayPal placement-style challenge focused on Dynamic Programming. You are given a compact assessment input and must apply memoization, tabulation, and transitions. Explain your approach, handle edge cases, and return the required output exactly. 1 <= n <= 100000
Input values fit inside signed 32-bit integers.
Optimized solutions should target O(N log N) or better unless the prompt requires range structures. Identify the Dynamic Programming pattern before coding. Use memoization, tabulation, and transitions instead of brute force whenever possible. Write down the invariant for the PayPal round. Check empty, single item, duplicate, and boundary cases. Submit only after the sample and hidden-style cases follow the same logic.",Medium
"Atlassian Trie Prefix Directory 19 Tries Atlassian PhonePe Company Wise Atlassian placement-style challenge focused on Tries. You are given a compact assessment input and must apply prefix trees and character edges. Explain your approach, handle edge cases, and return the required output exactly. 1 <= n <= 100000
Input values fit inside signed 32-bit integers.
Optimized solutions should target O(N log N) or better unless the prompt requires range structures. Identify the Tries pattern before coding. Use prefix trees and character edges instead of brute force whenever possible. Write down the invariant for the Atlassian round. Check empty, single item, duplicate, and boundary cases. Submit only after the sample and hidden-style cases follow the same logic.",Hard
"Cisco Segment Tree Query Engine 19 Segment Trees Cisco Apple Company Wise Cisco placement-style challenge focused on Segment Trees. You are given a compact assessment input and must apply range queries and logarithmic updates. Explain your approach, handle edge cases, and return the required output exactly. 1 <= n <= 100000
Input values fit inside signed 32-bit integers.
Optimized solutions should target O(N log N) or better unless the prompt requires range structures. Identify the Segment Trees pattern before coding. Use range queries and logarithmic updates instead of brute force whenever possible. Write down the invariant for the Cisco round. Check empty, single item, duplicate, and boundary cases. Submit only after the sample and hidden-style cases follow the same logic.",Easy
"Intel Bitmask Eligibility Filter 19 Bit Manipulation Intel Oracle Company Wise Intel placement-style challenge focused on Bit Manipulation. You are given a compact assessment input and must apply xor, masks, and binary flags. Explain your approach, handle edge cases, and return the required output exactly. 1 <= n <= 100000
Input values fit inside signed 32-bit integers.
Optimized solutions should target O(N log N) or better unless the prompt requires range structures. Identify the Bit Manipulation pattern before coding. Use xor, masks, and binary flags instead of brute force whenever possible. Write down the invariant for the Intel round. Check empty, single item, duplicate, and boundary cases. Submit only after the sample and hidden-style cases follow the same logic.",Medium
"NVIDIA Sliding Window Signal 19 Sliding Window NVIDIA Goldman Sachs Company Wise NVIDIA placement-style challenge focused on Sliding Window. You are given a compact assessment input and must apply expand-shrink window invariants. Explain your approach, handle edge cases, and return the required output exactly. 1 <= n <= 100000
Input values fit inside signed 32-bit integers.
Optimized solutions should target O(N log N) or better unless the prompt requires range structures. Identify the Sliding Window pattern before coding. Use expand-shrink window invariants instead of brute force whenever possible. Write down the invariant for the NVIDIA round. Check empty, single item, duplicate, and boundary cases. Submit only after the sample and hidden-style cases follow the same logic.",Hard
"Flipkart Two Pointer Interview Sweep 19 Two Pointers Flipkart NVIDIA Company Wise Flipkart placement-style challenge focused on Two Pointers. You are given a compact assessment input and must apply sorted scans and converging pointers. Explain your approach, handle edge cases, and return the required output exactly. 1 <= n <= 100000
Input values fit inside signed 32-bit integers.
Optimized solutions should target O(N log N) or better unless the prompt requires range structures. Identify the Two Pointers pattern before coding. Use sorted scans and converging pointers instead of brute force whenever possible. Write down the invariant for the Flipkart round. Check empty, single item, duplicate, and boundary cases. Submit only after the sample and hidden-style cases follow the same logic.",Easy
"Swiggy System Constraint Challenge 19 Advanced Interview Problems Swiggy Amazon Company Wise Swiggy placement-style challenge focused on Advanced Interview Problems. You are given a compact assessment input and must apply hybrid algorithms and edge-case analysis. Explain your approach, handle edge cases, and return the required output exactly. 1 <= n <= 100000
Input values fit inside signed 32-bit integers.
Optimized solutions should target O(N log N) or better unless the prompt requires range structures. Identify the Advanced Interview Problems pattern before coding. Use hybrid algorithms and edge-case analysis instead of brute force whenever possible. Write down the invariant for the Swiggy round. Check empty, single item, duplicate, and boundary cases. Submit only after the sample and hidden-style cases follow the same logic.",Medium
"Zomato Array Window Balancer 20 Arrays Zomato Uber Company Wise Zomato placement-style challenge focused on Arrays. You are given a compact assessment input and must apply prefix sums, hashing, and careful index bounds. Explain your approach, handle edge cases, and return the required output exactly. 1 <= n <= 100000
Input values fit inside signed 32-bit integers.
Optimized solutions should target O(N log N) or better unless the prompt requires range structures. Identify the Arrays pattern before coding. Use prefix sums, hashing, and careful index bounds instead of brute force whenever possible. Write down the invariant for the Zomato round. Check empty, single item, duplicate, and boundary cases. Submit only after the sample and hidden-style cases follow the same logic.",Hard
"PhonePe String Pattern Normalizer 20 Strings PhonePe Wipro Company Wise PhonePe placement-style challenge focused on Strings. You are given a compact assessment input and must apply frequency tables, two pointers, and case handling. Explain your approach, handle edge cases, and return the required output exactly. 1 <= n <= 100000
Input values fit inside signed 32-bit integers.
Optimized solutions should target O(N log N) or better unless the prompt requires range structures. Identify the Strings pattern before coding. Use frequency tables, two pointers, and case handling instead of brute force whenever possible. Write down the invariant for the PhonePe round. Check empty, single item, duplicate, and boundary cases. Submit only after the sample and hidden-style cases follow the same logic.",Easy
"Razorpay Linked List Pointer Repair 20 Linked Lists Razorpay PayPal Company Wise Razorpay placement-style challenge focused on Linked Lists. You are given a compact assessment input and must apply slow-fast pointers and safe node relinking. Explain your approach, handle edge cases, and return the required output exactly. 1 <= n <= 100000
Input values fit inside signed 32-bit integers.
Optimized solutions should target O(N log N) or better unless the prompt requires range structures. Identify the Linked Lists pattern before coding. Use slow-fast pointers and safe node relinking instead of brute force whenever possible. Write down the invariant for the Razorpay round. Check empty, single item, duplicate, and boundary cases. Submit only after the sample and hidden-style cases follow the same logic.",Medium
"Zoho Stack Sequence Validator 20 Stacks Zoho Zomato Company Wise Zoho placement-style challenge focused on Stacks. You are given a compact assessment input and must apply monotonic stacks and bracket-style simulation. Explain your approach, handle edge cases, and return the required output exactly. 1 <= n <= 100000
Input values fit inside signed 32-bit integers.
Optimized solutions should target O(N log N) or better unless the prompt requires range structures. Identify the Stacks pattern before coding. Use monotonic stacks and bracket-style simulation instead of brute force whenever possible. Write down the invariant for the Zoho round. Check empty, single item, duplicate, and boundary cases. Submit only after the sample and hidden-style cases follow the same logic.",Hard
"Amazon Queue Throughput Scheduler 20 Queues Amazon Meta Company Wise Amazon placement-style challenge focused on Queues. You are given a compact assessment input and must apply FIFO windows, deques, and event ordering. Explain your approach, handle edge cases, and return the required output exactly. 1 <= n <= 100000
Input values fit inside signed 32-bit integers.
Optimized solutions should target O(N log N) or better unless the prompt requires range structures. Identify the Queues pattern before coding. Use FIFO windows, deques, and event ordering instead of brute force whenever possible. Write down the invariant for the Amazon round. Check empty, single item, duplicate, and boundary cases. Submit only after the sample and hidden-style cases follow the same logic.",Easy
"Google Hash Map Collision Resolver 20 Hashing Google Salesforce Company Wise Google placement-style challenge focused on Hashing. You are given a compact assessment input and must apply constant-time lookup and duplicate tracking. Explain your approach, handle edge cases, and return the required output exactly. 1 <= n <= 100000
Input values fit inside signed 32-bit integers.
Optimized solutions should target O(N log N) or better unless the prompt requires range structures. Identify the Hashing pattern before coding. Use constant-time lookup and duplicate tracking instead of brute force whenever possible. Write down the invariant for the Google round. Check empty, single item, duplicate, and boundary cases. Submit only after the sample and hidden-style cases follow the same logic.",Medium
"Microsoft Binary Tree Path Auditor 20 Trees Microsoft Cognizant Company Wise Microsoft placement-style challenge focused on Trees. You are given a compact assessment input and must apply DFS traversal, recursion, and path accumulation. Explain your approach, handle edge cases, and return the required output exactly. 1 <= n <= 100000
Input values fit inside signed 32-bit integers.
Optimized solutions should target O(N log N) or better unless the prompt requires range structures. Identify the Trees pattern before coding. Use DFS traversal, recursion, and path accumulation instead of brute force whenever possible. Write down the invariant for the Microsoft round. Check empty, single item, duplicate, and boundary cases. Submit only after the sample and hidden-style cases follow the same logic.",Hard
"Meta BST Range Inspector 20 Binary Search Trees Meta Intel Company Wise Meta placement-style challenge focused on Binary Search Trees. You are given a compact assessment input and must apply ordered traversal and lower/upper bounds. Explain your approach, handle edge cases, and return the required output exactly. 1 <= n <= 100000
Input values fit inside signed 32-bit integers.
Optimized solutions should target O(N log N) or better unless the prompt requires range structures. Identify the Binary Search Trees pattern before coding. Use ordered traversal and lower/upper bounds instead of brute force whenever possible. Write down the invariant for the Meta round. Check empty, single item, duplicate, and boundary cases. Submit only after the sample and hidden-style cases follow the same logic.",Easy
"Apple Priority Heap Ranker 20 Heaps Apple Zoho Company Wise Apple placement-style challenge focused on Heaps. You are given a compact assessment input and must apply top-k selection and priority queue maintenance. Explain your approach, handle edge cases, and return the required output exactly. 1 <= n <= 100000
Input values fit inside signed 32-bit integers.
Optimized solutions should target O(N log N) or better unless the prompt requires range structures. Identify the Heaps pattern before coding. Use top-k selection and priority queue maintenance instead of brute force whenever possible. Write down the invariant for the Apple round. Check empty, single item, duplicate, and boundary cases. Submit only after the sample and hidden-style cases follow the same logic.",Medium
"Netflix Graph Route Planner 20 Graphs Netflix Adobe Company Wise Netflix placement-style challenge focused on Graphs. You are given a compact assessment input and must apply BFS, DFS, connected components, and cycle checks. Explain your approach, handle edge cases, and return the required output exactly. 1 <= n <= 100000
Input values fit inside signed 32-bit integers.
Optimized solutions should target O(N log N) or better unless the prompt requires range structures. Identify the Graphs pattern before coding. Use BFS, DFS, connected components, and cycle checks instead of brute force whenever possible. Write down the invariant for the Netflix round. Check empty, single item, duplicate, and boundary cases. Submit only after the sample and hidden-style cases follow the same logic.",Hard
"Adobe Recursive State Explorer 20 Recursion Adobe Infosys Company Wise Adobe placement-style challenge focused on Recursion. You are given a compact assessment input and must apply base cases and state transition trees. Explain your approach, handle edge cases, and return the required output exactly. 1 <= n <= 100000
Input values fit inside signed 32-bit integers.
Optimized solutions should target O(N log N) or better unless the prompt requires range structures. Identify the Recursion pattern before coding. Use base cases and state transition trees instead of brute force whenever possible. Write down the invariant for the Adobe round. Check empty, single item, duplicate, and boundary cases. Submit only after the sample and hidden-style cases follow the same logic.",Easy
"Uber Backtracking Choice Builder 20 Backtracking Uber Deloitte Company Wise Uber placement-style challenge focused on Backtracking. You are given a compact assessment input and must apply choose-explore-unchoose search. Explain your approach, handle edge cases, and return the required output exactly. 1 <= n <= 100000
Input values fit inside signed 32-bit integers.
Optimized solutions should target O(N log N) or better unless the prompt requires range structures. Identify the Backtracking pattern before coding. Use choose-explore-unchoose search instead of brute force whenever possible. Write down the invariant for the Uber round. Check empty, single item, duplicate, and boundary cases. Submit only after the sample and hidden-style cases follow the same logic.",Medium
"Airbnb Greedy Placement Optimizer 20 Greedy Algorithms Airbnb Swiggy Company Wise Airbnb placement-style challenge focused on Greedy Algorithms. You are given a compact assessment input and must apply local optimal choices and sorting. Explain your approach, handle edge cases, and return the required output exactly. 1 <= n <= 100000
Input values fit inside signed 32-bit integers.
Optimized solutions should target O(N log N) or better unless the prompt requires range structures. Identify the Greedy Algorithms pattern before coding. Use local optimal choices and sorting instead of brute force whenever possible. Write down the invariant for the Airbnb round. Check empty, single item, duplicate, and boundary cases. Submit only after the sample and hidden-style cases follow the same logic.",Hard
"Stripe DP Interview Grid 20 Dynamic Programming Stripe Microsoft Company Wise Stripe placement-style challenge focused on Dynamic Programming. You are given a compact assessment input and must apply memoization, tabulation, and transitions. Explain your approach, handle edge cases, and return the required output exactly. 1 <= n <= 100000
Input values fit inside signed 32-bit integers.
Optimized solutions should target O(N log N) or better unless the prompt requires range structures. Identify the Dynamic Programming pattern before coding. Use memoization, tabulation, and transitions instead of brute force whenever possible. Write down the invariant for the Stripe round. Check empty, single item, duplicate, and boundary cases. Submit only after the sample and hidden-style cases follow the same logic.",Easy
"Salesforce Trie Prefix Directory 20 Tries Salesforce Stripe Company Wise Salesforce placement-style challenge focused on Tries. You are given a compact assessment input and must apply prefix trees and character edges. Explain your approach, handle edge cases, and return the required output exactly. 1 <= n <= 100000
Input values fit inside signed 32-bit integers.
Optimized solutions should target O(N log N) or better unless the prompt requires range structures. Identify the Tries pattern before coding. Use prefix trees and character edges instead of brute force whenever possible. Write down the invariant for the Salesforce round. Check empty, single item, duplicate, and boundary cases. Submit only after the sample and hidden-style cases follow the same logic.",Medium
"Oracle Segment Tree Query Engine 20 Segment Trees Oracle Capgemini Company Wise Oracle placement-style challenge focused on Segment Trees. You are given a compact assessment input and must apply range queries and logarithmic updates. Explain your approach, handle edge cases, and return the required output exactly. 1 <= n <= 100000
Input values fit inside signed 32-bit integers.
Optimized solutions should target O(N log N) or better unless the prompt requires range structures. Identify the Segment Trees pattern before coding. Use range queries and logarithmic updates instead of brute force whenever possible. Write down the invariant for the Oracle round. Check empty, single item, duplicate, and boundary cases. Submit only after the sample and hidden-style cases follow the same logic.",Hard
"TCS Bitmask Eligibility Filter 20 Bit Manipulation TCS Cisco Company Wise TCS placement-style challenge focused on Bit Manipulation. You are given a compact assessment input and must apply xor, masks, and binary flags. Explain your approach, handle edge cases, and return the required output exactly. 1 <= n <= 100000
Input values fit inside signed 32-bit integers.
Optimized solutions should target O(N log N) or better unless the prompt requires range structures. Identify the Bit Manipulation pattern before coding. Use xor, masks, and binary flags instead of brute force whenever possible. Write down the invariant for the TCS round. Check empty, single item, duplicate, and boundary cases. Submit only after the sample and hidden-style cases follow the same logic.",Easy
"Infosys Sliding Window Signal 20 Sliding Window Infosys Razorpay Company Wise Infosys placement-style challenge focused on Sliding Window. You are given a compact assessment input and must apply expand-shrink window invariants. Explain your approach, handle edge cases, and return the required output exactly. 1 <= n <= 100000
Input values fit inside signed 32-bit integers.
Optimized solutions should target O(N log N) or better unless the prompt requires range structures. Identify the Sliding Window pattern before coding. Use expand-shrink window invariants instead of brute force whenever possible. Write down the invariant for the Infosys round. Check empty, single item, duplicate, and boundary cases. Submit only after the sample and hidden-style cases follow the same logic.",Medium
"Wipro Two Pointer Interview Sweep 20 Two Pointers Wipro Netflix Company Wise Wipro placement-style challenge focused on Two Pointers. You are given a compact assessment input and must apply sorted scans and converging pointers. Explain your approach, handle edge cases, and return the required output exactly. 1 <= n <= 100000
Input values fit inside signed 32-bit integers.
Optimized solutions should target O(N log N) or better unless the prompt requires range structures. Identify the Two Pointers pattern before coding. Use sorted scans and converging pointers instead of brute force whenever possible. Write down the invariant for the Wipro round. Check empty, single item, duplicate, and boundary cases. Submit only after the sample and hidden-style cases follow the same logic.",Hard
"Accenture System Constraint Challenge 20 Advanced Interview Problems Accenture TCS Company Wise Accenture placement-style challenge focused on Advanced Interview Problems. You are given a compact assessment input and must apply hybrid algorithms and edge-case analysis. Explain your approach, handle edge cases, and return the required output exactly. 1 <= n <= 100000
Input values fit inside signed 32-bit integers.
Optimized solutions should target O(N log N) or better unless the prompt requires range structures. Identify the Advanced Interview Problems pattern before coding. Use hybrid algorithms and edge-case analysis instead of brute force whenever possible. Write down the invariant for the Accenture round. Check empty, single item, duplicate, and boundary cases. Submit only after the sample and hidden-style cases follow the same logic.",Easy
"Capgemini Array Window Balancer 21 Arrays Capgemini JP Morgan Company Wise Capgemini placement-style challenge focused on Arrays. You are given a compact assessment input and must apply prefix sums, hashing, and careful index bounds. Explain your approach, handle edge cases, and return the required output exactly. 1 <= n <= 100000
Input values fit inside signed 32-bit integers.
Optimized solutions should target O(N log N) or better unless the prompt requires range structures. Identify the Arrays pattern before coding. Use prefix sums, hashing, and careful index bounds instead of brute force whenever possible. Write down the invariant for the Capgemini round. Check empty, single item, duplicate, and boundary cases. Submit only after the sample and hidden-style cases follow the same logic.",Medium
"Cognizant String Pattern Normalizer 21 Strings Cognizant Flipkart Company Wise Cognizant placement-style challenge focused on Strings. You are given a compact assessment input and must apply frequency tables, two pointers, and case handling. Explain your approach, handle edge cases, and return the required output exactly. 1 <= n <= 100000
Input values fit inside signed 32-bit integers.
Optimized solutions should target O(N log N) or better unless the prompt requires range structures. Identify the Strings pattern before coding. Use frequency tables, two pointers, and case handling instead of brute force whenever possible. Write down the invariant for the Cognizant round. Check empty, single item, duplicate, and boundary cases. Submit only after the sample and hidden-style cases follow the same logic.",Hard
"Goldman Sachs Linked List Pointer Repair 21 Linked Lists Goldman Sachs Google Company Wise Goldman Sachs placement-style challenge focused on Linked Lists. You are given a compact assessment input and must apply slow-fast pointers and safe node relinking. Explain your approach, handle edge cases, and return the required output exactly. 1 <= n <= 100000
Input values fit inside signed 32-bit integers.
Optimized solutions should target O(N log N) or better unless the prompt requires range structures. Identify the Linked Lists pattern before coding. Use slow-fast pointers and safe node relinking instead of brute force whenever possible. Write down the invariant for the Goldman Sachs round. Check empty, single item, duplicate, and boundary cases. Submit only after the sample and hidden-style cases follow the same logic.",Easy
"JP Morgan Stack Sequence Validator 21 Stacks JP Morgan Airbnb Company Wise JP Morgan placement-style challenge focused on Stacks. You are given a compact assessment input and must apply monotonic stacks and bracket-style simulation. Explain your approach, handle edge cases, and return the required output exactly. 1 <= n <= 100000
Input values fit inside signed 32-bit integers.
Optimized solutions should target O(N log N) or better unless the prompt requires range structures. Identify the Stacks pattern before coding. Use monotonic stacks and bracket-style simulation instead of brute force whenever possible. Write down the invariant for the JP Morgan round. Check empty, single item, duplicate, and boundary cases. Submit only after the sample and hidden-style cases follow the same logic.",Medium
"Deloitte Queue Throughput Scheduler 21 Queues Deloitte Accenture Company Wise Deloitte placement-style challenge focused on Queues. You are given a compact assessment input and must apply FIFO windows, deques, and event ordering. Explain your approach, handle edge cases, and return the required output exactly. 1 <= n <= 100000
Input values fit inside signed 32-bit integers.
Optimized solutions should target O(N log N) or better unless the prompt requires range structures. Identify the Queues pattern before coding. Use FIFO windows, deques, and event ordering instead of brute force whenever possible. Write down the invariant for the Deloitte round. Check empty, single item, duplicate, and boundary cases. Submit only after the sample and hidden-style cases follow the same logic.",Hard
"PayPal Hash Map Collision Resolver 21 Hashing PayPal Atlassian Company Wise PayPal placement-style challenge focused on Hashing. You are given a compact assessment input and must apply constant-time lookup and duplicate tracking. Explain your approach, handle edge cases, and return the required output exactly. 1 <= n <= 100000
Input values fit inside signed 32-bit integers.
Optimized solutions should target O(N log N) or better unless the prompt requires range structures. Identify the Hashing pattern before coding. Use constant-time lookup and duplicate tracking instead of brute force whenever possible. Write down the invariant for the PayPal round. Check empty, single item, duplicate, and boundary cases. Submit only after the sample and hidden-style cases follow the same logic.",Easy
"Atlassian Binary Tree Path Auditor 21 Trees Atlassian PhonePe Company Wise Atlassian placement-style challenge focused on Trees. You are given a compact assessment input and must apply DFS traversal, recursion, and path accumulation. Explain your approach, handle edge cases, and return the required output exactly. 1 <= n <= 100000
Input values fit inside signed 32-bit integers.
Optimized solutions should target O(N log N) or better unless the prompt requires range structures. Identify the Trees pattern before coding. Use DFS traversal, recursion, and path accumulation instead of brute force whenever possible. Write down the invariant for the Atlassian round. Check empty, single item, duplicate, and boundary cases. Submit only after the sample and hidden-style cases follow the same logic.",Medium
"Cisco BST Range Inspector 21 Binary Search Trees Cisco Apple Company Wise Cisco placement-style challenge focused on Binary Search Trees. You are given a compact assessment input and must apply ordered traversal and lower/upper bounds. Explain your approach, handle edge cases, and return the required output exactly. 1 <= n <= 100000
Input values fit inside signed 32-bit integers.
Optimized solutions should target O(N log N) or better unless the prompt requires range structures. Identify the Binary Search Trees pattern before coding. Use ordered traversal and lower/upper bounds instead of brute force whenever possible. Write down the invariant for the Cisco round. Check empty, single item, duplicate, and boundary cases. Submit only after the sample and hidden-style cases follow the same logic.",Hard
"Intel Priority Heap Ranker 21 Heaps Intel Oracle Company Wise Intel placement-style challenge focused on Heaps. You are given a compact assessment input and must apply top-k selection and priority queue maintenance. Explain your approach, handle edge cases, and return the required output exactly. 1 <= n <= 100000
Input values fit inside signed 32-bit integers.
Optimized solutions should target O(N log N) or better unless the prompt requires range structures. Identify the Heaps pattern before coding. Use top-k selection and priority queue maintenance instead of brute force whenever possible. Write down the invariant for the Intel round. Check empty, single item, duplicate, and boundary cases. Submit only after the sample and hidden-style cases follow the same logic.",Easy
"NVIDIA Graph Route Planner 21 Graphs NVIDIA Goldman Sachs Company Wise NVIDIA placement-style challenge focused on Graphs. You are given a compact assessment input and must apply BFS, DFS, connected components, and cycle checks. Explain your approach, handle edge cases, and return the required output exactly. 1 <= n <= 100000
Input values fit inside signed 32-bit integers.
Optimized solutions should target O(N log N) or better unless the prompt requires range structures. Identify the Graphs pattern before coding. Use BFS, DFS, connected components, and cycle checks instead of brute force whenever possible. Write down the invariant for the NVIDIA round. Check empty, single item, duplicate, and boundary cases. Submit only after the sample and hidden-style cases follow the same logic.",Medium
"Flipkart Recursive State Explorer 21 Recursion Flipkart NVIDIA Company Wise Flipkart placement-style challenge focused on Recursion. You are given a compact assessment input and must apply base cases and state transition trees. Explain your approach, handle edge cases, and return the required output exactly. 1 <= n <= 100000
Input values fit inside signed 32-bit integers.
Optimized solutions should target O(N log N) or better unless the prompt requires range structures. Identify the Recursion pattern before coding. Use base cases and state transition trees instead of brute force whenever possible. Write down the invariant for the Flipkart round. Check empty, single item, duplicate, and boundary cases. Submit only after the sample and hidden-style cases follow the same logic.",Hard
"Swiggy Backtracking Choice Builder 21 Backtracking Swiggy Amazon Company Wise Swiggy placement-style challenge focused on Backtracking. You are given a compact assessment input and must apply choose-explore-unchoose search. Explain your approach, handle edge cases, and return the required output exactly. 1 <= n <= 100000
Input values fit inside signed 32-bit integers.
Optimized solutions should target O(N log N) or better unless the prompt requires range structures. Identify the Backtracking pattern before coding. Use choose-explore-unchoose search instead of brute force whenever possible. Write down the invariant for the Swiggy round. Check empty, single item, duplicate, and boundary cases. Submit only after the sample and hidden-style cases follow the same logic.",Easy
"Zomato Greedy Placement Optimizer 21 Greedy Algorithms Zomato Uber Company Wise Zomato placement-style challenge focused on Greedy Algorithms. You are given a compact assessment input and must apply local optimal choices and sorting. Explain your approach, handle edge cases, and return the required output exactly. 1 <= n <= 100000
Input values fit inside signed 32-bit integers.
Optimized solutions should target O(N log N) or better unless the prompt requires range structures. Identify the Greedy Algorithms pattern before coding. Use local optimal choices and sorting instead of brute force whenever possible. Write down the invariant for the Zomato round. Check empty, single item, duplicate, and boundary cases. Submit only after the sample and hidden-style cases follow the same logic.",Medium
"PhonePe DP Interview Grid 21 Dynamic Programming PhonePe Wipro Company Wise PhonePe placement-style challenge focused on Dynamic Programming. You are given a compact assessment input and must apply memoization, tabulation, and transitions. Explain your approach, handle edge cases, and return the required output exactly. 1 <= n <= 100000
Input values fit inside signed 32-bit integers.
Optimized solutions should target O(N log N) or better unless the prompt requires range structures. Identify the Dynamic Programming pattern before coding. Use memoization, tabulation, and transitions instead of brute force whenever possible. Write down the invariant for the PhonePe round. Check empty, single item, duplicate, and boundary cases. Submit only after the sample and hidden-style cases follow the same logic.",Hard
"Razorpay Trie Prefix Directory 21 Tries Razorpay PayPal Company Wise Razorpay placement-style challenge focused on Tries. You are given a compact assessment input and must apply prefix trees and character edges. Explain your approach, handle edge cases, and return the required output exactly. 1 <= n <= 100000
Input values fit inside signed 32-bit integers.
Optimized solutions should target O(N log N) or better unless the prompt requires range structures. Identify the Tries pattern before coding. Use prefix trees and character edges instead of brute force whenever possible. Write down the invariant for the Razorpay round. Check empty, single item, duplicate, and boundary cases. Submit only after the sample and hidden-style cases follow the same logic.",Easy
"Zoho Segment Tree Query Engine 21 Segment Trees Zoho Zomato Company Wise Zoho placement-style challenge focused on Segment Trees. You are given a compact assessment input and must apply range queries and logarithmic updates. Explain your approach, handle edge cases, and return the required output exactly. 1 <= n <= 100000
Input values fit inside signed 32-bit integers.
Optimized solutions should target O(N log N) or better unless the prompt requires range structures. Identify the Segment Trees pattern before coding. Use range queries and logarithmic updates instead of brute force whenever possible. Write down the invariant for the Zoho round. Check empty, single item, duplicate, and boundary cases. Submit only after the sample and hidden-style cases follow the same logic.",Medium
"Amazon Bitmask Eligibility Filter 21 Bit Manipulation Amazon Meta Company Wise Amazon placement-style challenge focused on Bit Manipulation. You are given a compact assessment input and must apply xor, masks, and binary flags. Explain your approach, handle edge cases, and return the required output exactly. 1 <= n <= 100000
Input values fit inside signed 32-bit integers.
Optimized solutions should target O(N log N) or better unless the prompt requires range structures. Identify the Bit Manipulation pattern before coding. Use xor, masks, and binary flags instead of brute force whenever possible. Write down the invariant for the Amazon round. Check empty, single item, duplicate, and boundary cases. Submit only after the sample and hidden-style cases follow the same logic.",Hard
"Google Sliding Window Signal 21 Sliding Window Google Salesforce Company Wise Google placement-style challenge focused on Sliding Window. You are given a compact assessment input and must apply expand-shrink window invariants. Explain your approach, handle edge cases, and return the required output exactly. 1 <= n <= 100000
Input values fit inside signed 32-bit integers.
Optimized solutions should target O(N log N) or better unless the prompt requires range structures. Identify the Sliding Window pattern before coding. Use expand-shrink window invariants instead of brute force whenever possible. Write down the invariant for the Google round. Check empty, single item, duplicate, and boundary cases. Submit only after the sample and hidden-style cases follow the same logic.",Easy
"Microsoft Two Pointer Interview Sweep 21 Two Pointers Microsoft Cognizant Company Wise Microsoft placement-style challenge focused on Two Pointers. You are given a compact assessment input and must apply sorted scans and converging pointers. Explain your approach, handle edge cases, and return the required output exactly. 1 <= n <= 100000
Input values fit inside signed 32-bit integers.
Optimized solutions should target O(N log N) or better unless the prompt requires range structures. Identify the Two Pointers pattern before coding. Use sorted scans and converging pointers instead of brute force whenever possible. Write down the invariant for the Microsoft round. Check empty, single item, duplicate, and boundary cases. Submit only after the sample and hidden-style cases follow the same logic.",Medium
"Meta System Constraint Challenge 21 Advanced Interview Problems Meta Intel Company Wise Meta placement-style challenge focused on Advanced Interview Problems. You are given a compact assessment input and must apply hybrid algorithms and edge-case analysis. Explain your approach, handle edge cases, and return the required output exactly. 1 <= n <= 100000
Input values fit inside signed 32-bit integers.
Optimized solutions should target O(N log N) or better unless the prompt requires range structures. Identify the Advanced Interview Problems pattern before coding. Use hybrid algorithms and edge-case analysis instead of brute force whenever possible. Write down the invariant for the Meta round. Check empty, single item, duplicate, and boundary cases. Submit only after the sample and hidden-style cases follow the same logic.",Hard
"Apple Array Window Balancer 22 Arrays Apple Zoho Company Wise Apple placement-style challenge focused on Arrays. You are given a compact assessment input and must apply prefix sums, hashing, and careful index bounds. Explain your approach, handle edge cases, and return the required output exactly. 1 <= n <= 100000
Input values fit inside signed 32-bit integers.
Optimized solutions should target O(N log N) or better unless the prompt requires range structures. Identify the Arrays pattern before coding. Use prefix sums, hashing, and careful index bounds instead of brute force whenever possible. Write down the invariant for the Apple round. Check empty, single item, duplicate, and boundary cases. Submit only after the sample and hidden-style cases follow the same logic.",Easy
"Netflix String Pattern Normalizer 22 Strings Netflix Adobe Company Wise Netflix placement-style challenge focused on Strings. You are given a compact assessment input and must apply frequency tables, two pointers, and case handling. Explain your approach, handle edge cases, and return the required output exactly. 1 <= n <= 100000
Input values fit inside signed 32-bit integers.
Optimized solutions should target O(N log N) or better unless the prompt requires range structures. Identify the Strings pattern before coding. Use frequency tables, two pointers, and case handling instead of brute force whenever possible. Write down the invariant for the Netflix round. Check empty, single item, duplicate, and boundary cases. Submit only after the sample and hidden-style cases follow the same logic.",Medium
"Adobe Linked List Pointer Repair 22 Linked Lists Adobe Infosys Company Wise Adobe placement-style challenge focused on Linked Lists. You are given a compact assessment input and must apply slow-fast pointers and safe node relinking. Explain your approach, handle edge cases, and return the required output exactly. 1 <= n <= 100000
Input values fit inside signed 32-bit integers.
Optimized solutions should target O(N log N) or better unless the prompt requires range structures. Identify the Linked Lists pattern before coding. Use slow-fast pointers and safe node relinking instead of brute force whenever possible. Write down the invariant for the Adobe round. Check empty, single item, duplicate, and boundary cases. Submit only after the sample and hidden-style cases follow the same logic.",Hard
"Uber Stack Sequence Validator 22 Stacks Uber Deloitte Company Wise Uber placement-style challenge focused on Stacks. You are given a compact assessment input and must apply monotonic stacks and bracket-style simulation. Explain your approach, handle edge cases, and return the required output exactly. 1 <= n <= 100000
Input values fit inside signed 32-bit integers.
Optimized solutions should target O(N log N) or better unless the prompt requires range structures. Identify the Stacks pattern before coding. Use monotonic stacks and bracket-style simulation instead of brute force whenever possible. Write down the invariant for the Uber round. Check empty, single item, duplicate, and boundary cases. Submit only after the sample and hidden-style cases follow the same logic.",Easy
"Airbnb Queue Throughput Scheduler 22 Queues Airbnb Swiggy Company Wise Airbnb placement-style challenge focused on Queues. You are given a compact assessment input and must apply FIFO windows, deques, and event ordering. Explain your approach, handle edge cases, and return the required output exactly. 1 <= n <= 100000
Input values fit inside signed 32-bit integers.
Optimized solutions should target O(N log N) or better unless the prompt requires range structures. Identify the Queues pattern before coding. Use FIFO windows, deques, and event ordering instead of brute force whenever possible. Write down the invariant for the Airbnb round. Check empty, single item, duplicate, and boundary cases. Submit only after the sample and hidden-style cases follow the same logic.",Medium
"Stripe Hash Map Collision Resolver 22 Hashing Stripe Microsoft Company Wise Stripe placement-style challenge focused on Hashing. You are given a compact assessment input and must apply constant-time lookup and duplicate tracking. Explain your approach, handle edge cases, and return the required output exactly. 1 <= n <= 100000
Input values fit inside signed 32-bit integers.
Optimized solutions should target O(N log N) or better unless the prompt requires range structures. Identify the Hashing pattern before coding. Use constant-time lookup and duplicate tracking instead of brute force whenever possible. Write down the invariant for the Stripe round. Check empty, single item, duplicate, and boundary cases. Submit only after the sample and hidden-style cases follow the same logic.",Hard
"Salesforce Binary Tree Path Auditor 22 Trees Salesforce Stripe Company Wise Salesforce placement-style challenge focused on Trees. You are given a compact assessment input and must apply DFS traversal, recursion, and path accumulation. Explain your approach, handle edge cases, and return the required output exactly. 1 <= n <= 100000
Input values fit inside signed 32-bit integers.
Optimized solutions should target O(N log N) or better unless the prompt requires range structures. Identify the Trees pattern before coding. Use DFS traversal, recursion, and path accumulation instead of brute force whenever possible. Write down the invariant for the Salesforce round. Check empty, single item, duplicate, and boundary cases. Submit only after the sample and hidden-style cases follow the same logic.",Easy
"Oracle BST Range Inspector 22 Binary Search Trees Oracle Capgemini Company Wise Oracle placement-style challenge focused on Binary Search Trees. You are given a compact assessment input and must apply ordered traversal and lower/upper bounds. Explain your approach, handle edge cases, and return the required output exactly. 1 <= n <= 100000
Input values fit inside signed 32-bit integers.
Optimized solutions should target O(N log N) or better unless the prompt requires range structures. Identify the Binary Search Trees pattern before coding. Use ordered traversal and lower/upper bounds instead of brute force whenever possible. Write down the invariant for the Oracle round. Check empty, single item, duplicate, and boundary cases. Submit only after the sample and hidden-style cases follow the same logic.",Medium
"TCS Priority Heap Ranker 22 Heaps TCS Cisco Company Wise TCS placement-style challenge focused on Heaps. You are given a compact assessment input and must apply top-k selection and priority queue maintenance. Explain your approach, handle edge cases, and return the required output exactly. 1 <= n <= 100000
Input values fit inside signed 32-bit integers.
Optimized solutions should target O(N log N) or better unless the prompt requires range structures. Identify the Heaps pattern before coding. Use top-k selection and priority queue maintenance instead of brute force whenever possible. Write down the invariant for the TCS round. Check empty, single item, duplicate, and boundary cases. Submit only after the sample and hidden-style cases follow the same logic.",Hard
"Infosys Graph Route Planner 22 Graphs Infosys Razorpay Company Wise Infosys placement-style challenge focused on Graphs. You are given a compact assessment input and must apply BFS, DFS, connected components, and cycle checks. Explain your approach, handle edge cases, and return the required output exactly. 1 <= n <= 100000
Input values fit inside signed 32-bit integers.
Optimized solutions should target O(N log N) or better unless the prompt requires range structures. Identify the Graphs pattern before coding. Use BFS, DFS, connected components, and cycle checks instead of brute force whenever possible. Write down the invariant for the Infosys round. Check empty, single item, duplicate, and boundary cases. Submit only after the sample and hidden-style cases follow the same logic.",Easy
"Wipro Recursive State Explorer 22 Recursion Wipro Netflix Company Wise Wipro placement-style challenge focused on Recursion. You are given a compact assessment input and must apply base cases and state transition trees. Explain your approach, handle edge cases, and return the required output exactly. 1 <= n <= 100000
Input values fit inside signed 32-bit integers.
Optimized solutions should target O(N log N) or better unless the prompt requires range structures. Identify the Recursion pattern before coding. Use base cases and state transition trees instead of brute force whenever possible. Write down the invariant for the Wipro round. Check empty, single item, duplicate, and boundary cases. Submit only after the sample and hidden-style cases follow the same logic.",Medium
"Accenture Backtracking Choice Builder 22 Backtracking Accenture TCS Company Wise Accenture placement-style challenge focused on Backtracking. You are given a compact assessment input and must apply choose-explore-unchoose search. Explain your approach, handle edge cases, and return the required output exactly. 1 <= n <= 100000
Input values fit inside signed 32-bit integers.
Optimized solutions should target O(N log N) or better unless the prompt requires range structures. Identify the Backtracking pattern before coding. Use choose-explore-unchoose search instead of brute force whenever possible. Write down the invariant for the Accenture round. Check empty, single item, duplicate, and boundary cases. Submit only after the sample and hidden-style cases follow the same logic.",Hard
"Capgemini Greedy Placement Optimizer 22 Greedy Algorithms Capgemini JP Morgan Company Wise Capgemini placement-style challenge focused on Greedy Algorithms. You are given a compact assessment input and must apply local optimal choices and sorting. Explain your approach, handle edge cases, and return the required output exactly. 1 <= n <= 100000
Input values fit inside signed 32-bit integers.
Optimized solutions should target O(N log N) or better unless the prompt requires range structures. Identify the Greedy Algorithms pattern before coding. Use local optimal choices and sorting instead of brute force whenever possible. Write down the invariant for the Capgemini round. Check empty, single item, duplicate, and boundary cases. Submit only after the sample and hidden-style cases follow the same logic.",Easy
"Cognizant DP Interview Grid 22 Dynamic Programming Cognizant Flipkart Company Wise Cognizant placement-style challenge focused on Dynamic Programming. You are given a compact assessment input and must apply memoization, tabulation, and transitions. Explain your approach, handle edge cases, and return the required output exactly. 1 <= n <= 100000
Input values fit inside signed 32-bit integers.
Optimized solutions should target O(N log N) or better unless the prompt requires range structures. Identify the Dynamic Programming pattern before coding. Use memoization, tabulation, and transitions instead of brute force whenever possible. Write down the invariant for the Cognizant round. Check empty, single item, duplicate, and boundary cases. Submit only after the sample and hidden-style cases follow the same logic.",Medium
"Goldman Sachs Trie Prefix Directory 22 Tries Goldman Sachs Google Company Wise Goldman Sachs placement-style challenge focused on Tries. You are given a compact assessment input and must apply prefix trees and character edges. Explain your approach, handle edge cases, and return the required output exactly. 1 <= n <= 100000
Input values fit inside signed 32-bit integers.
Optimized solutions should target O(N log N) or better unless the prompt requires range structures. Identify the Tries pattern before coding. Use prefix trees and character edges instead of brute force whenever possible. Write down the invariant for the Goldman Sachs round. Check empty, single item, duplicate, and boundary cases. Submit only after the sample and hidden-style cases follow the same logic.",Hard
"JP Morgan Segment Tree Query Engine 22 Segment Trees JP Morgan Airbnb Company Wise JP Morgan placement-style challenge focused on Segment Trees. You are given a compact assessment input and must apply range queries and logarithmic updates. Explain your approach, handle edge cases, and return the required output exactly. 1 <= n <= 100000
Input values fit inside signed 32-bit integers.
Optimized solutions should target O(N log N) or better unless the prompt requires range structures. Identify the Segment Trees pattern before coding. Use range queries and logarithmic updates instead of brute force whenever possible. Write down the invariant for the JP Morgan round. Check empty, single item, duplicate, and boundary cases. Submit only after the sample and hidden-style cases follow the same logic.",Easy
"Deloitte Bitmask Eligibility Filter 22 Bit Manipulation Deloitte Accenture Company Wise Deloitte placement-style challenge focused on Bit Manipulation. You are given a compact assessment input and must apply xor, masks, and binary flags. Explain your approach, handle edge cases, and return the required output exactly. 1 <= n <= 100000
Input values fit inside signed 32-bit integers.
Optimized solutions should target O(N log N) or better unless the prompt requires range structures. Identify the Bit Manipulation pattern before coding. Use xor, masks, and binary flags instead of brute force whenever possible. Write down the invariant for the Deloitte round. Check empty, single item, duplicate, and boundary cases. Submit only after the sample and hidden-style cases follow the same logic.",Medium
"PayPal Sliding Window Signal 22 Sliding Window PayPal Atlassian Company Wise PayPal placement-style challenge focused on Sliding Window. You are given a compact assessment input and must apply expand-shrink window invariants. Explain your approach, handle edge cases, and return the required output exactly. 1 <= n <= 100000
Input values fit inside signed 32-bit integers.
Optimized solutions should target O(N log N) or better unless the prompt requires range structures. Identify the Sliding Window pattern before coding. Use expand-shrink window invariants instead of brute force whenever possible. Write down the invariant for the PayPal round. Check empty, single item, duplicate, and boundary cases. Submit only after the sample and hidden-style cases follow the same logic.",Hard
"Atlassian Two Pointer Interview Sweep 22 Two Pointers Atlassian PhonePe Company Wise Atlassian placement-style challenge focused on Two Pointers. You are given a compact assessment input and must apply sorted scans and converging pointers. Explain your approach, handle edge cases, and return the required output exactly. 1 <= n <= 100000
Input values fit inside signed 32-bit integers.
Optimized solutions should target O(N log N) or better unless the prompt requires range structures. Identify the Two Pointers pattern before coding. Use sorted scans and converging pointers instead of brute force whenever possible. Write down the invariant for the Atlassian round. Check empty, single item, duplicate, and boundary cases. Submit only after the sample and hidden-style cases follow the same logic.",Easy
"Cisco System Constraint Challenge 22 Advanced Interview Problems Cisco Apple Company Wise Cisco placement-style challenge focused on Advanced Interview Problems. You are given a compact assessment input and must apply hybrid algorithms and edge-case analysis. Explain your approach, handle edge cases, and return the required output exactly. 1 <= n <= 100000
Input values fit inside signed 32-bit integers.
Optimized solutions should target O(N log N) or better unless the prompt requires range structures. Identify the Advanced Interview Problems pattern before coding. Use hybrid algorithms and edge-case analysis instead of brute force whenever possible. Write down the invariant for the Cisco round. Check empty, single item, duplicate, and boundary cases. Submit only after the sample and hidden-style cases follow the same logic.",Medium
sort array find max element basic loop,Easy
check palindrome string reverse compare,Easy
fibonacci sequence recursive base case,Easy
find duplicate element in array hash,Easy
count vowels consonants in string,Easy
sum of digits number modulo,Easy
linear search array index return,Easy
check prime number divisibility,Easy
reverse integer negative overflow,Easy
bubble sort swap array iteration,Easy
sliding window maximum subarray dynamic hash map,Medium
binary search rotated sorted array mid pivot,Medium
merge intervals sort overlap boundary check,Medium
two sum hash table constant time lookup,Medium
longest common subsequence dp memoization,Medium
number of islands BFS DFS graph connected component,Medium
construct binary tree inorder postorder recursion,Medium
LRU cache doubly linked list hash map O(1),Medium
coin change dynamic programming tabulation minimum,Medium
word break string dp trie dictionary,Medium
serialize deserialize binary tree BFS level order complex,Hard
word ladder BFS bidirectional shortest path transformation,Hard
trapping rain water stack monotonic two pointers O(n),Hard
edit distance levenshtein DP three states transition,Hard
regular expression matching wildcard backtrack DP,Hard
N queens backtracking column diagonal safe placement,Hard
maximum flow min cut ford fulkerson graph augmenting path,Hard
alien dictionary topological sort BFS Kahn cycle detect,Hard
skyline problem multiset sweep line segment event,Hard
minimum window substring sliding frequency hash,Hard
