problem_id,title,difficulty,tags,text
prob-arrays-two-sum,Two Sum,Easy,Arrays Uber Salesforce,"Two Sum Arrays Uber Salesforce Given an array of integers `nums` and an integer `target`, return the indices of the two numbers such that they add up to `target`. You may assume that each input would have exactly one solution. Easy"
prob-arrays-best-time-to-buy-and-sell-stock,Best Time to Buy and Sell Stock,Easy,Arrays Google Salesforce Intel,Best Time to Buy and Sell Stock Arrays Google Salesforce Intel You are given an array `prices` where `prices[i]` is the price of a given stock on the `i`-th day. You want to maximize your profit by choosing a single day to buy one stock and choosing a different day in the future to sell that stock. Easy
prob-arrays-3sum,3Sum,Medium,Arrays Twitter Microsoft,"3Sum Arrays Twitter Microsoft Given an array `nums` of `n` integers, find all unique triplets `[a, b, c]` in the array such that `a + b + c = 0`. Medium"
prob-strings-valid-palindrome,Valid Palindrome,Easy,Strings Square,"Valid Palindrome Strings Square Given a string `s`, determine if it is a palindrome, considering only alphanumeric characters and ignoring cases. Easy"
prob-strings-valid-anagram,Valid Anagram,Easy,Strings Google Microsoft Airbnb,"Valid Anagram Strings Google Microsoft Airbnb Given two strings `s` and `t`, return `true` if `t` is an anagram of `s`, and `false` otherwise. Easy"
prob-strings-longest-substring-without-repeating-characters,Longest Substring Without Repeating Characters,Medium,Strings Meta Lyft,"Longest Substring Without Repeating Characters Strings Meta Lyft Given a string `s`, find the length of the longest substring without repeating characters. Medium"
prob-linkedLists-reverse-linked-list,Reverse Linked List,Easy,Linked Lists PayPal Microsoft Goldman Sachs,Reverse Linked List Linked Lists PayPal Microsoft Goldman Sachs Reverse a singly linked list. Return space-separated values of the reversed list. Easy
prob-linkedLists-merge-two-sorted-lists,Merge Two Sorted Lists,Easy,Linked Lists Amazon Atlassian,Merge Two Sorted Lists Linked Lists Amazon Atlassian Merge two sorted linked lists and return it as a sorted list. Easy
prob-linkedLists-add-two-numbers,Add Two Numbers,Medium,Linked Lists Intel Meta Uber,Add Two Numbers Linked Lists Intel Meta Uber Add two numbers represented as linked lists. Medium
prob-stacks-valid-parentheses,Valid Parentheses,Easy,Stacks Atlassian Adobe,Valid Parentheses Stacks Atlassian Adobe Determine if braces configuration is correct. Easy
prob-stacks-evaluate-reverse-polish-notation,Evaluate Reverse Polish Notation,Medium,Stacks Atlassian,Evaluate Reverse Polish Notation Stacks Atlassian Evaluate RPN expression. Medium
prob-stacks-largest-rectangle-in-histogram,Largest Rectangle in Histogram,Hard,Stacks Bloomberg,Largest Rectangle in Histogram Stacks Bloomberg Find maximum rectangle area in histogram. Hard
prob-queues-implement-queue-using-stacks,Implement Queue using Stacks,Easy,Queues Amazon Airbnb Google,Implement Queue using Stacks Queues Amazon Airbnb Google Implement a first-in first-out (FIFO) queue using only two stacks. Easy
prob-queues-design-circular-queue,Design Circular Queue,Medium,Queues Twitter Atlassian,Design Circular Queue Queues Twitter Atlassian Design circular buffer FIFO queue. Medium
prob-queues-sliding-window-maximum,Sliding Window Maximum,Hard,Queues Oracle Microsoft Cisco,Sliding Window Maximum Queues Oracle Microsoft Cisco Sliding window max on array sizes k. Hard
prob-hashing-contains-duplicate,Contains Duplicate,Easy,Hashing Salesforce,Contains Duplicate Hashing Salesforce Check if array contains duplicates. Easy
prob-hashing-intersection-of-two-arrays,Intersection of Two Arrays,Easy,Hashing Oracle Goldman Sachs Uber,Intersection of Two Arrays Hashing Oracle Goldman Sachs Uber Find intersection of two arrays. Easy
prob-hashing-longest-consecutive-sequence,Longest Consecutive Sequence,Medium,Hashing Cisco Meta ByteDance,Longest Consecutive Sequence Hashing Cisco Meta ByteDance Find longest consecutive elements sequence length. Medium
prob-trees-invert-binary-tree,Invert Binary Tree,Easy,Trees Oracle,Invert Binary Tree Trees Oracle Invert binary tree nodes. Easy
prob-trees-same-tree,Same Tree,Easy,Trees Bloomberg,Same Tree Trees Bloomberg Verify if two binary trees are same. Easy
prob-trees-binary-tree-level-order-traversal,Binary Tree Level Order Traversal,Medium,Trees Twitter Salesforce Amazon,Binary Tree Level Order Traversal Trees Twitter Salesforce Amazon Level order traversal. Medium
prob-bst-sample-easy-bst,Sample Easy BST,Easy,Binary Search Trees Cisco Oracle Meta,"Sample Easy BST Binary Search Trees Cisco Oracle Meta Given input data, solve this Easy algorithm challenge for bst. Easy"
prob-bst-sample-medium-bst,Sample Medium BST,Medium,Binary Search Trees Salesforce Square Goldman Sachs,"Sample Medium BST Binary Search Trees Salesforce Square Goldman Sachs Given input data, solve this Medium algorithm challenge for bst. Medium"
prob-bst-sample-hard-bst,Sample Hard BST,Hard,Binary Search Trees Salesforce Adobe Square,"Sample Hard BST Binary Search Trees Salesforce Adobe Square Given input data, solve this Hard algorithm challenge for bst. Hard"
prob-heaps-sample-easy-heaps,Sample Easy HEAPS,Easy,Heaps Twitter,"Sample Easy HEAPS Heaps Twitter Given input data, solve this Easy algorithm challenge for heaps. Easy"
prob-heaps-sample-medium-heaps,Sample Medium HEAPS,Medium,Heaps Stripe Twitter,"Sample Medium HEAPS Heaps Stripe Twitter Given input data, solve this Medium algorithm challenge for heaps. Medium"
prob-heaps-sample-hard-heaps,Sample Hard HEAPS,Hard,Heaps Google Lyft,"Sample Hard HEAPS Heaps Google Lyft Given input data, solve this Hard algorithm challenge for heaps. Hard"
prob-graphs-sample-easy-graphs,Sample Easy GRAPHS,Easy,Graphs Amazon Bloomberg,"Sample Easy GRAPHS Graphs Amazon Bloomberg Given input data, solve this Easy algorithm challenge for graphs. Easy"
prob-graphs-sample-medium-graphs,Sample Medium GRAPHS,Medium,Graphs Uber Intel,"Sample Medium GRAPHS Graphs Uber Intel Given input data, solve this Medium algorithm challenge for graphs. Medium"
prob-graphs-sample-hard-graphs,Sample Hard GRAPHS,Hard,Graphs Square Goldman Sachs Meta,"Sample Hard GRAPHS Graphs Square Goldman Sachs Meta Given input data, solve this Hard algorithm challenge for graphs. Hard"
prob-recursion-sample-easy-recursion,Sample Easy RECURSION,Easy,Recursion Intel Amazon Cisco,"Sample Easy RECURSION Recursion Intel Amazon Cisco Given input data, solve this Easy algorithm challenge for recursion. Easy"
prob-recursion-sample-medium-recursion,Sample Medium RECURSION,Medium,Recursion Meta,"Sample Medium RECURSION Recursion Meta Given input data, solve this Medium algorithm challenge for recursion. Medium"
prob-recursion-sample-hard-recursion,Sample Hard RECURSION,Hard,Recursion Square,"Sample Hard RECURSION Recursion Square Given input data, solve this Hard algorithm challenge for recursion. Hard"
prob-backtracking-sample-easy-backtracking,Sample Easy BACKTRACKING,Easy,Backtracking ByteDance Uber,"Sample Easy BACKTRACKING Backtracking ByteDance Uber Given input data, solve this Easy algorithm challenge for backtracking. Easy"
prob-backtracking-sample-medium-backtracking,Sample Medium BACKTRACKING,Medium,Backtracking Microsoft Salesforce Goldman Sachs,"Sample Medium BACKTRACKING Backtracking Microsoft Salesforce Goldman Sachs Given input data, solve this Medium algorithm challenge for backtracking. Medium"
prob-backtracking-sample-hard-backtracking,Sample Hard BACKTRACKING,Hard,Backtracking ByteDance Twitter Meta,"Sample Hard BACKTRACKING Backtracking ByteDance Twitter Meta Given input data, solve this Hard algorithm challenge for backtracking. Hard"
prob-greedy-sample-easy-greedy,Sample Easy GREEDY,Easy,Greedy Algorithms Google,"Sample Easy GREEDY Greedy Algorithms Google Given input data, solve this Easy algorithm challenge for greedy. Easy"
prob-greedy-sample-medium-greedy,Sample Medium GREEDY,Medium,Greedy Algorithms Uber Apple,"Sample Medium GREEDY Greedy Algorithms Uber Apple Given input data, solve this Medium algorithm challenge for greedy. Medium"
prob-greedy-sample-hard-greedy,Sample Hard GREEDY,Hard,Greedy Algorithms Meta Amazon Microsoft,"Sample Hard GREEDY Greedy Algorithms Meta Amazon Microsoft Given input data, solve this Hard algorithm challenge for greedy. Hard"
prob-dp-sample-easy-dp,Sample Easy DP,Easy,Dynamic Programming Apple Airbnb Netflix,"Sample Easy DP Dynamic Programming Apple Airbnb Netflix Given input data, solve this Easy algorithm challenge for dp. Easy"
prob-dp-sample-medium-dp,Sample Medium DP,Medium,Dynamic Programming Adobe,"Sample Medium DP Dynamic Programming Adobe Given input data, solve this Medium algorithm challenge for dp. Medium"
prob-dp-sample-hard-dp,Sample Hard DP,Hard,Dynamic Programming Lyft Microsoft Square,"Sample Hard DP Dynamic Programming Lyft Microsoft Square Given input data, solve this Hard algorithm challenge for dp. Hard"
prob-tries-sample-easy-tries,Sample Easy TRIES,Easy,Tries Apple Salesforce Meta,"Sample Easy TRIES Tries Apple Salesforce Meta Given input data, solve this Easy algorithm challenge for tries. Easy"
prob-tries-sample-medium-tries,Sample Medium TRIES,Medium,Tries PayPal Oracle,"Sample Medium TRIES Tries PayPal Oracle Given input data, solve this Medium algorithm challenge for tries. Medium"
prob-tries-sample-hard-tries,Sample Hard TRIES,Hard,Tries Lyft Cisco,"Sample Hard TRIES Tries Lyft Cisco Given input data, solve this Hard algorithm challenge for tries. Hard"
prob-segmentTrees-sample-easy-segmenttrees,Sample Easy SEGMENTTREES,Easy,Segment Trees Adobe,"Sample Easy SEGMENTTREES Segment Trees Adobe Given input data, solve this Easy algorithm challenge for segmentTrees. Easy"
prob-segmentTrees-sample-medium-segmenttrees,Sample Medium SEGMENTTREES,Medium,Segment Trees Stripe,"Sample Medium SEGMENTTREES Segment Trees Stripe Given input data, solve this Medium algorithm challenge for segmentTrees. Medium"
prob-segmentTrees-sample-hard-segmenttrees,Sample Hard SEGMENTTREES,Hard,Segment Trees Amazon,"Sample Hard SEGMENTTREES Segment Trees Amazon Given input data, solve this Hard algorithm challenge for segmentTrees. Hard"
prob-bitManipulation-sample-easy-bitmanipulation,Sample Easy BITMANIPULATION,Easy,Bit Manipulation PayPal Netflix,"Sample Easy BITMANIPULATION Bit Manipulation PayPal Netflix Given input data, solve this Easy algorithm challenge for bitManipulation. Easy"
prob-bitManipulation-sample-medium-bitmanipulation,Sample Medium BITMANIPULATION,Medium,Bit Manipulation Uber PayPal,"Sample Medium BITMANIPULATION Bit Manipulation Uber PayPal Given input data, solve this Medium algorithm challenge for bitManipulation. Medium"
prob-bitManipulation-sample-hard-bitmanipulation,Sample Hard BITMANIPULATION,Hard,Bit Manipulation ByteDance Goldman Sachs Twitter,"Sample Hard BITMANIPULATION Bit Manipulation ByteDance Goldman Sachs Twitter Given input data, solve this Hard algorithm challenge for bitManipulation. Hard"
prob-slidingWindow-sample-easy-slidingwindow,Sample Easy SLIDINGWINDOW,Easy,Sliding Window ByteDance,"Sample Easy SLIDINGWINDOW Sliding Window ByteDance Given input data, solve this Easy algorithm challenge for slidingWindow. Easy"
prob-slidingWindow-sample-medium-slidingwindow,Sample Medium SLIDINGWINDOW,Medium,Sliding Window Goldman Sachs,"Sample Medium SLIDINGWINDOW Sliding Window Goldman Sachs Given input data, solve this Medium algorithm challenge for slidingWindow. Medium"
prob-slidingWindow-sample-hard-slidingwindow,Sample Hard SLIDINGWINDOW,Hard,Sliding Window Bloomberg Uber,"Sample Hard SLIDINGWINDOW Sliding Window Bloomberg Uber Given input data, solve this Hard algorithm challenge for slidingWindow. Hard"
prob-twoPointers-sample-easy-twopointers,Sample Easy TWOPOINTERS,Easy,Two Pointers Bloomberg Goldman Sachs,"Sample Easy TWOPOINTERS Two Pointers Bloomberg Goldman Sachs Given input data, solve this Easy algorithm challenge for twoPointers. Easy"
prob-twoPointers-sample-medium-twopointers,Sample Medium TWOPOINTERS,Medium,Two Pointers Adobe Netflix Oracle,"Sample Medium TWOPOINTERS Two Pointers Adobe Netflix Oracle Given input data, solve this Medium algorithm challenge for twoPointers. Medium"
prob-twoPointers-sample-hard-twopointers,Sample Hard TWOPOINTERS,Hard,Two Pointers Salesforce PayPal,"Sample Hard TWOPOINTERS Two Pointers Salesforce PayPal Given input data, solve this Hard algorithm challenge for twoPointers. Hard"
prob-advanced-sample-easy-advanced,Sample Easy ADVANCED,Easy,Advanced Interview Problems Netflix Google,"Sample Easy ADVANCED Advanced Interview Problems Netflix Google Given input data, solve this Easy algorithm challenge for advanced. Easy"
prob-advanced-sample-medium-advanced,Sample Medium ADVANCED,Medium,Advanced Interview Problems Atlassian Lyft Goldman Sachs,"Sample Medium ADVANCED Advanced Interview Problems Atlassian Lyft Goldman Sachs Given input data, solve this Medium algorithm challenge for advanced. Medium"
prob-advanced-sample-hard-advanced,Sample Hard ADVANCED,Hard,Advanced Interview Problems Google Apple Stripe,"Sample Hard ADVANCED Advanced Interview Problems Google Apple Stripe Given input data, solve this Hard algorithm challenge for advanced. Hard"
prob-bank-001,Amazon Array Window Balancer 1,Easy,Arrays Amazon Meta Company Wise,"Amazon Array Window Balancer 1 Arrays Amazon Meta Company Wise Amazon placement-style challenge focused on Arrays. You are given a compact assessment input and must apply prefix sums, hashing, and careful index bounds. Explain your approach, handle edge cases, and return the required output exactly. Easy"
prob-bank-002,Google String Pattern Normalizer 1,Medium,Strings Google Salesforce Company Wise,"Google String Pattern Normalizer 1 Strings Google Salesforce Company Wise Google placement-style challenge focused on Strings. You are given a compact assessment input and must apply frequency tables, two pointers, and case handling. Explain your approach, handle edge cases, and return the required output exactly. Medium"
prob-bank-003,Microsoft Linked List Pointer Repair 1,Hard,Linked Lists Microsoft Cognizant Company Wise,"Microsoft Linked List Pointer Repair 1 Linked Lists Microsoft Cognizant Company Wise Microsoft placement-style challenge focused on Linked Lists. You are given a compact assessment input and must apply slow-fast pointers and safe node relinking. Explain your approach, handle edge cases, and return the required output exactly. Hard"
prob-bank-004,Meta Stack Sequence Validator 1,Easy,Stacks Meta Intel Company Wise,"Meta Stack Sequence Validator 1 Stacks Meta Intel Company Wise Meta placement-style challenge focused on Stacks. You are given a compact assessment input and must apply monotonic stacks and bracket-style simulation. Explain your approach, handle edge cases, and return the required output exactly. Easy"
prob-bank-005,Apple Queue Throughput Scheduler 1,Medium,Queues Apple Zoho Company Wise,"Apple Queue Throughput Scheduler 1 Queues Apple Zoho Company Wise Apple placement-style challenge focused on Queues. You are given a compact assessment input and must apply FIFO windows, deques, and event ordering. Explain your approach, handle edge cases, and return the required output exactly. Medium"
prob-bank-006,Netflix Hash Map Collision Resolver 1,Hard,Hashing Netflix Adobe Company Wise,"Netflix Hash Map Collision Resolver 1 Hashing Netflix Adobe Company Wise Netflix placement-style challenge focused on Hashing. You are given a compact assessment input and must apply constant-time lookup and duplicate tracking. Explain your approach, handle edge cases, and return the required output exactly. Hard"
prob-bank-007,Adobe Binary Tree Path Auditor 1,Easy,Trees Adobe Infosys Company Wise,"Adobe Binary Tree Path Auditor 1 Trees Adobe Infosys Company Wise Adobe placement-style challenge focused on Trees. You are given a compact assessment input and must apply DFS traversal, recursion, and path accumulation. Explain your approach, handle edge cases, and return the required output exactly. Easy"
prob-bank-008,Uber BST Range Inspector 1,Medium,Binary Search Trees Uber Deloitte Company Wise,"Uber BST Range Inspector 1 Binary Search Trees Uber Deloitte Company Wise Uber placement-style challenge focused on Binary Search Trees. You are given a compact assessment input and must apply ordered traversal and lower/upper bounds. Explain your approach, handle edge cases, and return the required output exactly. Medium"
prob-bank-009,Airbnb Priority Heap Ranker 1,Hard,Heaps Airbnb Swiggy Company Wise,"Airbnb Priority Heap Ranker 1 Heaps Airbnb Swiggy Company Wise Airbnb placement-style challenge focused on Heaps. You are given a compact assessment input and must apply top-k selection and priority queue maintenance. Explain your approach, handle edge cases, and return the required output exactly. Hard"
prob-bank-010,Stripe Graph Route Planner 1,Easy,Graphs Stripe Microsoft Company Wise,"Stripe Graph Route Planner 1 Graphs Stripe Microsoft Company Wise Stripe placement-style challenge focused on Graphs. You are given a compact assessment input and must apply BFS, DFS, connected components, and cycle checks. Explain your approach, handle edge cases, and return the required output exactly. Easy"
prob-bank-011,Salesforce Recursive State Explorer 1,Medium,Recursion Salesforce Stripe Company Wise,"Salesforce Recursive State Explorer 1 Recursion Salesforce Stripe Company Wise Salesforce placement-style challenge focused on Recursion. You are given a compact assessment input and must apply base cases and state transition trees. Explain your approach, handle edge cases, and return the required output exactly. Medium"
prob-bank-012,Oracle Backtracking Choice Builder 1,Hard,Backtracking Oracle Capgemini Company Wise,"Oracle Backtracking Choice Builder 1 Backtracking Oracle Capgemini Company Wise Oracle placement-style challenge focused on Backtracking. You are given a compact assessment input and must apply choose-explore-unchoose search. Explain your approach, handle edge cases, and return the required output exactly. Hard"
prob-bank-013,TCS Greedy Placement Optimizer 1,Easy,Greedy Algorithms TCS Cisco Company Wise,"TCS Greedy Placement Optimizer 1 Greedy Algorithms TCS Cisco Company Wise TCS placement-style challenge focused on Greedy Algorithms. You are given a compact assessment input and must apply local optimal choices and sorting. Explain your approach, handle edge cases, and return the required output exactly. Easy"
prob-bank-014,Infosys DP Interview Grid 1,Medium,Dynamic Programming Infosys Razorpay Company Wise,"Infosys DP Interview Grid 1 Dynamic Programming Infosys Razorpay Company Wise Infosys placement-style challenge focused on Dynamic Programming. You are given a compact assessment input and must apply memoization, tabulation, and transitions. Explain your approach, handle edge cases, and return the required output exactly. Medium"
prob-bank-015,Wipro Trie Prefix Directory 1,Hard,Tries Wipro Netflix Company Wise,"Wipro Trie Prefix Directory 1 Tries Wipro Netflix Company Wise Wipro placement-style challenge focused on Tries. You are given a compact assessment input and must apply prefix trees and character edges. Explain your approach, handle edge cases, and return the required output exactly. Hard"
prob-bank-016,Accenture Segment Tree Query Engine 1,Easy,Segment Trees Accenture TCS Company Wise,"Accenture Segment Tree Query Engine 1 Segment Trees Accenture TCS Company Wise Accenture placement-style challenge focused on Segment Trees. You are given a compact assessment input and must apply range queries and logarithmic updates. Explain your approach, handle edge cases, and return the required output exactly. Easy"
prob-bank-017,Capgemini Bitmask Eligibility Filter 1,Medium,Bit Manipulation Capgemini JP Morgan Company Wise,"Capgemini Bitmask Eligibility Filter 1 Bit Manipulation Capgemini JP Morgan Company Wise Capgemini placement-style challenge focused on Bit Manipulation. You are given a compact assessment input and must apply xor, masks, and binary flags. Explain your approach, handle edge cases, and return the required output exactly. Medium"
prob-bank-018,Cognizant Sliding Window Signal 1,Hard,Sliding Window Cognizant Flipkart Company Wise,"Cognizant Sliding Window Signal 1 Sliding Window Cognizant Flipkart Company Wise Cognizant placement-style challenge focused on Sliding Window. You are given a compact assessment input and must apply expand-shrink window invariants. Explain your approach, handle edge cases, and return the required output exactly. Hard"
prob-bank-019,Goldman Sachs Two Pointer Interview Sweep 1,Easy,Two Pointers Goldman Sachs Google Company Wise,"Goldman Sachs Two Pointer Interview Sweep 1 Two Pointers Goldman Sachs Google Company Wise Goldman Sachs placement-style challenge focused on Two Pointers. You are given a compact assessment input and must apply sorted scans and converging pointers. Explain your approach, handle edge cases, and return the required output exactly. Easy"
prob-bank-020,JP Morgan System Constraint Challenge 1,Medium,Advanced Interview Problems JP Morgan Airbnb Company Wise,"JP Morgan System Constraint Challenge 1 Advanced Interview Problems JP Morgan Airbnb Company Wise JP Morgan placement-style challenge focused on Advanced Interview Problems. You are given a compact assessment input and must apply hybrid algorithms and edge-case analysis. Explain your approach, handle edge cases, and return the required output exactly. Medium"
prob-bank-021,Deloitte Array Window Balancer 2,Hard,Arrays Deloitte Accenture Company Wise,"Deloitte Array Window Balancer 2 Arrays Deloitte Accenture Company Wise Deloitte placement-style challenge focused on Arrays. You are given a compact assessment input and must apply prefix sums, hashing, and careful index bounds. Explain your approach, handle edge cases, and return the required output exactly. Hard"
prob-bank-022,PayPal String Pattern Normalizer 2,Easy,Strings PayPal Atlassian Company Wise,"PayPal String Pattern Normalizer 2 Strings PayPal Atlassian Company Wise PayPal placement-style challenge focused on Strings. You are given a compact assessment input and must apply frequency tables, two pointers, and case handling. Explain your approach, handle edge cases, and return the required output exactly. Easy"
prob-bank-023,Atlassian Linked List Pointer Repair 2,Medium,Linked Lists Atlassian PhonePe Company Wise,"Atlassian Linked List Pointer Repair 2 Linked Lists Atlassian PhonePe Company Wise Atlassian placement-style challenge focused on Linked Lists. You are given a compact assessment input and must apply slow-fast pointers and safe node relinking. Explain your approach, handle edge cases, and return the required output exactly. Medium"
prob-bank-024,Cisco Stack Sequence Validator 2,Hard,Stacks Cisco Apple Company Wise,"Cisco Stack Sequence Validator 2 Stacks Cisco Apple Company Wise Cisco placement-style challenge focused on Stacks. You are given a compact assessment input and must apply monotonic stacks and bracket-style simulation. Explain your approach, handle edge cases, and return the required output exactly. Hard"
prob-bank-025,Intel Queue Throughput Scheduler 2,Easy,Queues Intel Oracle Company Wise,"Intel Queue Throughput Scheduler 2 Queues Intel Oracle Company Wise Intel placement-style challenge focused on Queues. You are given a compact assessment input and must apply FIFO windows, deques, and event ordering. Explain your approach, handle edge cases, and return the required output exactly. Easy"
prob-bank-026,NVIDIA Hash Map Collision Resolver 2,Medium,Hashing NVIDIA Goldman Sachs Company Wise,"NVIDIA Hash Map Collision Resolver 2 Hashing NVIDIA Goldman Sachs Company Wise NVIDIA placement-style challenge focused on Hashing. You are given a compact assessment input and must apply constant-time lookup and duplicate tracking. Explain your approach, handle edge cases, and return the required output exactly. Medium"
prob-bank-027,Flipkart Binary Tree Path Auditor 2,Hard,Trees Flipkart NVIDIA Company Wise,"Flipkart Binary Tree Path Auditor 2 Trees Flipkart NVIDIA Company Wise Flipkart placement-style challenge focused on Trees. You are given a compact assessment input and must apply DFS traversal, recursion, and path accumulation. Explain your approach, handle edge cases, and return the required output exactly. Hard"
prob-bank-028,Swiggy BST Range Inspector 2,Easy,Binary Search Trees Swiggy Amazon Company Wise,"Swiggy BST Range Inspector 2 Binary Search Trees Swiggy Amazon Company Wise Swiggy placement-style challenge focused on Binary Search Trees. You are given a compact assessment input and must apply ordered traversal and lower/upper bounds. Explain your approach, handle edge cases, and return the required output exactly. Easy"
prob-bank-029,Zomato Priority Heap Ranker 2,Medium,Heaps Zomato Uber Company Wise,"Zomato Priority Heap Ranker 2 Heaps Zomato Uber Company Wise Zomato placement-style challenge focused on Heaps. You are given a compact assessment input and must apply top-k selection and priority queue maintenance. Explain your approach, handle edge cases, and return the required output exactly. Medium"
prob-bank-030,PhonePe Graph Route Planner 2,Hard,Graphs PhonePe Wipro Company Wise,"PhonePe Graph Route Planner 2 Graphs PhonePe Wipro Company Wise PhonePe placement-style challenge focused on Graphs. You are given a compact assessment input and must apply BFS, DFS, connected components, and cycle checks. Explain your approach, handle edge cases, and return the required output exactly. Hard"
prob-bank-031,Razorpay Recursive State Explorer 2,Easy,Recursion Razorpay PayPal Company Wise,"Razorpay Recursive State Explorer 2 Recursion Razorpay PayPal Company Wise Razorpay placement-style challenge focused on Recursion. You are given a compact assessment input and must apply base cases and state transition trees. Explain your approach, handle edge cases, and return the required output exactly. Easy"
prob-bank-032,Zoho Backtracking Choice Builder 2,Medium,Backtracking Zoho Zomato Company Wise,"Zoho Backtracking Choice Builder 2 Backtracking Zoho Zomato Company Wise Zoho placement-style challenge focused on Backtracking. You are given a compact assessment input and must apply choose-explore-unchoose search. Explain your approach, handle edge cases, and return the required output exactly. Medium"
prob-bank-033,Amazon Greedy Placement Optimizer 2,Hard,Greedy Algorithms Amazon Meta Company Wise,"Amazon Greedy Placement Optimizer 2 Greedy Algorithms Amazon Meta Company Wise Amazon placement-style challenge focused on Greedy Algorithms. You are given a compact assessment input and must apply local optimal choices and sorting. Explain your approach, handle edge cases, and return the required output exactly. Hard"
prob-bank-034,Google DP Interview Grid 2,Easy,Dynamic Programming Google Salesforce Company Wise,"Google DP Interview Grid 2 Dynamic Programming Google Salesforce Company Wise Google placement-style challenge focused on Dynamic Programming. You are given a compact assessment input and must apply memoization, tabulation, and transitions. Explain your approach, handle edge cases, and return the required output exactly. Easy"
prob-bank-035,Microsoft Trie Prefix Directory 2,Medium,Tries Microsoft Cognizant Company Wise,"Microsoft Trie Prefix Directory 2 Tries Microsoft Cognizant Company Wise Microsoft placement-style challenge focused on Tries. You are given a compact assessment input and must apply prefix trees and character edges. Explain your approach, handle edge cases, and return the required output exactly. Medium"
prob-bank-036,Meta Segment Tree Query Engine 2,Hard,Segment Trees Meta Intel Company Wise,"Meta Segment Tree Query Engine 2 Segment Trees Meta Intel Company Wise Meta placement-style challenge focused on Segment Trees. You are given a compact assessment input and must apply range queries and logarithmic updates. Explain your approach, handle edge cases, and return the required output exactly. Hard"
prob-bank-037,Apple Bitmask Eligibility Filter 2,Easy,Bit Manipulation Apple Zoho Company Wise,"Apple Bitmask Eligibility Filter 2 Bit Manipulation Apple Zoho Company Wise Apple placement-style challenge focused on Bit Manipulation. You are given a compact assessment input and must apply xor, masks, and binary flags. Explain your approach, handle edge cases, and return the required output exactly. Easy"
prob-bank-038,Netflix Sliding Window Signal 2,Medium,Sliding Window Netflix Adobe Company Wise,"Netflix Sliding Window Signal 2 Sliding Window Netflix Adobe Company Wise Netflix placement-style challenge focused on Sliding Window. You are given a compact assessment input and must apply expand-shrink window invariants. Explain your approach, handle edge cases, and return the required output exactly. Medium"
prob-bank-039,Adobe Two Pointer Interview Sweep 2,Hard,Two Pointers Adobe Infosys Company Wise,"Adobe Two Pointer Interview Sweep 2 Two Pointers Adobe Infosys Company Wise Adobe placement-style challenge focused on Two Pointers. You are given a compact assessment input and must apply sorted scans and converging pointers. Explain your approach, handle edge cases, and return the required output exactly. Hard"
prob-bank-040,Uber System Constraint Challenge 2,Easy,Advanced Interview Problems Uber Deloitte Company Wise,"Uber System Constraint Challenge 2 Advanced Interview Problems Uber Deloitte Company Wise Uber placement-style challenge focused on Advanced Interview Problems. You are given a compact assessment input and must apply hybrid algorithms and edge-case analysis. Explain your approach, handle edge cases, and return the required output exactly. Easy"
prob-bank-041,Airbnb Array Window Balancer 3,Medium,Arrays Airbnb Swiggy Company Wise,"Airbnb Array Window Balancer 3 Arrays Airbnb Swiggy Company Wise Airbnb placement-style challenge focused on Arrays. You are given a compact assessment input and must apply prefix sums, hashing, and careful index bounds. Explain your approach, handle edge cases, and return the required output exactly. Medium"
prob-bank-042,Stripe String Pattern Normalizer 3,Hard,Strings Stripe Microsoft Company Wise,"Stripe String Pattern Normalizer 3 Strings Stripe Microsoft Company Wise Stripe placement-style challenge focused on Strings. You are given a compact assessment input and must apply frequency tables, two pointers, and case handling. Explain your approach, handle edge cases, and return the required output exactly. Hard"
prob-bank-043,Salesforce Linked List Pointer Repair 3,Easy,Linked Lists Salesforce Stripe Company Wise,"Salesforce Linked List Pointer Repair 3 Linked Lists Salesforce Stripe Company Wise Salesforce placement-style challenge focused on Linked Lists. You are given a compact assessment input and must apply slow-fast pointers and safe node relinking. Explain your approach, handle edge cases, and return the required output exactly. Easy"
prob-bank-044,Oracle Stack Sequence Validator 3,Medium,Stacks Oracle Capgemini Company Wise,"Oracle Stack Sequence Validator 3 Stacks Oracle Capgemini Company Wise Oracle placement-style challenge focused on Stacks. You are given a compact assessment input and must apply monotonic stacks and bracket-style simulation. Explain your approach, handle edge cases, and return the required output exactly. Medium"
prob-bank-045,TCS Queue Throughput Scheduler 3,Hard,Queues TCS Cisco Company Wise,"TCS Queue Throughput Scheduler 3 Queues TCS Cisco Company Wise TCS placement-style challenge focused on Queues. You are given a compact assessment input and must apply FIFO windows, deques, and event ordering. Explain your approach, handle edge cases, and return the required output exactly. Hard"
prob-bank-046,Infosys Hash Map Collision Resolver 3,Easy,Hashing Infosys Razorpay Company Wise,"Infosys Hash Map Collision Resolver 3 Hashing Infosys Razorpay Company Wise Infosys placement-style challenge focused on Hashing. You are given a compact assessment input and must apply constant-time lookup and duplicate tracking. Explain your approach, handle edge cases, and return the required output exactly. Easy"
prob-bank-047,Wipro Binary Tree Path Auditor 3,Medium,Trees Wipro Netflix Company Wise,"Wipro Binary Tree Path Auditor 3 Trees Wipro Netflix Company Wise Wipro placement-style challenge focused on Trees. You are given a compact assessment input and must apply DFS traversal, recursion, and path accumulation. Explain your approach, handle edge cases, and return the required output exactly. Medium"
prob-bank-048,Accenture BST Range Inspector 3,Hard,Binary Search Trees Accenture TCS Company Wise,"Accenture BST Range Inspector 3 Binary Search Trees Accenture TCS Company Wise Accenture placement-style challenge focused on Binary Search Trees. You are given a compact assessment input and must apply ordered traversal and lower/upper bounds. Explain your approach, handle edge cases, and return the required output exactly. Hard"
prob-bank-049,Capgemini Priority Heap Ranker 3,Easy,Heaps Capgemini JP Morgan Company Wise,"Capgemini Priority Heap Ranker 3 Heaps Capgemini JP Morgan Company Wise Capgemini placement-style challenge focused on Heaps. You are given a compact assessment input and must apply top-k selection and priority queue maintenance. Explain your approach, handle edge cases, and return the required output exactly. Easy"
prob-bank-050,Cognizant Graph Route Planner 3,Medium,Graphs Cognizant Flipkart Company Wise,"Cognizant Graph Route Planner 3 Graphs Cognizant Flipkart Company Wise Cognizant placement-style challenge focused on Graphs. You are given a compact assessment input and must apply BFS, DFS, connected components, and cycle checks. Explain your approach, handle edge cases, and return the required output exactly. Medium"
prob-bank-051,Goldman Sachs Recursive State Explorer 3,Hard,Recursion Goldman Sachs Google Company Wise,"Goldman Sachs Recursive State Explorer 3 Recursion Goldman Sachs Google Company Wise Goldman Sachs placement-style challenge focused on Recursion. You are given a compact assessment input and must apply base cases and state transition trees. Explain your approach, handle edge cases, and return the required output exactly. Hard"
prob-bank-052,JP Morgan Backtracking Choice Builder 3,Easy,Backtracking JP Morgan Airbnb Company Wise,"JP Morgan Backtracking Choice Builder 3 Backtracking JP Morgan Airbnb Company Wise JP Morgan placement-style challenge focused on Backtracking. You are given a compact assessment input and must apply choose-explore-unchoose search. Explain your approach, handle edge cases, and return the required output exactly. Easy"
prob-bank-053,Deloitte Greedy Placement Optimizer 3,Medium,Greedy Algorithms Deloitte Accenture Company Wise,"Deloitte Greedy Placement Optimizer 3 Greedy Algorithms Deloitte Accenture Company Wise Deloitte placement-style challenge focused on Greedy Algorithms. You are given a compact assessment input and must apply local optimal choices and sorting. Explain your approach, handle edge cases, and return the required output exactly. Medium"
prob-bank-054,PayPal DP Interview Grid 3,Hard,Dynamic Programming PayPal Atlassian Company Wise,"PayPal DP Interview Grid 3 Dynamic Programming PayPal Atlassian Company Wise PayPal placement-style challenge focused on Dynamic Programming. You are given a compact assessment input and must apply memoization, tabulation, and transitions. Explain your approach, handle edge cases, and return the required output exactly. Hard"
prob-bank-055,Atlassian Trie Prefix Directory 3,Easy,Tries Atlassian PhonePe Company Wise,"Atlassian Trie Prefix Directory 3 Tries Atlassian PhonePe Company Wise Atlassian placement-style challenge focused on Tries. You are given a compact assessment input and must apply prefix trees and character edges. Explain your approach, handle edge cases, and return the required output exactly. Easy"
prob-bank-056,Cisco Segment Tree Query Engine 3,Medium,Segment Trees Cisco Apple Company Wise,"Cisco Segment Tree Query Engine 3 Segment Trees Cisco Apple Company Wise Cisco placement-style challenge focused on Segment Trees. You are given a compact assessment input and must apply range queries and logarithmic updates. Explain your approach, handle edge cases, and return the required output exactly. Medium"
prob-bank-057,Intel Bitmask Eligibility Filter 3,Hard,Bit Manipulation Intel Oracle Company Wise,"Intel Bitmask Eligibility Filter 3 Bit Manipulation Intel Oracle Company Wise Intel placement-style challenge focused on Bit Manipulation. You are given a compact assessment input and must apply xor, masks, and binary flags. Explain your approach, handle edge cases, and return the required output exactly. Hard"
prob-bank-058,NVIDIA Sliding Window Signal 3,Easy,Sliding Window NVIDIA Goldman Sachs Company Wise,"NVIDIA Sliding Window Signal 3 Sliding Window NVIDIA Goldman Sachs Company Wise NVIDIA placement-style challenge focused on Sliding Window. You are given a compact assessment input and must apply expand-shrink window invariants. Explain your approach, handle edge cases, and return the required output exactly. Easy"
prob-bank-059,Flipkart Two Pointer Interview Sweep 3,Medium,Two Pointers Flipkart NVIDIA Company Wise,"Flipkart Two Pointer Interview Sweep 3 Two Pointers Flipkart NVIDIA Company Wise Flipkart placement-style challenge focused on Two Pointers. You are given a compact assessment input and must apply sorted scans and converging pointers. Explain your approach, handle edge cases, and return the required output exactly. Medium"
prob-bank-060,Swiggy System Constraint Challenge 3,Hard,Advanced Interview Problems Swiggy Amazon Company Wise,"Swiggy System Constraint Challenge 3 Advanced Interview Problems Swiggy Amazon Company Wise Swiggy placement-style challenge focused on Advanced Interview Problems. You are given a compact assessment input and must apply hybrid algorithms and edge-case analysis. Explain your approach, handle edge cases, and return the required output exactly. Hard"
prob-bank-061,Zomato Array Window Balancer 4,Easy,Arrays Zomato Uber Company Wise,"Zomato Array Window Balancer 4 Arrays Zomato Uber Company Wise Zomato placement-style challenge focused on Arrays. You are given a compact assessment input and must apply prefix sums, hashing, and careful index bounds. Explain your approach, handle edge cases, and return the required output exactly. Easy"
prob-bank-062,PhonePe String Pattern Normalizer 4,Medium,Strings PhonePe Wipro Company Wise,"PhonePe String Pattern Normalizer 4 Strings PhonePe Wipro Company Wise PhonePe placement-style challenge focused on Strings. You are given a compact assessment input and must apply frequency tables, two pointers, and case handling. Explain your approach, handle edge cases, and return the required output exactly. Medium"
prob-bank-063,Razorpay Linked List Pointer Repair 4,Hard,Linked Lists Razorpay PayPal Company Wise,"Razorpay Linked List Pointer Repair 4 Linked Lists Razorpay PayPal Company Wise Razorpay placement-style challenge focused on Linked Lists. You are given a compact assessment input and must apply slow-fast pointers and safe node relinking. Explain your approach, handle edge cases, and return the required output exactly. Hard"
prob-bank-064,Zoho Stack Sequence Validator 4,Easy,Stacks Zoho Zomato Company Wise,"Zoho Stack Sequence Validator 4 Stacks Zoho Zomato Company Wise Zoho placement-style challenge focused on Stacks. You are given a compact assessment input and must apply monotonic stacks and bracket-style simulation. Explain your approach, handle edge cases, and return the required output exactly. Easy"
prob-bank-065,Amazon Queue Throughput Scheduler 4,Medium,Queues Amazon Meta Company Wise,"Amazon Queue Throughput Scheduler 4 Queues Amazon Meta Company Wise Amazon placement-style challenge focused on Queues. You are given a compact assessment input and must apply FIFO windows, deques, and event ordering. Explain your approach, handle edge cases, and return the required output exactly. Medium"
prob-bank-066,Google Hash Map Collision Resolver 4,Hard,Hashing Google Salesforce Company Wise,"Google Hash Map Collision Resolver 4 Hashing Google Salesforce Company Wise Google placement-style challenge focused on Hashing. You are given a compact assessment input and must apply constant-time lookup and duplicate tracking. Explain your approach, handle edge cases, and return the required output exactly. Hard"
prob-bank-067,Microsoft Binary Tree Path Auditor 4,Easy,Trees Microsoft Cognizant Company Wise,"Microsoft Binary Tree Path Auditor 4 Trees Microsoft Cognizant Company Wise Microsoft placement-style challenge focused on Trees. You are given a compact assessment input and must apply DFS traversal, recursion, and path accumulation. Explain your approach, handle edge cases, and return the required output exactly. Easy"
prob-bank-068,Meta BST Range Inspector 4,Medium,Binary Search Trees Meta Intel Company Wise,"Meta BST Range Inspector 4 Binary Search Trees Meta Intel Company Wise Meta placement-style challenge focused on Binary Search Trees. You are given a compact assessment input and must apply ordered traversal and lower/upper bounds. Explain your approach, handle edge cases, and return the required output exactly. Medium"
prob-bank-069,Apple Priority Heap Ranker 4,Hard,Heaps Apple Zoho Company Wise,"Apple Priority Heap Ranker 4 Heaps Apple Zoho Company Wise Apple placement-style challenge focused on Heaps. You are given a compact assessment input and must apply top-k selection and priority queue maintenance. Explain your approach, handle edge cases, and return the required output exactly. Hard"
prob-bank-070,Netflix Graph Route Planner 4,Easy,Graphs Netflix Adobe Company Wise,"Netflix Graph Route Planner 4 Graphs Netflix Adobe Company Wise Netflix placement-style challenge focused on Graphs. You are given a compact assessment input and must apply BFS, DFS, connected components, and cycle checks. Explain your approach, handle edge cases, and return the required output exactly. Easy"
prob-bank-071,Adobe Recursive State Explorer 4,Medium,Recursion Adobe Infosys Company Wise,"Adobe Recursive State Explorer 4 Recursion Adobe Infosys Company Wise Adobe placement-style challenge focused on Recursion. You are given a compact assessment input and must apply base cases and state transition trees. Explain your approach, handle edge cases, and return the required output exactly. Medium"
prob-bank-072,Uber Backtracking Choice Builder 4,Hard,Backtracking Uber Deloitte Company Wise,"Uber Backtracking Choice Builder 4 Backtracking Uber Deloitte Company Wise Uber placement-style challenge focused on Backtracking. You are given a compact assessment input and must apply choose-explore-unchoose search. Explain your approach, handle edge cases, and return the required output exactly. Hard"
prob-bank-073,Airbnb Greedy Placement Optimizer 4,Easy,Greedy Algorithms Airbnb Swiggy Company Wise,"Airbnb Greedy Placement Optimizer 4 Greedy Algorithms Airbnb Swiggy Company Wise Airbnb placement-style challenge focused on Greedy Algorithms. You are given a compact assessment input and must apply local optimal choices and sorting. Explain your approach, handle edge cases, and return the required output exactly. Easy"
prob-bank-074,Stripe DP Interview Grid 4,Medium,Dynamic Programming Stripe Microsoft Company Wise,"Stripe DP Interview Grid 4 Dynamic Programming Stripe Microsoft Company Wise Stripe placement-style challenge focused on Dynamic Programming. You are given a compact assessment input and must apply memoization, tabulation, and transitions. Explain your approach, handle edge cases, and return the required output exactly. Medium"
prob-bank-075,Salesforce Trie Prefix Directory 4,Hard,Tries Salesforce Stripe Company Wise,"Salesforce Trie Prefix Directory 4 Tries Salesforce Stripe Company Wise Salesforce placement-style challenge focused on Tries. You are given a compact assessment input and must apply prefix trees and character edges. Explain your approach, handle edge cases, and return the required output exactly. Hard"
prob-bank-076,Oracle Segment Tree Query Engine 4,Easy,Segment Trees Oracle Capgemini Company Wise,"Oracle Segment Tree Query Engine 4 Segment Trees Oracle Capgemini Company Wise Oracle placement-style challenge focused on Segment Trees. You are given a compact assessment input and must apply range queries and logarithmic updates. Explain your approach, handle edge cases, and return the required output exactly. Easy"
prob-bank-077,TCS Bitmask Eligibility Filter 4,Medium,Bit Manipulation TCS Cisco Company Wise,"TCS Bitmask Eligibility Filter 4 Bit Manipulation TCS Cisco Company Wise TCS placement-style challenge focused on Bit Manipulation. You are given a compact assessment input and must apply xor, masks, and binary flags. Explain your approach, handle edge cases, and return the required output exactly. Medium"
prob-bank-078,Infosys Sliding Window Signal 4,Hard,Sliding Window Infosys Razorpay Company Wise,"Infosys Sliding Window Signal 4 Sliding Window Infosys Razorpay Company Wise Infosys placement-style challenge focused on Sliding Window. You are given a compact assessment input and must apply expand-shrink window invariants. Explain your approach, handle edge cases, and return the required output exactly. Hard"
prob-bank-079,Wipro Two Pointer Interview Sweep 4,Easy,Two Pointers Wipro Netflix Company Wise,"Wipro Two Pointer Interview Sweep 4 Two Pointers Wipro Netflix Company Wise Wipro placement-style challenge focused on Two Pointers. You are given a compact assessment input and must apply sorted scans and converging pointers. Explain your approach, handle edge cases, and return the required output exactly. Easy"
prob-bank-080,Accenture System Constraint Challenge 4,Medium,Advanced Interview Problems Accenture TCS Company Wise,"Accenture System Constraint Challenge 4 Advanced Interview Problems Accenture TCS Company Wise Accenture placement-style challenge focused on Advanced Interview Problems. You are given a compact assessment input and must apply hybrid algorithms and edge-case analysis. Explain your approach, handle edge cases, and return the required output exactly. Medium"
prob-bank-081,Capgemini Array Window Balancer 5,Hard,Arrays Capgemini JP Morgan Company Wise,"Capgemini Array Window Balancer 5 Arrays Capgemini JP Morgan Company Wise Capgemini placement-style challenge focused on Arrays. You are given a compact assessment input and must apply prefix sums, hashing, and careful index bounds. Explain your approach, handle edge cases, and return the required output exactly. Hard"
prob-bank-082,Cognizant String Pattern Normalizer 5,Easy,Strings Cognizant Flipkart Company Wise,"Cognizant String Pattern Normalizer 5 Strings Cognizant Flipkart Company Wise Cognizant placement-style challenge focused on Strings. You are given a compact assessment input and must apply frequency tables, two pointers, and case handling. Explain your approach, handle edge cases, and return the required output exactly. Easy"
prob-bank-083,Goldman Sachs Linked List Pointer Repair 5,Medium,Linked Lists Goldman Sachs Google Company Wise,"Goldman Sachs Linked List Pointer Repair 5 Linked Lists Goldman Sachs Google Company Wise Goldman Sachs placement-style challenge focused on Linked Lists. You are given a compact assessment input and must apply slow-fast pointers and safe node relinking. Explain your approach, handle edge cases, and return the required output exactly. Medium"
prob-bank-084,JP Morgan Stack Sequence Validator 5,Hard,Stacks JP Morgan Airbnb Company Wise,"JP Morgan Stack Sequence Validator 5 Stacks JP Morgan Airbnb Company Wise JP Morgan placement-style challenge focused on Stacks. You are given a compact assessment input and must apply monotonic stacks and bracket-style simulation. Explain your approach, handle edge cases, and return the required output exactly. Hard"
prob-bank-085,Deloitte Queue Throughput Scheduler 5,Easy,Queues Deloitte Accenture Company Wise,"Deloitte Queue Throughput Scheduler 5 Queues Deloitte Accenture Company Wise Deloitte placement-style challenge focused on Queues. You are given a compact assessment input and must apply FIFO windows, deques, and event ordering. Explain your approach, handle edge cases, and return the required output exactly. Easy"
prob-bank-086,PayPal Hash Map Collision Resolver 5,Medium,Hashing PayPal Atlassian Company Wise,"PayPal Hash Map Collision Resolver 5 Hashing PayPal Atlassian Company Wise PayPal placement-style challenge focused on Hashing. You are given a compact assessment input and must apply constant-time lookup and duplicate tracking. Explain your approach, handle edge cases, and return the required output exactly. Medium"
prob-bank-087,Atlassian Binary Tree Path Auditor 5,Hard,Trees Atlassian PhonePe Company Wise,"Atlassian Binary Tree Path Auditor 5 Trees Atlassian PhonePe Company Wise Atlassian placement-style challenge focused on Trees. You are given a compact assessment input and must apply DFS traversal, recursion, and path accumulation. Explain your approach, handle edge cases, and return the required output exactly. Hard"
prob-bank-088,Cisco BST Range Inspector 5,Easy,Binary Search Trees Cisco Apple Company Wise,"Cisco BST Range Inspector 5 Binary Search Trees Cisco Apple Company Wise Cisco placement-style challenge focused on Binary Search Trees. You are given a compact assessment input and must apply ordered traversal and lower/upper bounds. Explain your approach, handle edge cases, and return the required output exactly. Easy"
prob-bank-089,Intel Priority Heap Ranker 5,Medium,Heaps Intel Oracle Company Wise,"Intel Priority Heap Ranker 5 Heaps Intel Oracle Company Wise Intel placement-style challenge focused on Heaps. You are given a compact assessment input and must apply top-k selection and priority queue maintenance. Explain your approach, handle edge cases, and return the required output exactly. Medium"
prob-bank-090,NVIDIA Graph Route Planner 5,Hard,Graphs NVIDIA Goldman Sachs Company Wise,"NVIDIA Graph Route Planner 5 Graphs NVIDIA Goldman Sachs Company Wise NVIDIA placement-style challenge focused on Graphs. You are given a compact assessment input and must apply BFS, DFS, connected components, and cycle checks. Explain your approach, handle edge cases, and return the required output exactly. Hard"
prob-bank-091,Flipkart Recursive State Explorer 5,Easy,Recursion Flipkart NVIDIA Company Wise,"Flipkart Recursive State Explorer 5 Recursion Flipkart NVIDIA Company Wise Flipkart placement-style challenge focused on Recursion. You are given a compact assessment input and must apply base cases and state transition trees. Explain your approach, handle edge cases, and return the required output exactly. Easy"
prob-bank-092,Swiggy Backtracking Choice Builder 5,Medium,Backtracking Swiggy Amazon Company Wise,"Swiggy Backtracking Choice Builder 5 Backtracking Swiggy Amazon Company Wise Swiggy placement-style challenge focused on Backtracking. You are given a compact assessment input and must apply choose-explore-unchoose search. Explain your approach, handle edge cases, and return the required output exactly. Medium"
prob-bank-093,Zomato Greedy Placement Optimizer 5,Hard,Greedy Algorithms Zomato Uber Company Wise,"Zomato Greedy Placement Optimizer 5 Greedy Algorithms Zomato Uber Company Wise Zomato placement-style challenge focused on Greedy Algorithms. You are given a compact assessment input and must apply local optimal choices and sorting. Explain your approach, handle edge cases, and return the required output exactly. Hard"
prob-bank-094,PhonePe DP Interview Grid 5,Easy,Dynamic Programming PhonePe Wipro Company Wise,"PhonePe DP Interview Grid 5 Dynamic Programming PhonePe Wipro Company Wise PhonePe placement-style challenge focused on Dynamic Programming. You are given a compact assessment input and must apply memoization, tabulation, and transitions. Explain your approach, handle edge cases, and return the required output exactly. Easy"
prob-bank-095,Razorpay Trie Prefix Directory 5,Medium,Tries Razorpay PayPal Company Wise,"Razorpay Trie Prefix Directory 5 Tries Razorpay PayPal Company Wise Razorpay placement-style challenge focused on Tries. You are given a compact assessment input and must apply prefix trees and character edges. Explain your approach, handle edge cases, and return the required output exactly. Medium"
prob-bank-096,Zoho Segment Tree Query Engine 5,Hard,Segment Trees Zoho Zomato Company Wise,"Zoho Segment Tree Query Engine 5 Segment Trees Zoho Zomato Company Wise Zoho placement-style challenge focused on Segment Trees. You are given a compact assessment input and must apply range queries and logarithmic updates. Explain your approach, handle edge cases, and return the required output exactly. Hard"
prob-bank-097,Amazon Bitmask Eligibility Filter 5,Easy,Bit Manipulation Amazon Meta Company Wise,"Amazon Bitmask Eligibility Filter 5 Bit Manipulation Amazon Meta Company Wise Amazon placement-style challenge focused on Bit Manipulation. You are given a compact assessment input and must apply xor, masks, and binary flags. Explain your approach, handle edge cases, and return the required output exactly. Easy"
prob-bank-098,Google Sliding Window Signal 5,Medium,Sliding Window Google Salesforce Company Wise,"Google Sliding Window Signal 5 Sliding Window Google Salesforce Company Wise Google placement-style challenge focused on Sliding Window. You are given a compact assessment input and must apply expand-shrink window invariants. Explain your approach, handle edge cases, and return the required output exactly. Medium"
prob-bank-099,Microsoft Two Pointer Interview Sweep 5,Hard,Two Pointers Microsoft Cognizant Company Wise,"Microsoft Two Pointer Interview Sweep 5 Two Pointers Microsoft Cognizant Company Wise Microsoft placement-style challenge focused on Two Pointers. You are given a compact assessment input and must apply sorted scans and converging pointers. Explain your approach, handle edge cases, and return the required output exactly. Hard"
prob-bank-100,Meta System Constraint Challenge 5,Easy,Advanced Interview Problems Meta Intel Company Wise,"Meta System Constraint Challenge 5 Advanced Interview Problems Meta Intel Company Wise Meta placement-style challenge focused on Advanced Interview Problems. You are given a compact assessment input and must apply hybrid algorithms and edge-case analysis. Explain your approach, handle edge cases, and return the required output exactly. Easy"
prob-bank-101,Apple Array Window Balancer 6,Medium,Arrays Apple Zoho Company Wise,"Apple Array Window Balancer 6 Arrays Apple Zoho Company Wise Apple placement-style challenge focused on Arrays. You are given a compact assessment input and must apply prefix sums, hashing, and careful index bounds. Explain your approach, handle edge cases, and return the required output exactly. Medium"
prob-bank-102,Netflix String Pattern Normalizer 6,Hard,Strings Netflix Adobe Company Wise,"Netflix String Pattern Normalizer 6 Strings Netflix Adobe Company Wise Netflix placement-style challenge focused on Strings. You are given a compact assessment input and must apply frequency tables, two pointers, and case handling. Explain your approach, handle edge cases, and return the required output exactly. Hard"
prob-bank-103,Adobe Linked List Pointer Repair 6,Easy,Linked Lists Adobe Infosys Company Wise,"Adobe Linked List Pointer Repair 6 Linked Lists Adobe Infosys Company Wise Adobe placement-style challenge focused on Linked Lists. You are given a compact assessment input and must apply slow-fast pointers and safe node relinking. Explain your approach, handle edge cases, and return the required output exactly. Easy"
prob-bank-104,Uber Stack Sequence Validator 6,Medium,Stacks Uber Deloitte Company Wise,"Uber Stack Sequence Validator 6 Stacks Uber Deloitte Company Wise Uber placement-style challenge focused on Stacks. You are given a compact assessment input and must apply monotonic stacks and bracket-style simulation. Explain your approach, handle edge cases, and return the required output exactly. Medium"
prob-bank-105,Airbnb Queue Throughput Scheduler 6,Hard,Queues Airbnb Swiggy Company Wise,"Airbnb Queue Throughput Scheduler 6 Queues Airbnb Swiggy Company Wise Airbnb placement-style challenge focused on Queues. You are given a compact assessment input and must apply FIFO windows, deques, and event ordering. Explain your approach, handle edge cases, and return the required output exactly. Hard"
prob-bank-106,Stripe Hash Map Collision Resolver 6,Easy,Hashing Stripe Microsoft Company Wise,"Stripe Hash Map Collision Resolver 6 Hashing Stripe Microsoft Company Wise Stripe placement-style challenge focused on Hashing. You are given a compact assessment input and must apply constant-time lookup and duplicate tracking. Explain your approach, handle edge cases, and return the required output exactly. Easy"
prob-bank-107,Salesforce Binary Tree Path Auditor 6,Medium,Trees Salesforce Stripe Company Wise,"Salesforce Binary Tree Path Auditor 6 Trees Salesforce Stripe Company Wise Salesforce placement-style challenge focused on Trees. You are given a compact assessment input and must apply DFS traversal, recursion, and path accumulation. Explain your approach, handle edge cases, and return the required output exactly. Medium"
prob-bank-108,Oracle BST Range Inspector 6,Hard,Binary Search Trees Oracle Capgemini Company Wise,"Oracle BST Range Inspector 6 Binary Search Trees Oracle Capgemini Company Wise Oracle placement-style challenge focused on Binary Search Trees. You are given a compact assessment input and must apply ordered traversal and lower/upper bounds. Explain your approach, handle edge cases, and return the required output exactly. Hard"
prob-bank-109,TCS Priority Heap Ranker 6,Easy,Heaps TCS Cisco Company Wise,"TCS Priority Heap Ranker 6 Heaps TCS Cisco Company Wise TCS placement-style challenge focused on Heaps. You are given a compact assessment input and must apply top-k selection and priority queue maintenance. Explain your approach, handle edge cases, and return the required output exactly. Easy"
prob-bank-110,Infosys Graph Route Planner 6,Medium,Graphs Infosys Razorpay Company Wise,"Infosys Graph Route Planner 6 Graphs Infosys Razorpay Company Wise Infosys placement-style challenge focused on Graphs. You are given a compact assessment input and must apply BFS, DFS, connected components, and cycle checks. Explain your approach, handle edge cases, and return the required output exactly. Medium"
prob-bank-111,Wipro Recursive State Explorer 6,Hard,Recursion Wipro Netflix Company Wise,"Wipro Recursive State Explorer 6 Recursion Wipro Netflix Company Wise Wipro placement-style challenge focused on Recursion. You are given a compact assessment input and must apply base cases and state transition trees. Explain your approach, handle edge cases, and return the required output exactly. Hard"
prob-bank-112,Accenture Backtracking Choice Builder 6,Easy,Backtracking Accenture TCS Company Wise,"Accenture Backtracking Choice Builder 6 Backtracking Accenture TCS Company Wise Accenture placement-style challenge focused on Backtracking. You are given a compact assessment input and must apply choose-explore-unchoose search. Explain your approach, handle edge cases, and return the required output exactly. Easy"
prob-bank-113,Capgemini Greedy Placement Optimizer 6,Medium,Greedy Algorithms Capgemini JP Morgan Company Wise,"Capgemini Greedy Placement Optimizer 6 Greedy Algorithms Capgemini JP Morgan Company Wise Capgemini placement-style challenge focused on Greedy Algorithms. You are given a compact assessment input and must apply local optimal choices and sorting. Explain your approach, handle edge cases, and return the required output exactly. Medium"
prob-bank-114,Cognizant DP Interview Grid 6,Hard,Dynamic Programming Cognizant Flipkart Company Wise,"Cognizant DP Interview Grid 6 Dynamic Programming Cognizant Flipkart Company Wise Cognizant placement-style challenge focused on Dynamic Programming. You are given a compact assessment input and must apply memoization, tabulation, and transitions. Explain your approach, handle edge cases, and return the required output exactly. Hard"
prob-bank-115,Goldman Sachs Trie Prefix Directory 6,Easy,Tries Goldman Sachs Google Company Wise,"Goldman Sachs Trie Prefix Directory 6 Tries Goldman Sachs Google Company Wise Goldman Sachs placement-style challenge focused on Tries. You are given a compact assessment input and must apply prefix trees and character edges. Explain your approach, handle edge cases, and return the required output exactly. Easy"
prob-bank-116,JP Morgan Segment Tree Query Engine 6,Medium,Segment Trees JP Morgan Airbnb Company Wise,"JP Morgan Segment Tree Query Engine 6 Segment Trees JP Morgan Airbnb Company Wise JP Morgan placement-style challenge focused on Segment Trees. You are given a compact assessment input and must apply range queries and logarithmic updates. Explain your approach, handle edge cases, and return the required output exactly. Medium"
prob-bank-117,Deloitte Bitmask Eligibility Filter 6,Hard,Bit Manipulation Deloitte Accenture Company Wise,"Deloitte Bitmask Eligibility Filter 6 Bit Manipulation Deloitte Accenture Company Wise Deloitte placement-style challenge focused on Bit Manipulation. You are given a compact assessment input and must apply xor, masks, and binary flags. Explain your approach, handle edge cases, and return the required output exactly. Hard"
prob-bank-118,PayPal Sliding Window Signal 6,Easy,Sliding Window PayPal Atlassian Company Wise,"PayPal Sliding Window Signal 6 Sliding Window PayPal Atlassian Company Wise PayPal placement-style challenge focused on Sliding Window. You are given a compact assessment input and must apply expand-shrink window invariants. Explain your approach, handle edge cases, and return the required output exactly. Easy"
prob-bank-119,Atlassian Two Pointer Interview Sweep 6,Medium,Two Pointers Atlassian PhonePe Company Wise,"Atlassian Two Pointer Interview Sweep 6 Two Pointers Atlassian PhonePe Company Wise Atlassian placement-style challenge focused on Two Pointers. You are given a compact assessment input and must apply sorted scans and converging pointers. Explain your approach, handle edge cases, and return the required output exactly. Medium"
prob-bank-120,Cisco System Constraint Challenge 6,Hard,Advanced Interview Problems Cisco Apple Company Wise,"Cisco System Constraint Challenge 6 Advanced Interview Problems Cisco Apple Company Wise Cisco placement-style challenge focused on Advanced Interview Problems. You are given a compact assessment input and must apply hybrid algorithms and edge-case analysis. Explain your approach, handle edge cases, and return the required output exactly. Hard"
prob-bank-121,Intel Array Window Balancer 7,Easy,Arrays Intel Oracle Company Wise,"Intel Array Window Balancer 7 Arrays Intel Oracle Company Wise Intel placement-style challenge focused on Arrays. You are given a compact assessment input and must apply prefix sums, hashing, and careful index bounds. Explain your approach, handle edge cases, and return the required output exactly. Easy"
prob-bank-122,NVIDIA String Pattern Normalizer 7,Medium,Strings NVIDIA Goldman Sachs Company Wise,"NVIDIA String Pattern Normalizer 7 Strings NVIDIA Goldman Sachs Company Wise NVIDIA placement-style challenge focused on Strings. You are given a compact assessment input and must apply frequency tables, two pointers, and case handling. Explain your approach, handle edge cases, and return the required output exactly. Medium"
prob-bank-123,Flipkart Linked List Pointer Repair 7,Hard,Linked Lists Flipkart NVIDIA Company Wise,"Flipkart Linked List Pointer Repair 7 Linked Lists Flipkart NVIDIA Company Wise Flipkart placement-style challenge focused on Linked Lists. You are given a compact assessment input and must apply slow-fast pointers and safe node relinking. Explain your approach, handle edge cases, and return the required output exactly. Hard"
prob-bank-124,Swiggy Stack Sequence Validator 7,Easy,Stacks Swiggy Amazon Company Wise,"Swiggy Stack Sequence Validator 7 Stacks Swiggy Amazon Company Wise Swiggy placement-style challenge focused on Stacks. You are given a compact assessment input and must apply monotonic stacks and bracket-style simulation. Explain your approach, handle edge cases, and return the required output exactly. Easy"
prob-bank-125,Zomato Queue Throughput Scheduler 7,Medium,Queues Zomato Uber Company Wise,"Zomato Queue Throughput Scheduler 7 Queues Zomato Uber Company Wise Zomato placement-style challenge focused on Queues. You are given a compact assessment input and must apply FIFO windows, deques, and event ordering. Explain your approach, handle edge cases, and return the required output exactly. Medium"
prob-bank-126,PhonePe Hash Map Collision Resolver 7,Hard,Hashing PhonePe Wipro Company Wise,"PhonePe Hash Map Collision Resolver 7 Hashing PhonePe Wipro Company Wise PhonePe placement-style challenge focused on Hashing. You are given a compact assessment input and must apply constant-time lookup and duplicate tracking. Explain your approach, handle edge cases, and return the required output exactly. Hard"
prob-bank-127,Razorpay Binary Tree Path Auditor 7,Easy,Trees Razorpay PayPal Company Wise,"Razorpay Binary Tree Path Auditor 7 Trees Razorpay PayPal Company Wise Razorpay placement-style challenge focused on Trees. You are given a compact assessment input and must apply DFS traversal, recursion, and path accumulation. Explain your approach, handle edge cases, and return the required output exactly. Easy"
prob-bank-128,Zoho BST Range Inspector 7,Medium,Binary Search Trees Zoho Zomato Company Wise,"Zoho BST Range Inspector 7 Binary Search Trees Zoho Zomato Company Wise Zoho placement-style challenge focused on Binary Search Trees. You are given a compact assessment input and must apply ordered traversal and lower/upper bounds. Explain your approach, handle edge cases, and return the required output exactly. Medium"
prob-bank-129,Amazon Priority Heap Ranker 7,Hard,Heaps Amazon Meta Company Wise,"Amazon Priority Heap Ranker 7 Heaps Amazon Meta Company Wise Amazon placement-style challenge focused on Heaps. You are given a compact assessment input and must apply top-k selection and priority queue maintenance. Explain your approach, handle edge cases, and return the required output exactly. Hard"
prob-bank-130,Google Graph Route Planner 7,Easy,Graphs Google Salesforce Company Wise,"Google Graph Route Planner 7 Graphs Google Salesforce Company Wise Google placement-style challenge focused on Graphs. You are given a compact assessment input and must apply BFS, DFS, connected components, and cycle checks. Explain your approach, handle edge cases, and return the required output exactly. Easy"
prob-bank-131,Microsoft Recursive State Explorer 7,Medium,Recursion Microsoft Cognizant Company Wise,"Microsoft Recursive State Explorer 7 Recursion Microsoft Cognizant Company Wise Microsoft placement-style challenge focused on Recursion. You are given a compact assessment input and must apply base cases and state transition trees. Explain your approach, handle edge cases, and return the required output exactly. Medium"
prob-bank-132,Meta Backtracking Choice Builder 7,Hard,Backtracking Meta Intel Company Wise,"Meta Backtracking Choice Builder 7 Backtracking Meta Intel Company Wise Meta placement-style challenge focused on Backtracking. You are given a compact assessment input and must apply choose-explore-unchoose search. Explain your approach, handle edge cases, and return the required output exactly. Hard"
prob-bank-133,Apple Greedy Placement Optimizer 7,Easy,Greedy Algorithms Apple Zoho Company Wise,"Apple Greedy Placement Optimizer 7 Greedy Algorithms Apple Zoho Company Wise Apple placement-style challenge focused on Greedy Algorithms. You are given a compact assessment input and must apply local optimal choices and sorting. Explain your approach, handle edge cases, and return the required output exactly. Easy"
prob-bank-134,Netflix DP Interview Grid 7,Medium,Dynamic Programming Netflix Adobe Company Wise,"Netflix DP Interview Grid 7 Dynamic Programming Netflix Adobe Company Wise Netflix placement-style challenge focused on Dynamic Programming. You are given a compact assessment input and must apply memoization, tabulation, and transitions. Explain your approach, handle edge cases, and return the required output exactly. Medium"
prob-bank-135,Adobe Trie Prefix Directory 7,Hard,Tries Adobe Infosys Company Wise,"Adobe Trie Prefix Directory 7 Tries Adobe Infosys Company Wise Adobe placement-style challenge focused on Tries. You are given a compact assessment input and must apply prefix trees and character edges. Explain your approach, handle edge cases, and return the required output exactly. Hard"
prob-bank-136,Uber Segment Tree Query Engine 7,Easy,Segment Trees Uber Deloitte Company Wise,"Uber Segment Tree Query Engine 7 Segment Trees Uber Deloitte Company Wise Uber placement-style challenge focused on Segment Trees. You are given a compact assessment input and must apply range queries and logarithmic updates. Explain your approach, handle edge cases, and return the required output exactly. Easy"
prob-bank-137,Airbnb Bitmask Eligibility Filter 7,Medium,Bit Manipulation Airbnb Swiggy Company Wise,"Airbnb Bitmask Eligibility Filter 7 Bit Manipulation Airbnb Swiggy Company Wise Airbnb placement-style challenge focused on Bit Manipulation. You are given a compact assessment input and must apply xor, masks, and binary flags. Explain your approach, handle edge cases, and return the required output exactly. Medium"
prob-bank-138,Stripe Sliding Window Signal 7,Hard,Sliding Window Stripe Microsoft Company Wise,"Stripe Sliding Window Signal 7 Sliding Window Stripe Microsoft Company Wise Stripe placement-style challenge focused on Sliding Window. You are given a compact assessment input and must apply expand-shrink window invariants. Explain your approach, handle edge cases, and return the required output exactly. Hard"
prob-bank-139,Salesforce Two Pointer Interview Sweep 7,Easy,Two Pointers Salesforce Stripe Company Wise,"Salesforce Two Pointer Interview Sweep 7 Two Pointers Salesforce Stripe Company Wise Salesforce placement-style challenge focused on Two Pointers. You are given a compact assessment input and must apply sorted scans and converging pointers. Explain your approach, handle edge cases, and return the required output exactly. Easy"
prob-bank-140,Oracle System Constraint Challenge 7,Medium,Advanced Interview Problems Oracle Capgemini Company Wise,"Oracle System Constraint Challenge 7 Advanced Interview Problems Oracle Capgemini Company Wise Oracle placement-style challenge focused on Advanced Interview Problems. You are given a compact assessment input and must apply hybrid algorithms and edge-case analysis. Explain your approach, handle edge cases, and return the required output exactly. Medium"
prob-bank-141,TCS Array Window Balancer 8,Hard,Arrays TCS Cisco Company Wise,"TCS Array Window Balancer 8 Arrays TCS Cisco Company Wise TCS placement-style challenge focused on Arrays. You are given a compact assessment input and must apply prefix sums, hashing, and careful index bounds. Explain your approach, handle edge cases, and return the required output exactly. Hard"
prob-bank-142,Infosys String Pattern Normalizer 8,Easy,Strings Infosys Razorpay Company Wise,"Infosys String Pattern Normalizer 8 Strings Infosys Razorpay Company Wise Infosys placement-style challenge focused on Strings. You are given a compact assessment input and must apply frequency tables, two pointers, and case handling. Explain your approach, handle edge cases, and return the required output exactly. Easy"
prob-bank-143,Wipro Linked List Pointer Repair 8,Medium,Linked Lists Wipro Netflix Company Wise,"Wipro Linked List Pointer Repair 8 Linked Lists Wipro Netflix Company Wise Wipro placement-style challenge focused on Linked Lists. You are given a compact assessment input and must apply slow-fast pointers and safe node relinking. Explain your approach, handle edge cases, and return the required output exactly. Medium"
prob-bank-144,Accenture Stack Sequence Validator 8,Hard,Stacks Accenture TCS Company Wise,"Accenture Stack Sequence Validator 8 Stacks Accenture TCS Company Wise Accenture placement-style challenge focused on Stacks. You are given a compact assessment input and must apply monotonic stacks and bracket-style simulation. Explain your approach, handle edge cases, and return the required output exactly. Hard"
prob-bank-145,Capgemini Queue Throughput Scheduler 8,Easy,Queues Capgemini JP Morgan Company Wise,"Capgemini Queue Throughput Scheduler 8 Queues Capgemini JP Morgan Company Wise Capgemini placement-style challenge focused on Queues. You are given a compact assessment input and must apply FIFO windows, deques, and event ordering. Explain your approach, handle edge cases, and return the required output exactly. Easy"
prob-bank-146,Cognizant Hash Map Collision Resolver 8,Medium,Hashing Cognizant Flipkart Company Wise,"Cognizant Hash Map Collision Resolver 8 Hashing Cognizant Flipkart Company Wise Cognizant placement-style challenge focused on Hashing. You are given a compact assessment input and must apply constant-time lookup and duplicate tracking. Explain your approach, handle edge cases, and return the required output exactly. Medium"
prob-bank-147,Goldman Sachs Binary Tree Path Auditor 8,Hard,Trees Goldman Sachs Google Company Wise,"Goldman Sachs Binary Tree Path Auditor 8 Trees Goldman Sachs Google Company Wise Goldman Sachs placement-style challenge focused on Trees. You are given a compact assessment input and must apply DFS traversal, recursion, and path accumulation. Explain your approach, handle edge cases, and return the required output exactly. Hard"
prob-bank-148,JP Morgan BST Range Inspector 8,Easy,Binary Search Trees JP Morgan Airbnb Company Wise,"JP Morgan BST Range Inspector 8 Binary Search Trees JP Morgan Airbnb Company Wise JP Morgan placement-style challenge focused on Binary Search Trees. You are given a compact assessment input and must apply ordered traversal and lower/upper bounds. Explain your approach, handle edge cases, and return the required output exactly. Easy"
prob-bank-149,Deloitte Priority Heap Ranker 8,Medium,Heaps Deloitte Accenture Company Wise,"Deloitte Priority Heap Ranker 8 Heaps Deloitte Accenture Company Wise Deloitte placement-style challenge focused on Heaps. You are given a compact assessment input and must apply top-k selection and priority queue maintenance. Explain your approach, handle edge cases, and return the required output exactly. Medium"
prob-bank-150,PayPal Graph Route Planner 8,Hard,Graphs PayPal Atlassian Company Wise,"PayPal Graph Route Planner 8 Graphs PayPal Atlassian Company Wise PayPal placement-style challenge focused on Graphs. You are given a compact assessment input and must apply BFS, DFS, connected components, and cycle checks. Explain your approach, handle edge cases, and return the required output exactly. Hard"
prob-bank-151,Atlassian Recursive State Explorer 8,Easy,Recursion Atlassian PhonePe Company Wise,"Atlassian Recursive State Explorer 8 Recursion Atlassian PhonePe Company Wise Atlassian placement-style challenge focused on Recursion. You are given a compact assessment input and must apply base cases and state transition trees. Explain your approach, handle edge cases, and return the required output exactly. Easy"
prob-bank-152,Cisco Backtracking Choice Builder 8,Medium,Backtracking Cisco Apple Company Wise,"Cisco Backtracking Choice Builder 8 Backtracking Cisco Apple Company Wise Cisco placement-style challenge focused on Backtracking. You are given a compact assessment input and must apply choose-explore-unchoose search. Explain your approach, handle edge cases, and return the required output exactly. Medium"
prob-bank-153,Intel Greedy Placement Optimizer 8,Hard,Greedy Algorithms Intel Oracle Company Wise,"Intel Greedy Placement Optimizer 8 Greedy Algorithms Intel Oracle Company Wise Intel placement-style challenge focused on Greedy Algorithms. You are given a compact assessment input and must apply local optimal choices and sorting. Explain your approach, handle edge cases, and return the required output exactly. Hard"
prob-bank-154,NVIDIA DP Interview Grid 8,Easy,Dynamic Programming NVIDIA Goldman Sachs Company Wise,"NVIDIA DP Interview Grid 8 Dynamic Programming NVIDIA Goldman Sachs Company Wise NVIDIA placement-style challenge focused on Dynamic Programming. You are given a compact assessment input and must apply memoization, tabulation, and transitions. Explain your approach, handle edge cases, and return the required output exactly. Easy"
prob-bank-155,Flipkart Trie Prefix Directory 8,Medium,Tries Flipkart NVIDIA Company Wise,"Flipkart Trie Prefix Directory 8 Tries Flipkart NVIDIA Company Wise Flipkart placement-style challenge focused on Tries. You are given a compact assessment input and must apply prefix trees and character edges. Explain your approach, handle edge cases, and return the required output exactly. Medium"
prob-bank-156,Swiggy Segment Tree Query Engine 8,Hard,Segment Trees Swiggy Amazon Company Wise,"Swiggy Segment Tree Query Engine 8 Segment Trees Swiggy Amazon Company Wise Swiggy placement-style challenge focused on Segment Trees. You are given a compact assessment input and must apply range queries and logarithmic updates. Explain your approach, handle edge cases, and return the required output exactly. Hard"
prob-bank-157,Zomato Bitmask Eligibility Filter 8,Easy,Bit Manipulation Zomato Uber Company Wise,"Zomato Bitmask Eligibility Filter 8 Bit Manipulation Zomato Uber Company Wise Zomato placement-style challenge focused on Bit Manipulation. You are given a compact assessment input and must apply xor, masks, and binary flags. Explain your approach, handle edge cases, and return the required output exactly. Easy"
prob-bank-158,PhonePe Sliding Window Signal 8,Medium,Sliding Window PhonePe Wipro Company Wise,"PhonePe Sliding Window Signal 8 Sliding Window PhonePe Wipro Company Wise PhonePe placement-style challenge focused on Sliding Window. You are given a compact assessment input and must apply expand-shrink window invariants. Explain your approach, handle edge cases, and return the required output exactly. Medium"
prob-bank-159,Razorpay Two Pointer Interview Sweep 8,Hard,Two Pointers Razorpay PayPal Company Wise,"Razorpay Two Pointer Interview Sweep 8 Two Pointers Razorpay PayPal Company Wise Razorpay placement-style challenge focused on Two Pointers. You are given a compact assessment input and must apply sorted scans and converging pointers. Explain your approach, handle edge cases, and return the required output exactly. Hard"
prob-bank-160,Zoho System Constraint Challenge 8,Easy,Advanced Interview Problems Zoho Zomato Company Wise,"Zoho System Constraint Challenge 8 Advanced Interview Problems Zoho Zomato Company Wise Zoho placement-style challenge focused on Advanced Interview Problems. You are given a compact assessment input and must apply hybrid algorithms and edge-case analysis. Explain your approach, handle edge cases, and return the required output exactly. Easy"
prob-bank-161,Amazon Array Window Balancer 9,Medium,Arrays Amazon Meta Company Wise,"Amazon Array Window Balancer 9 Arrays Amazon Meta Company Wise Amazon placement-style challenge focused on Arrays. You are given a compact assessment input and must apply prefix sums, hashing, and careful index bounds. Explain your approach, handle edge cases, and return the required output exactly. Medium"
prob-bank-162,Google String Pattern Normalizer 9,Hard,Strings Google Salesforce Company Wise,"Google String Pattern Normalizer 9 Strings Google Salesforce Company Wise Google placement-style challenge focused on Strings. You are given a compact assessment input and must apply frequency tables, two pointers, and case handling. Explain your approach, handle edge cases, and return the required output exactly. Hard"
prob-bank-163,Microsoft Linked List Pointer Repair 9,Easy,Linked Lists Microsoft Cognizant Company Wise,"Microsoft Linked List Pointer Repair 9 Linked Lists Microsoft Cognizant Company Wise Microsoft placement-style challenge focused on Linked Lists. You are given a compact assessment input and must apply slow-fast pointers and safe node relinking. Explain your approach, handle edge cases, and return the required output exactly. Easy"
prob-bank-164,Meta Stack Sequence Validator 9,Medium,Stacks Meta Intel Company Wise,"Meta Stack Sequence Validator 9 Stacks Meta Intel Company Wise Meta placement-style challenge focused on Stacks. You are given a compact assessment input and must apply monotonic stacks and bracket-style simulation. Explain your approach, handle edge cases, and return the required output exactly. Medium"
prob-bank-165,Apple Queue Throughput Scheduler 9,Hard,Queues Apple Zoho Company Wise,"Apple Queue Throughput Scheduler 9 Queues Apple Zoho Company Wise Apple placement-style challenge focused on Queues. You are given a compact assessment input and must apply FIFO windows, deques, and event ordering. Explain your approach, handle edge cases, and return the required output exactly. Hard"
prob-bank-166,Netflix Hash Map Collision Resolver 9,Easy,Hashing Netflix Adobe Company Wise,"Netflix Hash Map Collision Resolver 9 Hashing Netflix Adobe Company Wise Netflix placement-style challenge focused on Hashing. You are given a compact assessment input and must apply constant-time lookup and duplicate tracking. Explain your approach, handle edge cases, and return the required output exactly. Easy"
prob-bank-167,Adobe Binary Tree Path Auditor 9,Medium,Trees Adobe Infosys Company Wise,"Adobe Binary Tree Path Auditor 9 Trees Adobe Infosys Company Wise Adobe placement-style challenge focused on Trees. You are given a compact assessment input and must apply DFS traversal, recursion, and path accumulation. Explain your approach, handle edge cases, and return the required output exactly. Medium"
prob-bank-168,Uber BST Range Inspector 9,Hard,Binary Search Trees Uber Deloitte Company Wise,"Uber BST Range Inspector 9 Binary Search Trees Uber Deloitte Company Wise Uber placement-style challenge focused on Binary Search Trees. You are given a compact assessment input and must apply ordered traversal and lower/upper bounds. Explain your approach, handle edge cases, and return the required output exactly. Hard"
prob-bank-169,Airbnb Priority Heap Ranker 9,Easy,Heaps Airbnb Swiggy Company Wise,"Airbnb Priority Heap Ranker 9 Heaps Airbnb Swiggy Company Wise Airbnb placement-style challenge focused on Heaps. You are given a compact assessment input and must apply top-k selection and priority queue maintenance. Explain your approach, handle edge cases, and return the required output exactly. Easy"
prob-bank-170,Stripe Graph Route Planner 9,Medium,Graphs Stripe Microsoft Company Wise,"Stripe Graph Route Planner 9 Graphs Stripe Microsoft Company Wise Stripe placement-style challenge focused on Graphs. You are given a compact assessment input and must apply BFS, DFS, connected components, and cycle checks. Explain your approach, handle edge cases, and return the required output exactly. Medium"
prob-bank-171,Salesforce Recursive State Explorer 9,Hard,Recursion Salesforce Stripe Company Wise,"Salesforce Recursive State Explorer 9 Recursion Salesforce Stripe Company Wise Salesforce placement-style challenge focused on Recursion. You are given a compact assessment input and must apply base cases and state transition trees. Explain your approach, handle edge cases, and return the required output exactly. Hard"
prob-bank-172,Oracle Backtracking Choice Builder 9,Easy,Backtracking Oracle Capgemini Company Wise,"Oracle Backtracking Choice Builder 9 Backtracking Oracle Capgemini Company Wise Oracle placement-style challenge focused on Backtracking. You are given a compact assessment input and must apply choose-explore-unchoose search. Explain your approach, handle edge cases, and return the required output exactly. Easy"
prob-bank-173,TCS Greedy Placement Optimizer 9,Medium,Greedy Algorithms TCS Cisco Company Wise,"TCS Greedy Placement Optimizer 9 Greedy Algorithms TCS Cisco Company Wise TCS placement-style challenge focused on Greedy Algorithms. You are given a compact assessment input and must apply local optimal choices and sorting. Explain your approach, handle edge cases, and return the required output exactly. Medium"
prob-bank-174,Infosys DP Interview Grid 9,Hard,Dynamic Programming Infosys Razorpay Company Wise,"Infosys DP Interview Grid 9 Dynamic Programming Infosys Razorpay Company Wise Infosys placement-style challenge focused on Dynamic Programming. You are given a compact assessment input and must apply memoization, tabulation, and transitions. Explain your approach, handle edge cases, and return the required output exactly. Hard"
prob-bank-175,Wipro Trie Prefix Directory 9,Easy,Tries Wipro Netflix Company Wise,"Wipro Trie Prefix Directory 9 Tries Wipro Netflix Company Wise Wipro placement-style challenge focused on Tries. You are given a compact assessment input and must apply prefix trees and character edges. Explain your approach, handle edge cases, and return the required output exactly. Easy"
prob-bank-176,Accenture Segment Tree Query Engine 9,Medium,Segment Trees Accenture TCS Company Wise,"Accenture Segment Tree Query Engine 9 Segment Trees Accenture TCS Company Wise Accenture placement-style challenge focused on Segment Trees. You are given a compact assessment input and must apply range queries and logarithmic updates. Explain your approach, handle edge cases, and return the required output exactly. Medium"
prob-bank-177,Capgemini Bitmask Eligibility Filter 9,Hard,Bit Manipulation Capgemini JP Morgan Company Wise,"Capgemini Bitmask Eligibility Filter 9 Bit Manipulation Capgemini JP Morgan Company Wise Capgemini placement-style challenge focused on Bit Manipulation. You are given a compact assessment input and must apply xor, masks, and binary flags. Explain your approach, handle edge cases, and return the required output exactly. Hard"
prob-bank-178,Cognizant Sliding Window Signal 9,Easy,Sliding Window Cognizant Flipkart Company Wise,"Cognizant Sliding Window Signal 9 Sliding Window Cognizant Flipkart Company Wise Cognizant placement-style challenge focused on Sliding Window. You are given a compact assessment input and must apply expand-shrink window invariants. Explain your approach, handle edge cases, and return the required output exactly. Easy"
prob-bank-179,Goldman Sachs Two Pointer Interview Sweep 9,Medium,Two Pointers Goldman Sachs Google Company Wise,"Goldman Sachs Two Pointer Interview Sweep 9 Two Pointers Goldman Sachs Google Company Wise Goldman Sachs placement-style challenge focused on Two Pointers. You are given a compact assessment input and must apply sorted scans and converging pointers. Explain your approach, handle edge cases, and return the required output exactly. Medium"
prob-bank-180,JP Morgan System Constraint Challenge 9,Hard,Advanced Interview Problems JP Morgan Airbnb Company Wise,"JP Morgan System Constraint Challenge 9 Advanced Interview Problems JP Morgan Airbnb Company Wise JP Morgan placement-style challenge focused on Advanced Interview Problems. You are given a compact assessment input and must apply hybrid algorithms and edge-case analysis. Explain your approach, handle edge cases, and return the required output exactly. Hard"
prob-bank-181,Deloitte Array Window Balancer 10,Easy,Arrays Deloitte Accenture Company Wise,"Deloitte Array Window Balancer 10 Arrays Deloitte Accenture Company Wise Deloitte placement-style challenge focused on Arrays. You are given a compact assessment input and must apply prefix sums, hashing, and careful index bounds. Explain your approach, handle edge cases, and return the required output exactly. Easy"
prob-bank-182,PayPal String Pattern Normalizer 10,Medium,Strings PayPal Atlassian Company Wise,"PayPal String Pattern Normalizer 10 Strings PayPal Atlassian Company Wise PayPal placement-style challenge focused on Strings. You are given a compact assessment input and must apply frequency tables, two pointers, and case handling. Explain your approach, handle edge cases, and return the required output exactly. Medium"
prob-bank-183,Atlassian Linked List Pointer Repair 10,Hard,Linked Lists Atlassian PhonePe Company Wise,"Atlassian Linked List Pointer Repair 10 Linked Lists Atlassian PhonePe Company Wise Atlassian placement-style challenge focused on Linked Lists. You are given a compact assessment input and must apply slow-fast pointers and safe node relinking. Explain your approach, handle edge cases, and return the required output exactly. Hard"
prob-bank-184,Cisco Stack Sequence Validator 10,Easy,Stacks Cisco Apple Company Wise,"Cisco Stack Sequence Validator 10 Stacks Cisco Apple Company Wise Cisco placement-style challenge focused on Stacks. You are given a compact assessment input and must apply monotonic stacks and bracket-style simulation. Explain your approach, handle edge cases, and return the required output exactly. Easy"
prob-bank-185,Intel Queue Throughput Scheduler 10,Medium,Queues Intel Oracle Company Wise,"Intel Queue Throughput Scheduler 10 Queues Intel Oracle Company Wise Intel placement-style challenge focused on Queues. You are given a compact assessment input and must apply FIFO windows, deques, and event ordering. Explain your approach, handle edge cases, and return the required output exactly. Medium"
prob-bank-186,NVIDIA Hash Map Collision Resolver 10,Hard,Hashing NVIDIA Goldman Sachs Company Wise,"NVIDIA Hash Map Collision Resolver 10 Hashing NVIDIA Goldman Sachs Company Wise NVIDIA placement-style challenge focused on Hashing. You are given a compact assessment input and must apply constant-time lookup and duplicate tracking. Explain your approach, handle edge cases, and return the required output exactly. Hard"
prob-bank-187,Flipkart Binary Tree Path Auditor 10,Easy,Trees Flipkart NVIDIA Company Wise,"Flipkart Binary Tree Path Auditor 10 Trees Flipkart NVIDIA Company Wise Flipkart placement-style challenge focused on Trees. You are given a compact assessment input and must apply DFS traversal, recursion, and path accumulation. Explain your approach, handle edge cases, and return the required output exactly. Easy"
prob-bank-188,Swiggy BST Range Inspector 10,Medium,Binary Search Trees Swiggy Amazon Company Wise,"Swiggy BST Range Inspector 10 Binary Search Trees Swiggy Amazon Company Wise Swiggy placement-style challenge focused on Binary Search Trees. You are given a compact assessment input and must apply ordered traversal and lower/upper bounds. Explain your approach, handle edge cases, and return the required output exactly. Medium"
prob-bank-189,Zomato Priority Heap Ranker 10,Hard,Heaps Zomato Uber Company Wise,"Zomato Priority Heap Ranker 10 Heaps Zomato Uber Company Wise Zomato placement-style challenge focused on Heaps. You are given a compact assessment input and must apply top-k selection and priority queue maintenance. Explain your approach, handle edge cases, and return the required output exactly. Hard"
prob-bank-190,PhonePe Graph Route Planner 10,Easy,Graphs PhonePe Wipro Company Wise,"PhonePe Graph Route Planner 10 Graphs PhonePe Wipro Company Wise PhonePe placement-style challenge focused on Graphs. You are given a compact assessment input and must apply BFS, DFS, connected components, and cycle checks. Explain your approach, handle edge cases, and return the required output exactly. Easy"
prob-bank-191,Razorpay Recursive State Explorer 10,Medium,Recursion Razorpay PayPal Company Wise,"Razorpay Recursive State Explorer 10 Recursion Razorpay PayPal Company Wise Razorpay placement-style challenge focused on Recursion. You are given a compact assessment input and must apply base cases and state transition trees. Explain your approach, handle edge cases, and return the required output exactly. Medium"
prob-bank-192,Zoho Backtracking Choice Builder 10,Hard,Backtracking Zoho Zomato Company Wise,"Zoho Backtracking Choice Builder 10 Backtracking Zoho Zomato Company Wise Zoho placement-style challenge focused on Backtracking. You are given a compact assessment input and must apply choose-explore-unchoose search. Explain your approach, handle edge cases, and return the required output exactly. Hard"
prob-bank-193,Amazon Greedy Placement Optimizer 10,Easy,Greedy Algorithms Amazon Meta Company Wise,"Amazon Greedy Placement Optimizer 10 Greedy Algorithms Amazon Meta Company Wise Amazon placement-style challenge focused on Greedy Algorithms. You are given a compact assessment input and must apply local optimal choices and sorting. Explain your approach, handle edge cases, and return the required output exactly. Easy"
prob-bank-194,Google DP Interview Grid 10,Medium,Dynamic Programming Google Salesforce Company Wise,"Google DP Interview Grid 10 Dynamic Programming Google Salesforce Company Wise Google placement-style challenge focused on Dynamic Programming. You are given a compact assessment input and must apply memoization, tabulation, and transitions. Explain your approach, handle edge cases, and return the required output exactly. Medium"
prob-bank-195,Microsoft Trie Prefix Directory 10,Hard,Tries Microsoft Cognizant Company Wise,"Microsoft Trie Prefix Directory 10 Tries Microsoft Cognizant Company Wise Microsoft placement-style challenge focused on Tries. You are given a compact assessment input and must apply prefix trees and character edges. Explain your approach, handle edge cases, and return the required output exactly. Hard"
prob-bank-196,Meta Segment Tree Query Engine 10,Easy,Segment Trees Meta Intel Company Wise,"Meta Segment Tree Query Engine 10 Segment Trees Meta Intel Company Wise Meta placement-style challenge focused on Segment Trees. You are given a compact assessment input and must apply range queries and logarithmic updates. Explain your approach, handle edge cases, and return the required output exactly. Easy"
prob-bank-197,Apple Bitmask Eligibility Filter 10,Medium,Bit Manipulation Apple Zoho Company Wise,"Apple Bitmask Eligibility Filter 10 Bit Manipulation Apple Zoho Company Wise Apple placement-style challenge focused on Bit Manipulation. You are given a compact assessment input and must apply xor, masks, and binary flags. Explain your approach, handle edge cases, and return the required output exactly. Medium"
prob-bank-198,Netflix Sliding Window Signal 10,Hard,Sliding Window Netflix Adobe Company Wise,"Netflix Sliding Window Signal 10 Sliding Window Netflix Adobe Company Wise Netflix placement-style challenge focused on Sliding Window. You are given a compact assessment input and must apply expand-shrink window invariants. Explain your approach, handle edge cases, and return the required output exactly. Hard"
prob-bank-199,Adobe Two Pointer Interview Sweep 10,Easy,Two Pointers Adobe Infosys Company Wise,"Adobe Two Pointer Interview Sweep 10 Two Pointers Adobe Infosys Company Wise Adobe placement-style challenge focused on Two Pointers. You are given a compact assessment input and must apply sorted scans and converging pointers. Explain your approach, handle edge cases, and return the required output exactly. Easy"
prob-bank-200,Uber System Constraint Challenge 10,Medium,Advanced Interview Problems Uber Deloitte Company Wise,"Uber System Constraint Challenge 10 Advanced Interview Problems Uber Deloitte Company Wise Uber placement-style challenge focused on Advanced Interview Problems. You are given a compact assessment input and must apply hybrid algorithms and edge-case analysis. Explain your approach, handle edge cases, and return the required output exactly. Medium"
prob-bank-201,Airbnb Array Window Balancer 11,Hard,Arrays Airbnb Swiggy Company Wise,"Airbnb Array Window Balancer 11 Arrays Airbnb Swiggy Company Wise Airbnb placement-style challenge focused on Arrays. You are given a compact assessment input and must apply prefix sums, hashing, and careful index bounds. Explain your approach, handle edge cases, and return the required output exactly. Hard"
prob-bank-202,Stripe String Pattern Normalizer 11,Easy,Strings Stripe Microsoft Company Wise,"Stripe String Pattern Normalizer 11 Strings Stripe Microsoft Company Wise Stripe placement-style challenge focused on Strings. You are given a compact assessment input and must apply frequency tables, two pointers, and case handling. Explain your approach, handle edge cases, and return the required output exactly. Easy"
prob-bank-203,Salesforce Linked List Pointer Repair 11,Medium,Linked Lists Salesforce Stripe Company Wise,"Salesforce Linked List Pointer Repair 11 Linked Lists Salesforce Stripe Company Wise Salesforce placement-style challenge focused on Linked Lists. You are given a compact assessment input and must apply slow-fast pointers and safe node relinking. Explain your approach, handle edge cases, and return the required output exactly. Medium"
prob-bank-204,Oracle Stack Sequence Validator 11,Hard,Stacks Oracle Capgemini Company Wise,"Oracle Stack Sequence Validator 11 Stacks Oracle Capgemini Company Wise Oracle placement-style challenge focused on Stacks. You are given a compact assessment input and must apply monotonic stacks and bracket-style simulation. Explain your approach, handle edge cases, and return the required output exactly. Hard"
prob-bank-205,TCS Queue Throughput Scheduler 11,Easy,Queues TCS Cisco Company Wise,"TCS Queue Throughput Scheduler 11 Queues TCS Cisco Company Wise TCS placement-style challenge focused on Queues. You are given a compact assessment input and must apply FIFO windows, deques, and event ordering. Explain your approach, handle edge cases, and return the required output exactly. Easy"
prob-bank-206,Infosys Hash Map Collision Resolver 11,Medium,Hashing Infosys Razorpay Company Wise,"Infosys Hash Map Collision Resolver 11 Hashing Infosys Razorpay Company Wise Infosys placement-style challenge focused on Hashing. You are given a compact assessment input and must apply constant-time lookup and duplicate tracking. Explain your approach, handle edge cases, and return the required output exactly. Medium"
prob-bank-207,Wipro Binary Tree Path Auditor 11,Hard,Trees Wipro Netflix Company Wise,"Wipro Binary Tree Path Auditor 11 Trees Wipro Netflix Company Wise Wipro placement-style challenge focused on Trees. You are given a compact assessment input and must apply DFS traversal, recursion, and path accumulation. Explain your approach, handle edge cases, and return the required output exactly. Hard"
prob-bank-208,Accenture BST Range Inspector 11,Easy,Binary Search Trees Accenture TCS Company Wise,"Accenture BST Range Inspector 11 Binary Search Trees Accenture TCS Company Wise Accenture placement-style challenge focused on Binary Search Trees. You are given a compact assessment input and must apply ordered traversal and lower/upper bounds. Explain your approach, handle edge cases, and return the required output exactly. Easy"
prob-bank-209,Capgemini Priority Heap Ranker 11,Medium,Heaps Capgemini JP Morgan Company Wise,"Capgemini Priority Heap Ranker 11 Heaps Capgemini JP Morgan Company Wise Capgemini placement-style challenge focused on Heaps. You are given a compact assessment input and must apply top-k selection and priority queue maintenance. Explain your approach, handle edge cases, and return the required output exactly. Medium"
prob-bank-210,Cognizant Graph Route Planner 11,Hard,Graphs Cognizant Flipkart Company Wise,"Cognizant Graph Route Planner 11 Graphs Cognizant Flipkart Company Wise Cognizant placement-style challenge focused on Graphs. You are given a compact assessment input and must apply BFS, DFS, connected components, and cycle checks. Explain your approach, handle edge cases, and return the required output exactly. Hard"
prob-bank-211,Goldman Sachs Recursive State Explorer 11,Easy,Recursion Goldman Sachs Google Company Wise,"Goldman Sachs Recursive State Explorer 11 Recursion Goldman Sachs Google Company Wise Goldman Sachs placement-style challenge focused on Recursion. You are given a compact assessment input and must apply base cases and state transition trees. Explain your approach, handle edge cases, and return the required output exactly. Easy"
prob-bank-212,JP Morgan Backtracking Choice Builder 11,Medium,Backtracking JP Morgan Airbnb Company Wise,"JP Morgan Backtracking Choice Builder 11 Backtracking JP Morgan Airbnb Company Wise JP Morgan placement-style challenge focused on Backtracking. You are given a compact assessment input and must apply choose-explore-unchoose search. Explain your approach, handle edge cases, and return the required output exactly. Medium"
prob-bank-213,Deloitte Greedy Placement Optimizer 11,Hard,Greedy Algorithms Deloitte Accenture Company Wise,"Deloitte Greedy Placement Optimizer 11 Greedy Algorithms Deloitte Accenture Company Wise Deloitte placement-style challenge focused on Greedy Algorithms. You are given a compact assessment input and must apply local optimal choices and sorting. Explain your approach, handle edge cases, and return the required output exactly. Hard"
prob-bank-214,PayPal DP Interview Grid 11,Easy,Dynamic Programming PayPal Atlassian Company Wise,"PayPal DP Interview Grid 11 Dynamic Programming PayPal Atlassian Company Wise PayPal placement-style challenge focused on Dynamic Programming. You are given a compact assessment input and must apply memoization, tabulation, and transitions. Explain your approach, handle edge cases, and return the required output exactly. Easy"
prob-bank-215,Atlassian Trie Prefix Directory 11,Medium,Tries Atlassian PhonePe Company Wise,"Atlassian Trie Prefix Directory 11 Tries Atlassian PhonePe Company Wise Atlassian placement-style challenge focused on Tries. You are given a compact assessment input and must apply prefix trees and character edges. Explain your approach, handle edge cases, and return the required output exactly. Medium"
prob-bank-216,Cisco Segment Tree Query Engine 11,Hard,Segment Trees Cisco Apple Company Wise,"Cisco Segment Tree Query Engine 11 Segment Trees Cisco Apple Company Wise Cisco placement-style challenge focused on Segment Trees. You are given a compact assessment input and must apply range queries and logarithmic updates. Explain your approach, handle edge cases, and return the required output exactly. Hard"
prob-bank-217,Intel Bitmask Eligibility Filter 11,Easy,Bit Manipulation Intel Oracle Company Wise,"Intel Bitmask Eligibility Filter 11 Bit Manipulation Intel Oracle Company Wise Intel placement-style challenge focused on Bit Manipulation. You are given a compact assessment input and must apply xor, masks, and binary flags. Explain your approach, handle edge cases, and return the required output exactly. Easy"
prob-bank-218,NVIDIA Sliding Window Signal 11,Medium,Sliding Window NVIDIA Goldman Sachs Company Wise,"NVIDIA Sliding Window Signal 11 Sliding Window NVIDIA Goldman Sachs Company Wise NVIDIA placement-style challenge focused on Sliding Window. You are given a compact assessment input and must apply expand-shrink window invariants. Explain your approach, handle edge cases, and return the required output exactly. Medium"
prob-bank-219,Flipkart Two Pointer Interview Sweep 11,Hard,Two Pointers Flipkart NVIDIA Company Wise,"Flipkart Two Pointer Interview Sweep 11 Two Pointers Flipkart NVIDIA Company Wise Flipkart placement-style challenge focused on Two Pointers. You are given a compact assessment input and must apply sorted scans and converging pointers. Explain your approach, handle edge cases, and return the required output exactly. Hard"
prob-bank-220,Swiggy System Constraint Challenge 11,Easy,Advanced Interview Problems Swiggy Amazon Company Wise,"Swiggy System Constraint Challenge 11 Advanced Interview Problems Swiggy Amazon Company Wise Swiggy placement-style challenge focused on Advanced Interview Problems. You are given a compact assessment input and must apply hybrid algorithms and edge-case analysis. Explain your approach, handle edge cases, and return the required output exactly. Easy"
prob-bank-221,Zomato Array Window Balancer 12,Medium,Arrays Zomato Uber Company Wise,"Zomato Array Window Balancer 12 Arrays Zomato Uber Company Wise Zomato placement-style challenge focused on Arrays. You are given a compact assessment input and must apply prefix sums, hashing, and careful index bounds. Explain your approach, handle edge cases, and return the required output exactly. Medium"
prob-bank-222,PhonePe String Pattern Normalizer 12,Hard,Strings PhonePe Wipro Company Wise,"PhonePe String Pattern Normalizer 12 Strings PhonePe Wipro Company Wise PhonePe placement-style challenge focused on Strings. You are given a compact assessment input and must apply frequency tables, two pointers, and case handling. Explain your approach, handle edge cases, and return the required output exactly. Hard"
prob-bank-223,Razorpay Linked List Pointer Repair 12,Easy,Linked Lists Razorpay PayPal Company Wise,"Razorpay Linked List Pointer Repair 12 Linked Lists Razorpay PayPal Company Wise Razorpay placement-style challenge focused on Linked Lists. You are given a compact assessment input and must apply slow-fast pointers and safe node relinking. Explain your approach, handle edge cases, and return the required output exactly. Easy"
prob-bank-224,Zoho Stack Sequence Validator 12,Medium,Stacks Zoho Zomato Company Wise,"Zoho Stack Sequence Validator 12 Stacks Zoho Zomato Company Wise Zoho placement-style challenge focused on Stacks. You are given a compact assessment input and must apply monotonic stacks and bracket-style simulation. Explain your approach, handle edge cases, and return the required output exactly. Medium"
prob-bank-225,Amazon Queue Throughput Scheduler 12,Hard,Queues Amazon Meta Company Wise,"Amazon Queue Throughput Scheduler 12 Queues Amazon Meta Company Wise Amazon placement-style challenge focused on Queues. You are given a compact assessment input and must apply FIFO windows, deques, and event ordering. Explain your approach, handle edge cases, and return the required output exactly. Hard"
prob-bank-226,Google Hash Map Collision Resolver 12,Easy,Hashing Google Salesforce Company Wise,"Google Hash Map Collision Resolver 12 Hashing Google Salesforce Company Wise Google placement-style challenge focused on Hashing. You are given a compact assessment input and must apply constant-time lookup and duplicate tracking. Explain your approach, handle edge cases, and return the required output exactly. Easy"
prob-bank-227,Microsoft Binary Tree Path Auditor 12,Medium,Trees Microsoft Cognizant Company Wise,"Microsoft Binary Tree Path Auditor 12 Trees Microsoft Cognizant Company Wise Microsoft placement-style challenge focused on Trees. You are given a compact assessment input and must apply DFS traversal, recursion, and path accumulation. Explain your approach, handle edge cases, and return the required output exactly. Medium"
prob-bank-228,Meta BST Range Inspector 12,Hard,Binary Search Trees Meta Intel Company Wise,"Meta BST Range Inspector 12 Binary Search Trees Meta Intel Company Wise Meta placement-style challenge focused on Binary Search Trees. You are given a compact assessment input and must apply ordered traversal and lower/upper bounds. Explain your approach, handle edge cases, and return the required output exactly. Hard"
prob-bank-229,Apple Priority Heap Ranker 12,Easy,Heaps Apple Zoho Company Wise,"Apple Priority Heap Ranker 12 Heaps Apple Zoho Company Wise Apple placement-style challenge focused on Heaps. You are given a compact assessment input and must apply top-k selection and priority queue maintenance. Explain your approach, handle edge cases, and return the required output exactly. Easy"
prob-bank-230,Netflix Graph Route Planner 12,Medium,Graphs Netflix Adobe Company Wise,"Netflix Graph Route Planner 12 Graphs Netflix Adobe Company Wise Netflix placement-style challenge focused on Graphs. You are given a compact assessment input and must apply BFS, DFS, connected components, and cycle checks. Explain your approach, handle edge cases, and return the required output exactly. Medium"
prob-bank-231,Adobe Recursive State Explorer 12,Hard,Recursion Adobe Infosys Company Wise,"Adobe Recursive State Explorer 12 Recursion Adobe Infosys Company Wise Adobe placement-style challenge focused on Recursion. You are given a compact assessment input and must apply base cases and state transition trees. Explain your approach, handle edge cases, and return the required output exactly. Hard"
prob-bank-232,Uber Backtracking Choice Builder 12,Easy,Backtracking Uber Deloitte Company Wise,"Uber Backtracking Choice Builder 12 Backtracking Uber Deloitte Company Wise Uber placement-style challenge focused on Backtracking. You are given a compact assessment input and must apply choose-explore-unchoose search. Explain your approach, handle edge cases, and return the required output exactly. Easy"
prob-bank-233,Airbnb Greedy Placement Optimizer 12,Medium,Greedy Algorithms Airbnb Swiggy Company Wise,"Airbnb Greedy Placement Optimizer 12 Greedy Algorithms Airbnb Swiggy Company Wise Airbnb placement-style challenge focused on Greedy Algorithms. You are given a compact assessment input and must apply local optimal choices and sorting. Explain your approach, handle edge cases, and return the required output exactly. Medium"
prob-bank-234,Stripe DP Interview Grid 12,Hard,Dynamic Programming Stripe Microsoft Company Wise,"Stripe DP Interview Grid 12 Dynamic Programming Stripe Microsoft Company Wise Stripe placement-style challenge focused on Dynamic Programming. You are given a compact assessment input and must apply memoization, tabulation, and transitions. Explain your approach, handle edge cases, and return the required output exactly. Hard"
prob-bank-235,Salesforce Trie Prefix Directory 12,Easy,Tries Salesforce Stripe Company Wise,"Salesforce Trie Prefix Directory 12 Tries Salesforce Stripe Company Wise Salesforce placement-style challenge focused on Tries. You are given a compact assessment input and must apply prefix trees and character edges. Explain your approach, handle edge cases, and return the required output exactly. Easy"
prob-bank-236,Oracle Segment Tree Query Engine 12,Medium,Segment Trees Oracle Capgemini Company Wise,"Oracle Segment Tree Query Engine 12 Segment Trees Oracle Capgemini Company Wise Oracle placement-style challenge focused on Segment Trees. You are given a compact assessment input and must apply range queries and logarithmic updates. Explain your approach, handle edge cases, and return the required output exactly. Medium"
prob-bank-237,TCS Bitmask Eligibility Filter 12,Hard,Bit Manipulation TCS Cisco Company Wise,"TCS Bitmask Eligibility Filter 12 Bit Manipulation TCS Cisco Company Wise TCS placement-style challenge focused on Bit Manipulation. You are given a compact assessment input and must apply xor, masks, and binary flags. Explain your approach, handle edge cases, and return the required output exactly. Hard"
prob-bank-238,Infosys Sliding Window Signal 12,Easy,Sliding Window Infosys Razorpay Company Wise,"Infosys Sliding Window Signal 12 Sliding Window Infosys Razorpay Company Wise Infosys placement-style challenge focused on Sliding Window. You are given a compact assessment input and must apply expand-shrink window invariants. Explain your approach, handle edge cases, and return the required output exactly. Easy"
prob-bank-239,Wipro Two Pointer Interview Sweep 12,Medium,Two Pointers Wipro Netflix Company Wise,"Wipro Two Pointer Interview Sweep 12 Two Pointers Wipro Netflix Company Wise Wipro placement-style challenge focused on Two Pointers. You are given a compact assessment input and must apply sorted scans and converging pointers. Explain your approach, handle edge cases, and return the required output exactly. Medium"
prob-bank-240,Accenture System Constraint Challenge 12,Hard,Advanced Interview Problems Accenture TCS Company Wise,"Accenture System Constraint Challenge 12 Advanced Interview Problems Accenture TCS Company Wise Accenture placement-style challenge focused on Advanced Interview Problems. You are given a compact assessment input and must apply hybrid algorithms and edge-case analysis. Explain your approach, handle edge cases, and return the required output exactly. Hard"
prob-bank-241,Capgemini Array Window Balancer 13,Easy,Arrays Capgemini JP Morgan Company Wise,"Capgemini Array Window Balancer 13 Arrays Capgemini JP Morgan Company Wise Capgemini placement-style challenge focused on Arrays. You are given a compact assessment input and must apply prefix sums, hashing, and careful index bounds. Explain your approach, handle edge cases, and return the required output exactly. Easy"
prob-bank-242,Cognizant String Pattern Normalizer 13,Medium,Strings Cognizant Flipkart Company Wise,"Cognizant String Pattern Normalizer 13 Strings Cognizant Flipkart Company Wise Cognizant placement-style challenge focused on Strings. You are given a compact assessment input and must apply frequency tables, two pointers, and case handling. Explain your approach, handle edge cases, and return the required output exactly. Medium"
prob-bank-243,Goldman Sachs Linked List Pointer Repair 13,Hard,Linked Lists Goldman Sachs Google Company Wise,"Goldman Sachs Linked List Pointer Repair 13 Linked Lists Goldman Sachs Google Company Wise Goldman Sachs placement-style challenge focused on Linked Lists. You are given a compact assessment input and must apply slow-fast pointers and safe node relinking. Explain your approach, handle edge cases, and return the required output exactly. Hard"
prob-bank-244,JP Morgan Stack Sequence Validator 13,Easy,Stacks JP Morgan Airbnb Company Wise,"JP Morgan Stack Sequence Validator 13 Stacks JP Morgan Airbnb Company Wise JP Morgan placement-style challenge focused on Stacks. You are given a compact assessment input and must apply monotonic stacks and bracket-style simulation. Explain your approach, handle edge cases, and return the required output exactly. Easy"
prob-bank-245,Deloitte Queue Throughput Scheduler 13,Medium,Queues Deloitte Accenture Company Wise,"Deloitte Queue Throughput Scheduler 13 Queues Deloitte Accenture Company Wise Deloitte placement-style challenge focused on Queues. You are given a compact assessment input and must apply FIFO windows, deques, and event ordering. Explain your approach, handle edge cases, and return the required output exactly. Medium"
prob-bank-246,PayPal Hash Map Collision Resolver 13,Hard,Hashing PayPal Atlassian Company Wise,"PayPal Hash Map Collision Resolver 13 Hashing PayPal Atlassian Company Wise PayPal placement-style challenge focused on Hashing. You are given a compact assessment input and must apply constant-time lookup and duplicate tracking. Explain your approach, handle edge cases, and return the required output exactly. Hard"
prob-bank-247,Atlassian Binary Tree Path Auditor 13,Easy,Trees Atlassian PhonePe Company Wise,"Atlassian Binary Tree Path Auditor 13 Trees Atlassian PhonePe Company Wise Atlassian placement-style challenge focused on Trees. You are given a compact assessment input and must apply DFS traversal, recursion, and path accumulation. Explain your approach, handle edge cases, and return the required output exactly. Easy"
prob-bank-248,Cisco BST Range Inspector 13,Medium,Binary Search Trees Cisco Apple Company Wise,"Cisco BST Range Inspector 13 Binary Search Trees Cisco Apple Company Wise Cisco placement-style challenge focused on Binary Search Trees. You are given a compact assessment input and must apply ordered traversal and lower/upper bounds. Explain your approach, handle edge cases, and return the required output exactly. Medium"
prob-bank-249,Intel Priority Heap Ranker 13,Hard,Heaps Intel Oracle Company Wise,"Intel Priority Heap Ranker 13 Heaps Intel Oracle Company Wise Intel placement-style challenge focused on Heaps. You are given a compact assessment input and must apply top-k selection and priority queue maintenance. Explain your approach, handle edge cases, and return the required output exactly. Hard"
prob-bank-250,NVIDIA Graph Route Planner 13,Easy,Graphs NVIDIA Goldman Sachs Company Wise,"NVIDIA Graph Route Planner 13 Graphs NVIDIA Goldman Sachs Company Wise NVIDIA placement-style challenge focused on Graphs. You are given a compact assessment input and must apply BFS, DFS, connected components, and cycle checks. Explain your approach, handle edge cases, and return the required output exactly. Easy"
prob-bank-251,Flipkart Recursive State Explorer 13,Medium,Recursion Flipkart NVIDIA Company Wise,"Flipkart Recursive State Explorer 13 Recursion Flipkart NVIDIA Company Wise Flipkart placement-style challenge focused on Recursion. You are given a compact assessment input and must apply base cases and state transition trees. Explain your approach, handle edge cases, and return the required output exactly. Medium"
prob-bank-252,Swiggy Backtracking Choice Builder 13,Hard,Backtracking Swiggy Amazon Company Wise,"Swiggy Backtracking Choice Builder 13 Backtracking Swiggy Amazon Company Wise Swiggy placement-style challenge focused on Backtracking. You are given a compact assessment input and must apply choose-explore-unchoose search. Explain your approach, handle edge cases, and return the required output exactly. Hard"
prob-bank-253,Zomato Greedy Placement Optimizer 13,Easy,Greedy Algorithms Zomato Uber Company Wise,"Zomato Greedy Placement Optimizer 13 Greedy Algorithms Zomato Uber Company Wise Zomato placement-style challenge focused on Greedy Algorithms. You are given a compact assessment input and must apply local optimal choices and sorting. Explain your approach, handle edge cases, and return the required output exactly. Easy"
prob-bank-254,PhonePe DP Interview Grid 13,Medium,Dynamic Programming PhonePe Wipro Company Wise,"PhonePe DP Interview Grid 13 Dynamic Programming PhonePe Wipro Company Wise PhonePe placement-style challenge focused on Dynamic Programming. You are given a compact assessment input and must apply memoization, tabulation, and transitions. Explain your approach, handle edge cases, and return the required output exactly. Medium"
prob-bank-255,Razorpay Trie Prefix Directory 13,Hard,Tries Razorpay PayPal Company Wise,"Razorpay Trie Prefix Directory 13 Tries Razorpay PayPal Company Wise Razorpay placement-style challenge focused on Tries. You are given a compact assessment input and must apply prefix trees and character edges. Explain your approach, handle edge cases, and return the required output exactly. Hard"
prob-bank-256,Zoho Segment Tree Query Engine 13,Easy,Segment Trees Zoho Zomato Company Wise,"Zoho Segment Tree Query Engine 13 Segment Trees Zoho Zomato Company Wise Zoho placement-style challenge focused on Segment Trees. You are given a compact assessment input and must apply range queries and logarithmic updates. Explain your approach, handle edge cases, and return the required output exactly. Easy"
prob-bank-257,Amazon Bitmask Eligibility Filter 13,Medium,Bit Manipulation Amazon Meta Company Wise,"Amazon Bitmask Eligibility Filter 13 Bit Manipulation Amazon Meta Company Wise Amazon placement-style challenge focused on Bit Manipulation. You are given a compact assessment input and must apply xor, masks, and binary flags. Explain your approach, handle edge cases, and return the required output exactly. Medium"
prob-bank-258,Google Sliding Window Signal 13,Hard,Sliding Window Google Salesforce Company Wise,"Google Sliding Window Signal 13 Sliding Window Google Salesforce Company Wise Google placement-style challenge focused on Sliding Window. You are given a compact assessment input and must apply expand-shrink window invariants. Explain your approach, handle edge cases, and return the required output exactly. Hard"
prob-bank-259,Microsoft Two Pointer Interview Sweep 13,Easy,Two Pointers Microsoft Cognizant Company Wise,"Microsoft Two Pointer Interview Sweep 13 Two Pointers Microsoft Cognizant Company Wise Microsoft placement-style challenge focused on Two Pointers. You are given a compact assessment input and must apply sorted scans and converging pointers. Explain your approach, handle edge cases, and return the required output exactly. Easy"
prob-bank-260,Meta System Constraint Challenge 13,Medium,Advanced Interview Problems Meta Intel Company Wise,"Meta System Constraint Challenge 13 Advanced Interview Problems Meta Intel Company Wise Meta placement-style challenge focused on Advanced Interview Problems. You are given a compact assessment input and must apply hybrid algorithms and edge-case analysis. Explain your approach, handle edge cases, and return the required output exactly. Medium"
prob-bank-261,Apple Array Window Balancer 14,Hard,Arrays Apple Zoho Company Wise,"Apple Array Window Balancer 14 Arrays Apple Zoho Company Wise Apple placement-style challenge focused on Arrays. You are given a compact assessment input and must apply prefix sums, hashing, and careful index bounds. Explain your approach, handle edge cases, and return the required output exactly. Hard"
prob-bank-262,Netflix String Pattern Normalizer 14,Easy,Strings Netflix Adobe Company Wise,"Netflix String Pattern Normalizer 14 Strings Netflix Adobe Company Wise Netflix placement-style challenge focused on Strings. You are given a compact assessment input and must apply frequency tables, two pointers, and case handling. Explain your approach, handle edge cases, and return the required output exactly. Easy"
prob-bank-263,Adobe Linked List Pointer Repair 14,Medium,Linked Lists Adobe Infosys Company Wise,"Adobe Linked List Pointer Repair 14 Linked Lists Adobe Infosys Company Wise Adobe placement-style challenge focused on Linked Lists. You are given a compact assessment input and must apply slow-fast pointers and safe node relinking. Explain your approach, handle edge cases, and return the required output exactly. Medium"
prob-bank-264,Uber Stack Sequence Validator 14,Hard,Stacks Uber Deloitte Company Wise,"Uber Stack Sequence Validator 14 Stacks Uber Deloitte Company Wise Uber placement-style challenge focused on Stacks. You are given a compact assessment input and must apply monotonic stacks and bracket-style simulation. Explain your approach, handle edge cases, and return the required output exactly. Hard"
prob-bank-265,Airbnb Queue Throughput Scheduler 14,Easy,Queues Airbnb Swiggy Company Wise,"Airbnb Queue Throughput Scheduler 14 Queues Airbnb Swiggy Company Wise Airbnb placement-style challenge focused on Queues. You are given a compact assessment input and must apply FIFO windows, deques, and event ordering. Explain your approach, handle edge cases, and return the required output exactly. Easy"
prob-bank-266,Stripe Hash Map Collision Resolver 14,Medium,Hashing Stripe Microsoft Company Wise,"Stripe Hash Map Collision Resolver 14 Hashing Stripe Microsoft Company Wise Stripe placement-style challenge focused on Hashing. You are given a compact assessment input and must apply constant-time lookup and duplicate tracking. Explain your approach, handle edge cases, and return the required output exactly. Medium"
prob-bank-267,Salesforce Binary Tree Path Auditor 14,Hard,Trees Salesforce Stripe Company Wise,"Salesforce Binary Tree Path Auditor 14 Trees Salesforce Stripe Company Wise Salesforce placement-style challenge focused on Trees. You are given a compact assessment input and must apply DFS traversal, recursion, and path accumulation. Explain your approach, handle edge cases, and return the required output exactly. Hard"
prob-bank-268,Oracle BST Range Inspector 14,Easy,Binary Search Trees Oracle Capgemini Company Wise,"Oracle BST Range Inspector 14 Binary Search Trees Oracle Capgemini Company Wise Oracle placement-style challenge focused on Binary Search Trees. You are given a compact assessment input and must apply ordered traversal and lower/upper bounds. Explain your approach, handle edge cases, and return the required output exactly. Easy"
prob-bank-269,TCS Priority Heap Ranker 14,Medium,Heaps TCS Cisco Company Wise,"TCS Priority Heap Ranker 14 Heaps TCS Cisco Company Wise TCS placement-style challenge focused on Heaps. You are given a compact assessment input and must apply top-k selection and priority queue maintenance. Explain your approach, handle edge cases, and return the required output exactly. Medium"
prob-bank-270,Infosys Graph Route Planner 14,Hard,Graphs Infosys Razorpay Company Wise,"Infosys Graph Route Planner 14 Graphs Infosys Razorpay Company Wise Infosys placement-style challenge focused on Graphs. You are given a compact assessment input and must apply BFS, DFS, connected components, and cycle checks. Explain your approach, handle edge cases, and return the required output exactly. Hard"
prob-bank-271,Wipro Recursive State Explorer 14,Easy,Recursion Wipro Netflix Company Wise,"Wipro Recursive State Explorer 14 Recursion Wipro Netflix Company Wise Wipro placement-style challenge focused on Recursion. You are given a compact assessment input and must apply base cases and state transition trees. Explain your approach, handle edge cases, and return the required output exactly. Easy"
prob-bank-272,Accenture Backtracking Choice Builder 14,Medium,Backtracking Accenture TCS Company Wise,"Accenture Backtracking Choice Builder 14 Backtracking Accenture TCS Company Wise Accenture placement-style challenge focused on Backtracking. You are given a compact assessment input and must apply choose-explore-unchoose search. Explain your approach, handle edge cases, and return the required output exactly. Medium"
prob-bank-273,Capgemini Greedy Placement Optimizer 14,Hard,Greedy Algorithms Capgemini JP Morgan Company Wise,"Capgemini Greedy Placement Optimizer 14 Greedy Algorithms Capgemini JP Morgan Company Wise Capgemini placement-style challenge focused on Greedy Algorithms. You are given a compact assessment input and must apply local optimal choices and sorting. Explain your approach, handle edge cases, and return the required output exactly. Hard"
prob-bank-274,Cognizant DP Interview Grid 14,Easy,Dynamic Programming Cognizant Flipkart Company Wise,"Cognizant DP Interview Grid 14 Dynamic Programming Cognizant Flipkart Company Wise Cognizant placement-style challenge focused on Dynamic Programming. You are given a compact assessment input and must apply memoization, tabulation, and transitions. Explain your approach, handle edge cases, and return the required output exactly. Easy"
prob-bank-275,Goldman Sachs Trie Prefix Directory 14,Medium,Tries Goldman Sachs Google Company Wise,"Goldman Sachs Trie Prefix Directory 14 Tries Goldman Sachs Google Company Wise Goldman Sachs placement-style challenge focused on Tries. You are given a compact assessment input and must apply prefix trees and character edges. Explain your approach, handle edge cases, and return the required output exactly. Medium"
prob-bank-276,JP Morgan Segment Tree Query Engine 14,Hard,Segment Trees JP Morgan Airbnb Company Wise,"JP Morgan Segment Tree Query Engine 14 Segment Trees JP Morgan Airbnb Company Wise JP Morgan placement-style challenge focused on Segment Trees. You are given a compact assessment input and must apply range queries and logarithmic updates. Explain your approach, handle edge cases, and return the required output exactly. Hard"
prob-bank-277,Deloitte Bitmask Eligibility Filter 14,Easy,Bit Manipulation Deloitte Accenture Company Wise,"Deloitte Bitmask Eligibility Filter 14 Bit Manipulation Deloitte Accenture Company Wise Deloitte placement-style challenge focused on Bit Manipulation. You are given a compact assessment input and must apply xor, masks, and binary flags. Explain your approach, handle edge cases, and return the required output exactly. Easy"
prob-bank-278,PayPal Sliding Window Signal 14,Medium,Sliding Window PayPal Atlassian Company Wise,"PayPal Sliding Window Signal 14 Sliding Window PayPal Atlassian Company Wise PayPal placement-style challenge focused on Sliding Window. You are given a compact assessment input and must apply expand-shrink window invariants. Explain your approach, handle edge cases, and return the required output exactly. Medium"
prob-bank-279,Atlassian Two Pointer Interview Sweep 14,Hard,Two Pointers Atlassian PhonePe Company Wise,"Atlassian Two Pointer Interview Sweep 14 Two Pointers Atlassian PhonePe Company Wise Atlassian placement-style challenge focused on Two Pointers. You are given a compact assessment input and must apply sorted scans and converging pointers. Explain your approach, handle edge cases, and return the required output exactly. Hard"
prob-bank-280,Cisco System Constraint Challenge 14,Easy,Advanced Interview Problems Cisco Apple Company Wise,"Cisco System Constraint Challenge 14 Advanced Interview Problems Cisco Apple Company Wise Cisco placement-style challenge focused on Advanced Interview Problems. You are given a compact assessment input and must apply hybrid algorithms and edge-case analysis. Explain your approach, handle edge cases, and return the required output exactly. Easy"
prob-bank-281,Intel Array Window Balancer 15,Medium,Arrays Intel Oracle Company Wise,"Intel Array Window Balancer 15 Arrays Intel Oracle Company Wise Intel placement-style challenge focused on Arrays. You are given a compact assessment input and must apply prefix sums, hashing, and careful index bounds. Explain your approach, handle edge cases, and return the required output exactly. Medium"
prob-bank-282,NVIDIA String Pattern Normalizer 15,Hard,Strings NVIDIA Goldman Sachs Company Wise,"NVIDIA String Pattern Normalizer 15 Strings NVIDIA Goldman Sachs Company Wise NVIDIA placement-style challenge focused on Strings. You are given a compact assessment input and must apply frequency tables, two pointers, and case handling. Explain your approach, handle edge cases, and return the required output exactly. Hard"
prob-bank-283,Flipkart Linked List Pointer Repair 15,Easy,Linked Lists Flipkart NVIDIA Company Wise,"Flipkart Linked List Pointer Repair 15 Linked Lists Flipkart NVIDIA Company Wise Flipkart placement-style challenge focused on Linked Lists. You are given a compact assessment input and must apply slow-fast pointers and safe node relinking. Explain your approach, handle edge cases, and return the required output exactly. Easy"
prob-bank-284,Swiggy Stack Sequence Validator 15,Medium,Stacks Swiggy Amazon Company Wise,"Swiggy Stack Sequence Validator 15 Stacks Swiggy Amazon Company Wise Swiggy placement-style challenge focused on Stacks. You are given a compact assessment input and must apply monotonic stacks and bracket-style simulation. Explain your approach, handle edge cases, and return the required output exactly. Medium"
prob-bank-285,Zomato Queue Throughput Scheduler 15,Hard,Queues Zomato Uber Company Wise,"Zomato Queue Throughput Scheduler 15 Queues Zomato Uber Company Wise Zomato placement-style challenge focused on Queues. You are given a compact assessment input and must apply FIFO windows, deques, and event ordering. Explain your approach, handle edge cases, and return the required output exactly. Hard"
prob-bank-286,PhonePe Hash Map Collision Resolver 15,Easy,Hashing PhonePe Wipro Company Wise,"PhonePe Hash Map Collision Resolver 15 Hashing PhonePe Wipro Company Wise PhonePe placement-style challenge focused on Hashing. You are given a compact assessment input and must apply constant-time lookup and duplicate tracking. Explain your approach, handle edge cases, and return the required output exactly. Easy"
prob-bank-287,Razorpay Binary Tree Path Auditor 15,Medium,Trees Razorpay PayPal Company Wise,"Razorpay Binary Tree Path Auditor 15 Trees Razorpay PayPal Company Wise Razorpay placement-style challenge focused on Trees. You are given a compact assessment input and must apply DFS traversal, recursion, and path accumulation. Explain your approach, handle edge cases, and return the required output exactly. Medium"
prob-bank-288,Zoho BST Range Inspector 15,Hard,Binary Search Trees Zoho Zomato Company Wise,"Zoho BST Range Inspector 15 Binary Search Trees Zoho Zomato Company Wise Zoho placement-style challenge focused on Binary Search Trees. You are given a compact assessment input and must apply ordered traversal and lower/upper bounds. Explain your approach, handle edge cases, and return the required output exactly. Hard"
prob-bank-289,Amazon Priority Heap Ranker 15,Easy,Heaps Amazon Meta Company Wise,"Amazon Priority Heap Ranker 15 Heaps Amazon Meta Company Wise Amazon placement-style challenge focused on Heaps. You are given a compact assessment input and must apply top-k selection and priority queue maintenance. Explain your approach, handle edge cases, and return the required output exactly. Easy"
prob-bank-290,Google Graph Route Planner 15,Medium,Graphs Google Salesforce Company Wise,"Google Graph Route Planner 15 Graphs Google Salesforce Company Wise Google placement-style challenge focused on Graphs. You are given a compact assessment input and must apply BFS, DFS, connected components, and cycle checks. Explain your approach, handle edge cases, and return the required output exactly. Medium"
prob-bank-291,Microsoft Recursive State Explorer 15,Hard,Recursion Microsoft Cognizant Company Wise,"Microsoft Recursive State Explorer 15 Recursion Microsoft Cognizant Company Wise Microsoft placement-style challenge focused on Recursion. You are given a compact assessment input and must apply base cases and state transition trees. Explain your approach, handle edge cases, and return the required output exactly. Hard"
prob-bank-292,Meta Backtracking Choice Builder 15,Easy,Backtracking Meta Intel Company Wise,"Meta Backtracking Choice Builder 15 Backtracking Meta Intel Company Wise Meta placement-style challenge focused on Backtracking. You are given a compact assessment input and must apply choose-explore-unchoose search. Explain your approach, handle edge cases, and return the required output exactly. Easy"
prob-bank-293,Apple Greedy Placement Optimizer 15,Medium,Greedy Algorithms Apple Zoho Company Wise,"Apple Greedy Placement Optimizer 15 Greedy Algorithms Apple Zoho Company Wise Apple placement-style challenge focused on Greedy Algorithms. You are given a compact assessment input and must apply local optimal choices and sorting. Explain your approach, handle edge cases, and return the required output exactly. Medium"
prob-bank-294,Netflix DP Interview Grid 15,Hard,Dynamic Programming Netflix Adobe Company Wise,"Netflix DP Interview Grid 15 Dynamic Programming Netflix Adobe Company Wise Netflix placement-style challenge focused on Dynamic Programming. You are given a compact assessment input and must apply memoization, tabulation, and transitions. Explain your approach, handle edge cases, and return the required output exactly. Hard"
prob-bank-295,Adobe Trie Prefix Directory 15,Easy,Tries Adobe Infosys Company Wise,"Adobe Trie Prefix Directory 15 Tries Adobe Infosys Company Wise Adobe placement-style challenge focused on Tries. You are given a compact assessment input and must apply prefix trees and character edges. Explain your approach, handle edge cases, and return the required output exactly. Easy"
prob-bank-296,Uber Segment Tree Query Engine 15,Medium,Segment Trees Uber Deloitte Company Wise,"Uber Segment Tree Query Engine 15 Segment Trees Uber Deloitte Company Wise Uber placement-style challenge focused on Segment Trees. You are given a compact assessment input and must apply range queries and logarithmic updates. Explain your approach, handle edge cases, and return the required output exactly. Medium"
prob-bank-297,Airbnb Bitmask Eligibility Filter 15,Hard,Bit Manipulation Airbnb Swiggy Company Wise,"Airbnb Bitmask Eligibility Filter 15 Bit Manipulation Airbnb Swiggy Company Wise Airbnb placement-style challenge focused on Bit Manipulation. You are given a compact assessment input and must apply xor, masks, and binary flags. Explain your approach, handle edge cases, and return the required output exactly. Hard"
prob-bank-298,Stripe Sliding Window Signal 15,Easy,Sliding Window Stripe Microsoft Company Wise,"Stripe Sliding Window Signal 15 Sliding Window Stripe Microsoft Company Wise Stripe placement-style challenge focused on Sliding Window. You are given a compact assessment input and must apply expand-shrink window invariants. Explain your approach, handle edge cases, and return the required output exactly. Easy"
prob-bank-299,Salesforce Two Pointer Interview Sweep 15,Medium,Two Pointers Salesforce Stripe Company Wise,"Salesforce Two Pointer Interview Sweep 15 Two Pointers Salesforce Stripe Company Wise Salesforce placement-style challenge focused on Two Pointers. You are given a compact assessment input and must apply sorted scans and converging pointers. Explain your approach, handle edge cases, and return the required output exactly. Medium"
prob-bank-300,Oracle System Constraint Challenge 15,Hard,Advanced Interview Problems Oracle Capgemini Company Wise,"Oracle System Constraint Challenge 15 Advanced Interview Problems Oracle Capgemini Company Wise Oracle placement-style challenge focused on Advanced Interview Problems. You are given a compact assessment input and must apply hybrid algorithms and edge-case analysis. Explain your approach, handle edge cases, and return the required output exactly. Hard"
prob-bank-301,TCS Array Window Balancer 16,Easy,Arrays TCS Cisco Company Wise,"TCS Array Window Balancer 16 Arrays TCS Cisco Company Wise TCS placement-style challenge focused on Arrays. You are given a compact assessment input and must apply prefix sums, hashing, and careful index bounds. Explain your approach, handle edge cases, and return the required output exactly. Easy"
prob-bank-302,Infosys String Pattern Normalizer 16,Medium,Strings Infosys Razorpay Company Wise,"Infosys String Pattern Normalizer 16 Strings Infosys Razorpay Company Wise Infosys placement-style challenge focused on Strings. You are given a compact assessment input and must apply frequency tables, two pointers, and case handling. Explain your approach, handle edge cases, and return the required output exactly. Medium"
prob-bank-303,Wipro Linked List Pointer Repair 16,Hard,Linked Lists Wipro Netflix Company Wise,"Wipro Linked List Pointer Repair 16 Linked Lists Wipro Netflix Company Wise Wipro placement-style challenge focused on Linked Lists. You are given a compact assessment input and must apply slow-fast pointers and safe node relinking. Explain your approach, handle edge cases, and return the required output exactly. Hard"
prob-bank-304,Accenture Stack Sequence Validator 16,Easy,Stacks Accenture TCS Company Wise,"Accenture Stack Sequence Validator 16 Stacks Accenture TCS Company Wise Accenture placement-style challenge focused on Stacks. You are given a compact assessment input and must apply monotonic stacks and bracket-style simulation. Explain your approach, handle edge cases, and return the required output exactly. Easy"
prob-bank-305,Capgemini Queue Throughput Scheduler 16,Medium,Queues Capgemini JP Morgan Company Wise,"Capgemini Queue Throughput Scheduler 16 Queues Capgemini JP Morgan Company Wise Capgemini placement-style challenge focused on Queues. You are given a compact assessment input and must apply FIFO windows, deques, and event ordering. Explain your approach, handle edge cases, and return the required output exactly. Medium"
prob-bank-306,Cognizant Hash Map Collision Resolver 16,Hard,Hashing Cognizant Flipkart Company Wise,"Cognizant Hash Map Collision Resolver 16 Hashing Cognizant Flipkart Company Wise Cognizant placement-style challenge focused on Hashing. You are given a compact assessment input and must apply constant-time lookup and duplicate tracking. Explain your approach, handle edge cases, and return the required output exactly. Hard"
prob-bank-307,Goldman Sachs Binary Tree Path Auditor 16,Easy,Trees Goldman Sachs Google Company Wise,"Goldman Sachs Binary Tree Path Auditor 16 Trees Goldman Sachs Google Company Wise Goldman Sachs placement-style challenge focused on Trees. You are given a compact assessment input and must apply DFS traversal, recursion, and path accumulation. Explain your approach, handle edge cases, and return the required output exactly. Easy"
prob-bank-308,JP Morgan BST Range Inspector 16,Medium,Binary Search Trees JP Morgan Airbnb Company Wise,"JP Morgan BST Range Inspector 16 Binary Search Trees JP Morgan Airbnb Company Wise JP Morgan placement-style challenge focused on Binary Search Trees. You are given a compact assessment input and must apply ordered traversal and lower/upper bounds. Explain your approach, handle edge cases, and return the required output exactly. Medium"
prob-bank-309,Deloitte Priority Heap Ranker 16,Hard,Heaps Deloitte Accenture Company Wise,"Deloitte Priority Heap Ranker 16 Heaps Deloitte Accenture Company Wise Deloitte placement-style challenge focused on Heaps. You are given a compact assessment input and must apply top-k selection and priority queue maintenance. Explain your approach, handle edge cases, and return the required output exactly. Hard"
prob-bank-310,PayPal Graph Route Planner 16,Easy,Graphs PayPal Atlassian Company Wise,"PayPal Graph Route Planner 16 Graphs PayPal Atlassian Company Wise PayPal placement-style challenge focused on Graphs. You are given a compact assessment input and must apply BFS, DFS, connected components, and cycle checks. Explain your approach, handle edge cases, and return the required output exactly. Easy"
prob-bank-311,Atlassian Recursive State Explorer 16,Medium,Recursion Atlassian PhonePe Company Wise,"Atlassian Recursive State Explorer 16 Recursion Atlassian PhonePe Company Wise Atlassian placement-style challenge focused on Recursion. You are given a compact assessment input and must apply base cases and state transition trees. Explain your approach, handle edge cases, and return the required output exactly. Medium"
prob-bank-312,Cisco Backtracking Choice Builder 16,Hard,Backtracking Cisco Apple Company Wise,"Cisco Backtracking Choice Builder 16 Backtracking Cisco Apple Company Wise Cisco placement-style challenge focused on Backtracking. You are given a compact assessment input and must apply choose-explore-unchoose search. Explain your approach, handle edge cases, and return the required output exactly. Hard"
prob-bank-313,Intel Greedy Placement Optimizer 16,Easy,Greedy Algorithms Intel Oracle Company Wise,"Intel Greedy Placement Optimizer 16 Greedy Algorithms Intel Oracle Company Wise Intel placement-style challenge focused on Greedy Algorithms. You are given a compact assessment input and must apply local optimal choices and sorting. Explain your approach, handle edge cases, and return the required output exactly. Easy"
prob-bank-314,NVIDIA DP Interview Grid 16,Medium,Dynamic Programming NVIDIA Goldman Sachs Company Wise,"NVIDIA DP Interview Grid 16 Dynamic Programming NVIDIA Goldman Sachs Company Wise NVIDIA placement-style challenge focused on Dynamic Programming. You are given a compact assessment input and must apply memoization, tabulation, and transitions. Explain your approach, handle edge cases, and return the required output exactly. Medium"
prob-bank-315,Flipkart Trie Prefix Directory 16,Hard,Tries Flipkart NVIDIA Company Wise,"Flipkart Trie Prefix Directory 16 Tries Flipkart NVIDIA Company Wise Flipkart placement-style challenge focused on Tries. You are given a compact assessment input and must apply prefix trees and character edges. Explain your approach, handle edge cases, and return the required output exactly. Hard"
prob-bank-316,Swiggy Segment Tree Query Engine 16,Easy,Segment Trees Swiggy Amazon Company Wise,"Swiggy Segment Tree Query Engine 16 Segment Trees Swiggy Amazon Company Wise Swiggy placement-style challenge focused on Segment Trees. You are given a compact assessment input and must apply range queries and logarithmic updates. Explain your approach, handle edge cases, and return the required output exactly. Easy"
prob-bank-317,Zomato Bitmask Eligibility Filter 16,Medium,Bit Manipulation Zomato Uber Company Wise,"Zomato Bitmask Eligibility Filter 16 Bit Manipulation Zomato Uber Company Wise Zomato placement-style challenge focused on Bit Manipulation. You are given a compact assessment input and must apply xor, masks, and binary flags. Explain your approach, handle edge cases, and return the required output exactly. Medium"
prob-bank-318,PhonePe Sliding Window Signal 16,Hard,Sliding Window PhonePe Wipro Company Wise,"PhonePe Sliding Window Signal 16 Sliding Window PhonePe Wipro Company Wise PhonePe placement-style challenge focused on Sliding Window. You are given a compact assessment input and must apply expand-shrink window invariants. Explain your approach, handle edge cases, and return the required output exactly. Hard"
prob-bank-319,Razorpay Two Pointer Interview Sweep 16,Easy,Two Pointers Razorpay PayPal Company Wise,"Razorpay Two Pointer Interview Sweep 16 Two Pointers Razorpay PayPal Company Wise Razorpay placement-style challenge focused on Two Pointers. You are given a compact assessment input and must apply sorted scans and converging pointers. Explain your approach, handle edge cases, and return the required output exactly. Easy"
prob-bank-320,Zoho System Constraint Challenge 16,Medium,Advanced Interview Problems Zoho Zomato Company Wise,"Zoho System Constraint Challenge 16 Advanced Interview Problems Zoho Zomato Company Wise Zoho placement-style challenge focused on Advanced Interview Problems. You are given a compact assessment input and must apply hybrid algorithms and edge-case analysis. Explain your approach, handle edge cases, and return the required output exactly. Medium"
prob-bank-321,Amazon Array Window Balancer 17,Hard,Arrays Amazon Meta Company Wise,"Amazon Array Window Balancer 17 Arrays Amazon Meta Company Wise Amazon placement-style challenge focused on Arrays. You are given a compact assessment input and must apply prefix sums, hashing, and careful index bounds. Explain your approach, handle edge cases, and return the required output exactly. Hard"
prob-bank-322,Google String Pattern Normalizer 17,Easy,Strings Google Salesforce Company Wise,"Google String Pattern Normalizer 17 Strings Google Salesforce Company Wise Google placement-style challenge focused on Strings. You are given a compact assessment input and must apply frequency tables, two pointers, and case handling. Explain your approach, handle edge cases, and return the required output exactly. Easy"
prob-bank-323,Microsoft Linked List Pointer Repair 17,Medium,Linked Lists Microsoft Cognizant Company Wise,"Microsoft Linked List Pointer Repair 17 Linked Lists Microsoft Cognizant Company Wise Microsoft placement-style challenge focused on Linked Lists. You are given a compact assessment input and must apply slow-fast pointers and safe node relinking. Explain your approach, handle edge cases, and return the required output exactly. Medium"
prob-bank-324,Meta Stack Sequence Validator 17,Hard,Stacks Meta Intel Company Wise,"Meta Stack Sequence Validator 17 Stacks Meta Intel Company Wise Meta placement-style challenge focused on Stacks. You are given a compact assessment input and must apply monotonic stacks and bracket-style simulation. Explain your approach, handle edge cases, and return the required output exactly. Hard"
prob-bank-325,Apple Queue Throughput Scheduler 17,Easy,Queues Apple Zoho Company Wise,"Apple Queue Throughput Scheduler 17 Queues Apple Zoho Company Wise Apple placement-style challenge focused on Queues. You are given a compact assessment input and must apply FIFO windows, deques, and event ordering. Explain your approach, handle edge cases, and return the required output exactly. Easy"
prob-bank-326,Netflix Hash Map Collision Resolver 17,Medium,Hashing Netflix Adobe Company Wise,"Netflix Hash Map Collision Resolver 17 Hashing Netflix Adobe Company Wise Netflix placement-style challenge focused on Hashing. You are given a compact assessment input and must apply constant-time lookup and duplicate tracking. Explain your approach, handle edge cases, and return the required output exactly. Medium"
prob-bank-327,Adobe Binary Tree Path Auditor 17,Hard,Trees Adobe Infosys Company Wise,"Adobe Binary Tree Path Auditor 17 Trees Adobe Infosys Company Wise Adobe placement-style challenge focused on Trees. You are given a compact assessment input and must apply DFS traversal, recursion, and path accumulation. Explain your approach, handle edge cases, and return the required output exactly. Hard"
prob-bank-328,Uber BST Range Inspector 17,Easy,Binary Search Trees Uber Deloitte Company Wise,"Uber BST Range Inspector 17 Binary Search Trees Uber Deloitte Company Wise Uber placement-style challenge focused on Binary Search Trees. You are given a compact assessment input and must apply ordered traversal and lower/upper bounds. Explain your approach, handle edge cases, and return the required output exactly. Easy"
prob-bank-329,Airbnb Priority Heap Ranker 17,Medium,Heaps Airbnb Swiggy Company Wise,"Airbnb Priority Heap Ranker 17 Heaps Airbnb Swiggy Company Wise Airbnb placement-style challenge focused on Heaps. You are given a compact assessment input and must apply top-k selection and priority queue maintenance. Explain your approach, handle edge cases, and return the required output exactly. Medium"
prob-bank-330,Stripe Graph Route Planner 17,Hard,Graphs Stripe Microsoft Company Wise,"Stripe Graph Route Planner 17 Graphs Stripe Microsoft Company Wise Stripe placement-style challenge focused on Graphs. You are given a compact assessment input and must apply BFS, DFS, connected components, and cycle checks. Explain your approach, handle edge cases, and return the required output exactly. Hard"
prob-bank-331,Salesforce Recursive State Explorer 17,Easy,Recursion Salesforce Stripe Company Wise,"Salesforce Recursive State Explorer 17 Recursion Salesforce Stripe Company Wise Salesforce placement-style challenge focused on Recursion. You are given a compact assessment input and must apply base cases and state transition trees. Explain your approach, handle edge cases, and return the required output exactly. Easy"
prob-bank-332,Oracle Backtracking Choice Builder 17,Medium,Backtracking Oracle Capgemini Company Wise,"Oracle Backtracking Choice Builder 17 Backtracking Oracle Capgemini Company Wise Oracle placement-style challenge focused on Backtracking. You are given a compact assessment input and must apply choose-explore-unchoose search. Explain your approach, handle edge cases, and return the required output exactly. Medium"
prob-bank-333,TCS Greedy Placement Optimizer 17,Hard,Greedy Algorithms TCS Cisco Company Wise,"TCS Greedy Placement Optimizer 17 Greedy Algorithms TCS Cisco Company Wise TCS placement-style challenge focused on Greedy Algorithms. You are given a compact assessment input and must apply local optimal choices and sorting. Explain your approach, handle edge cases, and return the required output exactly. Hard"
prob-bank-334,Infosys DP Interview Grid 17,Easy,Dynamic Programming Infosys Razorpay Company Wise,"Infosys DP Interview Grid 17 Dynamic Programming Infosys Razorpay Company Wise Infosys placement-style challenge focused on Dynamic Programming. You are given a compact assessment input and must apply memoization, tabulation, and transitions. Explain your approach, handle edge cases, and return the required output exactly. Easy"
prob-bank-335,Wipro Trie Prefix Directory 17,Medium,Tries Wipro Netflix Company Wise,"Wipro Trie Prefix Directory 17 Tries Wipro Netflix Company Wise Wipro placement-style challenge focused on Tries. You are given a compact assessment input and must apply prefix trees and character edges. Explain your approach, handle edge cases, and return the required output exactly. Medium"
prob-bank-336,Accenture Segment Tree Query Engine 17,Hard,Segment Trees Accenture TCS Company Wise,"Accenture Segment Tree Query Engine 17 Segment Trees Accenture TCS Company Wise Accenture placement-style challenge focused on Segment Trees. You are given a compact assessment input and must apply range queries and logarithmic updates. Explain your approach, handle edge cases, and return the required output exactly. Hard"
prob-bank-337,Capgemini Bitmask Eligibility Filter 17,Easy,Bit Manipulation Capgemini JP Morgan Company Wise,"Capgemini Bitmask Eligibility Filter 17 Bit Manipulation Capgemini JP Morgan Company Wise Capgemini placement-style challenge focused on Bit Manipulation. You are given a compact assessment input and must apply xor, masks, and binary flags. Explain your approach, handle edge cases, and return the required output exactly. Easy"
prob-bank-338,Cognizant Sliding Window Signal 17,Medium,Sliding Window Cognizant Flipkart Company Wise,"Cognizant Sliding Window Signal 17 Sliding Window Cognizant Flipkart Company Wise Cognizant placement-style challenge focused on Sliding Window. You are given a compact assessment input and must apply expand-shrink window invariants. Explain your approach, handle edge cases, and return the required output exactly. Medium"
prob-bank-339,Goldman Sachs Two Pointer Interview Sweep 17,Hard,Two Pointers Goldman Sachs Google Company Wise,"Goldman Sachs Two Pointer Interview Sweep 17 Two Pointers Goldman Sachs Google Company Wise Goldman Sachs placement-style challenge focused on Two Pointers. You are given a compact assessment input and must apply sorted scans and converging pointers. Explain your approach, handle edge cases, and return the required output exactly. Hard"
prob-bank-340,JP Morgan System Constraint Challenge 17,Easy,Advanced Interview Problems JP Morgan Airbnb Company Wise,"JP Morgan System Constraint Challenge 17 Advanced Interview Problems JP Morgan Airbnb Company Wise JP Morgan placement-style challenge focused on Advanced Interview Problems. You are given a compact assessment input and must apply hybrid algorithms and edge-case analysis. Explain your approach, handle edge cases, and return the required output exactly. Easy"
prob-bank-341,Deloitte Array Window Balancer 18,Medium,Arrays Deloitte Accenture Company Wise,"Deloitte Array Window Balancer 18 Arrays Deloitte Accenture Company Wise Deloitte placement-style challenge focused on Arrays. You are given a compact assessment input and must apply prefix sums, hashing, and careful index bounds. Explain your approach, handle edge cases, and return the required output exactly. Medium"
prob-bank-342,PayPal String Pattern Normalizer 18,Hard,Strings PayPal Atlassian Company Wise,"PayPal String Pattern Normalizer 18 Strings PayPal Atlassian Company Wise PayPal placement-style challenge focused on Strings. You are given a compact assessment input and must apply frequency tables, two pointers, and case handling. Explain your approach, handle edge cases, and return the required output exactly. Hard"
prob-bank-343,Atlassian Linked List Pointer Repair 18,Easy,Linked Lists Atlassian PhonePe Company Wise,"Atlassian Linked List Pointer Repair 18 Linked Lists Atlassian PhonePe Company Wise Atlassian placement-style challenge focused on Linked Lists. You are given a compact assessment input and must apply slow-fast pointers and safe node relinking. Explain your approach, handle edge cases, and return the required output exactly. Easy"
prob-bank-344,Cisco Stack Sequence Validator 18,Medium,Stacks Cisco Apple Company Wise,"Cisco Stack Sequence Validator 18 Stacks Cisco Apple Company Wise Cisco placement-style challenge focused on Stacks. You are given a compact assessment input and must apply monotonic stacks and bracket-style simulation. Explain your approach, handle edge cases, and return the required output exactly. Medium"
prob-bank-345,Intel Queue Throughput Scheduler 18,Hard,Queues Intel Oracle Company Wise,"Intel Queue Throughput Scheduler 18 Queues Intel Oracle Company Wise Intel placement-style challenge focused on Queues. You are given a compact assessment input and must apply FIFO windows, deques, and event ordering. Explain your approach, handle edge cases, and return the required output exactly. Hard"
prob-bank-346,NVIDIA Hash Map Collision Resolver 18,Easy,Hashing NVIDIA Goldman Sachs Company Wise,"NVIDIA Hash Map Collision Resolver 18 Hashing NVIDIA Goldman Sachs Company Wise NVIDIA placement-style challenge focused on Hashing. You are given a compact assessment input and must apply constant-time lookup and duplicate tracking. Explain your approach, handle edge cases, and return the required output exactly. Easy"
prob-bank-347,Flipkart Binary Tree Path Auditor 18,Medium,Trees Flipkart NVIDIA Company Wise,"Flipkart Binary Tree Path Auditor 18 Trees Flipkart NVIDIA Company Wise Flipkart placement-style challenge focused on Trees. You are given a compact assessment input and must apply DFS traversal, recursion, and path accumulation. Explain your approach, handle edge cases, and return the required output exactly. Medium"
prob-bank-348,Swiggy BST Range Inspector 18,Hard,Binary Search Trees Swiggy Amazon Company Wise,"Swiggy BST Range Inspector 18 Binary Search Trees Swiggy Amazon Company Wise Swiggy placement-style challenge focused on Binary Search Trees. You are given a compact assessment input and must apply ordered traversal and lower/upper bounds. Explain your approach, handle edge cases, and return the required output exactly. Hard"
prob-bank-349,Zomato Priority Heap Ranker 18,Easy,Heaps Zomato Uber Company Wise,"Zomato Priority Heap Ranker 18 Heaps Zomato Uber Company Wise Zomato placement-style challenge focused on Heaps. You are given a compact assessment input and must apply top-k selection and priority queue maintenance. Explain your approach, handle edge cases, and return the required output exactly. Easy"
prob-bank-350,PhonePe Graph Route Planner 18,Medium,Graphs PhonePe Wipro Company Wise,"PhonePe Graph Route Planner 18 Graphs PhonePe Wipro Company Wise PhonePe placement-style challenge focused on Graphs. You are given a compact assessment input and must apply BFS, DFS, connected components, and cycle checks. Explain your approach, handle edge cases, and return the required output exactly. Medium"
prob-bank-351,Razorpay Recursive State Explorer 18,Hard,Recursion Razorpay PayPal Company Wise,"Razorpay Recursive State Explorer 18 Recursion Razorpay PayPal Company Wise Razorpay placement-style challenge focused on Recursion. You are given a compact assessment input and must apply base cases and state transition trees. Explain your approach, handle edge cases, and return the required output exactly. Hard"
prob-bank-352,Zoho Backtracking Choice Builder 18,Easy,Backtracking Zoho Zomato Company Wise,"Zoho Backtracking Choice Builder 18 Backtracking Zoho Zomato Company Wise Zoho placement-style challenge focused on Backtracking. You are given a compact assessment input and must apply choose-explore-unchoose search. Explain your approach, handle edge cases, and return the required output exactly. Easy"
prob-bank-353,Amazon Greedy Placement Optimizer 18,Medium,Greedy Algorithms Amazon Meta Company Wise,"Amazon Greedy Placement Optimizer 18 Greedy Algorithms Amazon Meta Company Wise Amazon placement-style challenge focused on Greedy Algorithms. You are given a compact assessment input and must apply local optimal choices and sorting. Explain your approach, handle edge cases, and return the required output exactly. Medium"
prob-bank-354,Google DP Interview Grid 18,Hard,Dynamic Programming Google Salesforce Company Wise,"Google DP Interview Grid 18 Dynamic Programming Google Salesforce Company Wise Google placement-style challenge focused on Dynamic Programming. You are given a compact assessment input and must apply memoization, tabulation, and transitions. Explain your approach, handle edge cases, and return the required output exactly. Hard"
prob-bank-355,Microsoft Trie Prefix Directory 18,Easy,Tries Microsoft Cognizant Company Wise,"Microsoft Trie Prefix Directory 18 Tries Microsoft Cognizant Company Wise Microsoft placement-style challenge focused on Tries. You are given a compact assessment input and must apply prefix trees and character edges. Explain your approach, handle edge cases, and return the required output exactly. Easy"
prob-bank-356,Meta Segment Tree Query Engine 18,Medium,Segment Trees Meta Intel Company Wise,"Meta Segment Tree Query Engine 18 Segment Trees Meta Intel Company Wise Meta placement-style challenge focused on Segment Trees. You are given a compact assessment input and must apply range queries and logarithmic updates. Explain your approach, handle edge cases, and return the required output exactly. Medium"
prob-bank-357,Apple Bitmask Eligibility Filter 18,Hard,Bit Manipulation Apple Zoho Company Wise,"Apple Bitmask Eligibility Filter 18 Bit Manipulation Apple Zoho Company Wise Apple placement-style challenge focused on Bit Manipulation. You are given a compact assessment input and must apply xor, masks, and binary flags. Explain your approach, handle edge cases, and return the required output exactly. Hard"
prob-bank-358,Netflix Sliding Window Signal 18,Easy,Sliding Window Netflix Adobe Company Wise,"Netflix Sliding Window Signal 18 Sliding Window Netflix Adobe Company Wise Netflix placement-style challenge focused on Sliding Window. You are given a compact assessment input and must apply expand-shrink window invariants. Explain your approach, handle edge cases, and return the required output exactly. Easy"
prob-bank-359,Adobe Two Pointer Interview Sweep 18,Medium,Two Pointers Adobe Infosys Company Wise,"Adobe Two Pointer Interview Sweep 18 Two Pointers Adobe Infosys Company Wise Adobe placement-style challenge focused on Two Pointers. You are given a compact assessment input and must apply sorted scans and converging pointers. Explain your approach, handle edge cases, and return the required output exactly. Medium"
prob-bank-360,Uber System Constraint Challenge 18,Hard,Advanced Interview Problems Uber Deloitte Company Wise,"Uber System Constraint Challenge 18 Advanced Interview Problems Uber Deloitte Company Wise Uber placement-style challenge focused on Advanced Interview Problems. You are given a compact assessment input and must apply hybrid algorithms and edge-case analysis. Explain your approach, handle edge cases, and return the required output exactly. Hard"
prob-bank-361,Airbnb Array Window Balancer 19,Easy,Arrays Airbnb Swiggy Company Wise,"Airbnb Array Window Balancer 19 Arrays Airbnb Swiggy Company Wise Airbnb placement-style challenge focused on Arrays. You are given a compact assessment input and must apply prefix sums, hashing, and careful index bounds. Explain your approach, handle edge cases, and return the required output exactly. Easy"
prob-bank-362,Stripe String Pattern Normalizer 19,Medium,Strings Stripe Microsoft Company Wise,"Stripe String Pattern Normalizer 19 Strings Stripe Microsoft Company Wise Stripe placement-style challenge focused on Strings. You are given a compact assessment input and must apply frequency tables, two pointers, and case handling. Explain your approach, handle edge cases, and return the required output exactly. Medium"
prob-bank-363,Salesforce Linked List Pointer Repair 19,Hard,Linked Lists Salesforce Stripe Company Wise,"Salesforce Linked List Pointer Repair 19 Linked Lists Salesforce Stripe Company Wise Salesforce placement-style challenge focused on Linked Lists. You are given a compact assessment input and must apply slow-fast pointers and safe node relinking. Explain your approach, handle edge cases, and return the required output exactly. Hard"
prob-bank-364,Oracle Stack Sequence Validator 19,Easy,Stacks Oracle Capgemini Company Wise,"Oracle Stack Sequence Validator 19 Stacks Oracle Capgemini Company Wise Oracle placement-style challenge focused on Stacks. You are given a compact assessment input and must apply monotonic stacks and bracket-style simulation. Explain your approach, handle edge cases, and return the required output exactly. Easy"
prob-bank-365,TCS Queue Throughput Scheduler 19,Medium,Queues TCS Cisco Company Wise,"TCS Queue Throughput Scheduler 19 Queues TCS Cisco Company Wise TCS placement-style challenge focused on Queues. You are given a compact assessment input and must apply FIFO windows, deques, and event ordering. Explain your approach, handle edge cases, and return the required output exactly. Medium"
prob-bank-366,Infosys Hash Map Collision Resolver 19,Hard,Hashing Infosys Razorpay Company Wise,"Infosys Hash Map Collision Resolver 19 Hashing Infosys Razorpay Company Wise Infosys placement-style challenge focused on Hashing. You are given a compact assessment input and must apply constant-time lookup and duplicate tracking. Explain your approach, handle edge cases, and return the required output exactly. Hard"
prob-bank-367,Wipro Binary Tree Path Auditor 19,Easy,Trees Wipro Netflix Company Wise,"Wipro Binary Tree Path Auditor 19 Trees Wipro Netflix Company Wise Wipro placement-style challenge focused on Trees. You are given a compact assessment input and must apply DFS traversal, recursion, and path accumulation. Explain your approach, handle edge cases, and return the required output exactly. Easy"
prob-bank-368,Accenture BST Range Inspector 19,Medium,Binary Search Trees Accenture TCS Company Wise,"Accenture BST Range Inspector 19 Binary Search Trees Accenture TCS Company Wise Accenture placement-style challenge focused on Binary Search Trees. You are given a compact assessment input and must apply ordered traversal and lower/upper bounds. Explain your approach, handle edge cases, and return the required output exactly. Medium"
prob-bank-369,Capgemini Priority Heap Ranker 19,Hard,Heaps Capgemini JP Morgan Company Wise,"Capgemini Priority Heap Ranker 19 Heaps Capgemini JP Morgan Company Wise Capgemini placement-style challenge focused on Heaps. You are given a compact assessment input and must apply top-k selection and priority queue maintenance. Explain your approach, handle edge cases, and return the required output exactly. Hard"
prob-bank-370,Cognizant Graph Route Planner 19,Easy,Graphs Cognizant Flipkart Company Wise,"Cognizant Graph Route Planner 19 Graphs Cognizant Flipkart Company Wise Cognizant placement-style challenge focused on Graphs. You are given a compact assessment input and must apply BFS, DFS, connected components, and cycle checks. Explain your approach, handle edge cases, and return the required output exactly. Easy"
prob-bank-371,Goldman Sachs Recursive State Explorer 19,Medium,Recursion Goldman Sachs Google Company Wise,"Goldman Sachs Recursive State Explorer 19 Recursion Goldman Sachs Google Company Wise Goldman Sachs placement-style challenge focused on Recursion. You are given a compact assessment input and must apply base cases and state transition trees. Explain your approach, handle edge cases, and return the required output exactly. Medium"
prob-bank-372,JP Morgan Backtracking Choice Builder 19,Hard,Backtracking JP Morgan Airbnb Company Wise,"JP Morgan Backtracking Choice Builder 19 Backtracking JP Morgan Airbnb Company Wise JP Morgan placement-style challenge focused on Backtracking. You are given a compact assessment input and must apply choose-explore-unchoose search. Explain your approach, handle edge cases, and return the required output exactly. Hard"
prob-bank-373,Deloitte Greedy Placement Optimizer 19,Easy,Greedy Algorithms Deloitte Accenture Company Wise,"Deloitte Greedy Placement Optimizer 19 Greedy Algorithms Deloitte Accenture Company Wise Deloitte placement-style challenge focused on Greedy Algorithms. You are given a compact assessment input and must apply local optimal choices and sorting. Explain your approach, handle edge cases, and return the required output exactly. Easy"
prob-bank-374,PayPal DP Interview Grid 19,Medium,Dynamic Programming PayPal Atlassian Company Wise,"PayPal DP Interview Grid 19 Dynamic Programming PayPal Atlassian Company Wise PayPal placement-style challenge focused on Dynamic Programming. You are given a compact assessment input and must apply memoization, tabulation, and transitions. Explain your approach, handle edge cases, and return the required output exactly. Medium"
prob-bank-375,Atlassian Trie Prefix Directory 19,Hard,Tries Atlassian PhonePe Company Wise,"Atlassian Trie Prefix Directory 19 Tries Atlassian PhonePe Company Wise Atlassian placement-style challenge focused on Tries. You are given a compact assessment input and must apply prefix trees and character edges. Explain your approach, handle edge cases, and return the required output exactly. Hard"
prob-bank-376,Cisco Segment Tree Query Engine 19,Easy,Segment Trees Cisco Apple Company Wise,"Cisco Segment Tree Query Engine 19 Segment Trees Cisco Apple Company Wise Cisco placement-style challenge focused on Segment Trees. You are given a compact assessment input and must apply range queries and logarithmic updates. Explain your approach, handle edge cases, and return the required output exactly. Easy"
prob-bank-377,Intel Bitmask Eligibility Filter 19,Medium,Bit Manipulation Intel Oracle Company Wise,"Intel Bitmask Eligibility Filter 19 Bit Manipulation Intel Oracle Company Wise Intel placement-style challenge focused on Bit Manipulation. You are given a compact assessment input and must apply xor, masks, and binary flags. Explain your approach, handle edge cases, and return the required output exactly. Medium"
prob-bank-378,NVIDIA Sliding Window Signal 19,Hard,Sliding Window NVIDIA Goldman Sachs Company Wise,"NVIDIA Sliding Window Signal 19 Sliding Window NVIDIA Goldman Sachs Company Wise NVIDIA placement-style challenge focused on Sliding Window. You are given a compact assessment input and must apply expand-shrink window invariants. Explain your approach, handle edge cases, and return the required output exactly. Hard"
prob-bank-379,Flipkart Two Pointer Interview Sweep 19,Easy,Two Pointers Flipkart NVIDIA Company Wise,"Flipkart Two Pointer Interview Sweep 19 Two Pointers Flipkart NVIDIA Company Wise Flipkart placement-style challenge focused on Two Pointers. You are given a compact assessment input and must apply sorted scans and converging pointers. Explain your approach, handle edge cases, and return the required output exactly. Easy"
prob-bank-380,Swiggy System Constraint Challenge 19,Medium,Advanced Interview Problems Swiggy Amazon Company Wise,"Swiggy System Constraint Challenge 19 Advanced Interview Problems Swiggy Amazon Company Wise Swiggy placement-style challenge focused on Advanced Interview Problems. You are given a compact assessment input and must apply hybrid algorithms and edge-case analysis. Explain your approach, handle edge cases, and return the required output exactly. Medium"
prob-bank-381,Zomato Array Window Balancer 20,Hard,Arrays Zomato Uber Company Wise,"Zomato Array Window Balancer 20 Arrays Zomato Uber Company Wise Zomato placement-style challenge focused on Arrays. You are given a compact assessment input and must apply prefix sums, hashing, and careful index bounds. Explain your approach, handle edge cases, and return the required output exactly. Hard"
prob-bank-382,PhonePe String Pattern Normalizer 20,Easy,Strings PhonePe Wipro Company Wise,"PhonePe String Pattern Normalizer 20 Strings PhonePe Wipro Company Wise PhonePe placement-style challenge focused on Strings. You are given a compact assessment input and must apply frequency tables, two pointers, and case handling. Explain your approach, handle edge cases, and return the required output exactly. Easy"
prob-bank-383,Razorpay Linked List Pointer Repair 20,Medium,Linked Lists Razorpay PayPal Company Wise,"Razorpay Linked List Pointer Repair 20 Linked Lists Razorpay PayPal Company Wise Razorpay placement-style challenge focused on Linked Lists. You are given a compact assessment input and must apply slow-fast pointers and safe node relinking. Explain your approach, handle edge cases, and return the required output exactly. Medium"
prob-bank-384,Zoho Stack Sequence Validator 20,Hard,Stacks Zoho Zomato Company Wise,"Zoho Stack Sequence Validator 20 Stacks Zoho Zomato Company Wise Zoho placement-style challenge focused on Stacks. You are given a compact assessment input and must apply monotonic stacks and bracket-style simulation. Explain your approach, handle edge cases, and return the required output exactly. Hard"
prob-bank-385,Amazon Queue Throughput Scheduler 20,Easy,Queues Amazon Meta Company Wise,"Amazon Queue Throughput Scheduler 20 Queues Amazon Meta Company Wise Amazon placement-style challenge focused on Queues. You are given a compact assessment input and must apply FIFO windows, deques, and event ordering. Explain your approach, handle edge cases, and return the required output exactly. Easy"
prob-bank-386,Google Hash Map Collision Resolver 20,Medium,Hashing Google Salesforce Company Wise,"Google Hash Map Collision Resolver 20 Hashing Google Salesforce Company Wise Google placement-style challenge focused on Hashing. You are given a compact assessment input and must apply constant-time lookup and duplicate tracking. Explain your approach, handle edge cases, and return the required output exactly. Medium"
prob-bank-387,Microsoft Binary Tree Path Auditor 20,Hard,Trees Microsoft Cognizant Company Wise,"Microsoft Binary Tree Path Auditor 20 Trees Microsoft Cognizant Company Wise Microsoft placement-style challenge focused on Trees. You are given a compact assessment input and must apply DFS traversal, recursion, and path accumulation. Explain your approach, handle edge cases, and return the required output exactly. Hard"
prob-bank-388,Meta BST Range Inspector 20,Easy,Binary Search Trees Meta Intel Company Wise,"Meta BST Range Inspector 20 Binary Search Trees Meta Intel Company Wise Meta placement-style challenge focused on Binary Search Trees. You are given a compact assessment input and must apply ordered traversal and lower/upper bounds. Explain your approach, handle edge cases, and return the required output exactly. Easy"
prob-bank-389,Apple Priority Heap Ranker 20,Medium,Heaps Apple Zoho Company Wise,"Apple Priority Heap Ranker 20 Heaps Apple Zoho Company Wise Apple placement-style challenge focused on Heaps. You are given a compact assessment input and must apply top-k selection and priority queue maintenance. Explain your approach, handle edge cases, and return the required output exactly. Medium"
prob-bank-390,Netflix Graph Route Planner 20,Hard,Graphs Netflix Adobe Company Wise,"Netflix Graph Route Planner 20 Graphs Netflix Adobe Company Wise Netflix placement-style challenge focused on Graphs. You are given a compact assessment input and must apply BFS, DFS, connected components, and cycle checks. Explain your approach, handle edge cases, and return the required output exactly. Hard"
prob-bank-391,Adobe Recursive State Explorer 20,Easy,Recursion Adobe Infosys Company Wise,"Adobe Recursive State Explorer 20 Recursion Adobe Infosys Company Wise Adobe placement-style challenge focused on Recursion. You are given a compact assessment input and must apply base cases and state transition trees. Explain your approach, handle edge cases, and return the required output exactly. Easy"
prob-bank-392,Uber Backtracking Choice Builder 20,Medium,Backtracking Uber Deloitte Company Wise,"Uber Backtracking Choice Builder 20 Backtracking Uber Deloitte Company Wise Uber placement-style challenge focused on Backtracking. You are given a compact assessment input and must apply choose-explore-unchoose search. Explain your approach, handle edge cases, and return the required output exactly. Medium"
prob-bank-393,Airbnb Greedy Placement Optimizer 20,Hard,Greedy Algorithms Airbnb Swiggy Company Wise,"Airbnb Greedy Placement Optimizer 20 Greedy Algorithms Airbnb Swiggy Company Wise Airbnb placement-style challenge focused on Greedy Algorithms. You are given a compact assessment input and must apply local optimal choices and sorting. Explain your approach, handle edge cases, and return the required output exactly. Hard"
prob-bank-394,Stripe DP Interview Grid 20,Easy,Dynamic Programming Stripe Microsoft Company Wise,"Stripe DP Interview Grid 20 Dynamic Programming Stripe Microsoft Company Wise Stripe placement-style challenge focused on Dynamic Programming. You are given a compact assessment input and must apply memoization, tabulation, and transitions. Explain your approach, handle edge cases, and return the required output exactly. Easy"
prob-bank-395,Salesforce Trie Prefix Directory 20,Medium,Tries Salesforce Stripe Company Wise,"Salesforce Trie Prefix Directory 20 Tries Salesforce Stripe Company Wise Salesforce placement-style challenge focused on Tries. You are given a compact assessment input and must apply prefix trees and character edges. Explain your approach, handle edge cases, and return the required output exactly. Medium"
prob-bank-396,Oracle Segment Tree Query Engine 20,Hard,Segment Trees Oracle Capgemini Company Wise,"Oracle Segment Tree Query Engine 20 Segment Trees Oracle Capgemini Company Wise Oracle placement-style challenge focused on Segment Trees. You are given a compact assessment input and must apply range queries and logarithmic updates. Explain your approach, handle edge cases, and return the required output exactly. Hard"
prob-bank-397,TCS Bitmask Eligibility Filter 20,Easy,Bit Manipulation TCS Cisco Company Wise,"TCS Bitmask Eligibility Filter 20 Bit Manipulation TCS Cisco Company Wise TCS placement-style challenge focused on Bit Manipulation. You are given a compact assessment input and must apply xor, masks, and binary flags. Explain your approach, handle edge cases, and return the required output exactly. Easy"
prob-bank-398,Infosys Sliding Window Signal 20,Medium,Sliding Window Infosys Razorpay Company Wise,"Infosys Sliding Window Signal 20 Sliding Window Infosys Razorpay Company Wise Infosys placement-style challenge focused on Sliding Window. You are given a compact assessment input and must apply expand-shrink window invariants. Explain your approach, handle edge cases, and return the required output exactly. Medium"
prob-bank-399,Wipro Two Pointer Interview Sweep 20,Hard,Two Pointers Wipro Netflix Company Wise,"Wipro Two Pointer Interview Sweep 20 Two Pointers Wipro Netflix Company Wise Wipro placement-style challenge focused on Two Pointers. You are given a compact assessment input and must apply sorted scans and converging pointers. Explain your approach, handle edge cases, and return the required output exactly. Hard"
prob-bank-400,Accenture System Constraint Challenge 20,Easy,Advanced Interview Problems Accenture TCS Company Wise,"Accenture System Constraint Challenge 20 Advanced Interview Problems Accenture TCS Company Wise Accenture placement-style challenge focused on Advanced Interview Problems. You are given a compact assessment input and must apply hybrid algorithms and edge-case analysis. Explain your approach, handle edge cases, and return the required output exactly. Easy"
prob-bank-401,Capgemini Array Window Balancer 21,Medium,Arrays Capgemini JP Morgan Company Wise,"Capgemini Array Window Balancer 21 Arrays Capgemini JP Morgan Company Wise Capgemini placement-style challenge focused on Arrays. You are given a compact assessment input and must apply prefix sums, hashing, and careful index bounds. Explain your approach, handle edge cases, and return the required output exactly. Medium"
prob-bank-402,Cognizant String Pattern Normalizer 21,Hard,Strings Cognizant Flipkart Company Wise,"Cognizant String Pattern Normalizer 21 Strings Cognizant Flipkart Company Wise Cognizant placement-style challenge focused on Strings. You are given a compact assessment input and must apply frequency tables, two pointers, and case handling. Explain your approach, handle edge cases, and return the required output exactly. Hard"
prob-bank-403,Goldman Sachs Linked List Pointer Repair 21,Easy,Linked Lists Goldman Sachs Google Company Wise,"Goldman Sachs Linked List Pointer Repair 21 Linked Lists Goldman Sachs Google Company Wise Goldman Sachs placement-style challenge focused on Linked Lists. You are given a compact assessment input and must apply slow-fast pointers and safe node relinking. Explain your approach, handle edge cases, and return the required output exactly. Easy"
prob-bank-404,JP Morgan Stack Sequence Validator 21,Medium,Stacks JP Morgan Airbnb Company Wise,"JP Morgan Stack Sequence Validator 21 Stacks JP Morgan Airbnb Company Wise JP Morgan placement-style challenge focused on Stacks. You are given a compact assessment input and must apply monotonic stacks and bracket-style simulation. Explain your approach, handle edge cases, and return the required output exactly. Medium"
prob-bank-405,Deloitte Queue Throughput Scheduler 21,Hard,Queues Deloitte Accenture Company Wise,"Deloitte Queue Throughput Scheduler 21 Queues Deloitte Accenture Company Wise Deloitte placement-style challenge focused on Queues. You are given a compact assessment input and must apply FIFO windows, deques, and event ordering. Explain your approach, handle edge cases, and return the required output exactly. Hard"
prob-bank-406,PayPal Hash Map Collision Resolver 21,Easy,Hashing PayPal Atlassian Company Wise,"PayPal Hash Map Collision Resolver 21 Hashing PayPal Atlassian Company Wise PayPal placement-style challenge focused on Hashing. You are given a compact assessment input and must apply constant-time lookup and duplicate tracking. Explain your approach, handle edge cases, and return the required output exactly. Easy"
prob-bank-407,Atlassian Binary Tree Path Auditor 21,Medium,Trees Atlassian PhonePe Company Wise,"Atlassian Binary Tree Path Auditor 21 Trees Atlassian PhonePe Company Wise Atlassian placement-style challenge focused on Trees. You are given a compact assessment input and must apply DFS traversal, recursion, and path accumulation. Explain your approach, handle edge cases, and return the required output exactly. Medium"
prob-bank-408,Cisco BST Range Inspector 21,Hard,Binary Search Trees Cisco Apple Company Wise,"Cisco BST Range Inspector 21 Binary Search Trees Cisco Apple Company Wise Cisco placement-style challenge focused on Binary Search Trees. You are given a compact assessment input and must apply ordered traversal and lower/upper bounds. Explain your approach, handle edge cases, and return the required output exactly. Hard"
prob-bank-409,Intel Priority Heap Ranker 21,Easy,Heaps Intel Oracle Company Wise,"Intel Priority Heap Ranker 21 Heaps Intel Oracle Company Wise Intel placement-style challenge focused on Heaps. You are given a compact assessment input and must apply top-k selection and priority queue maintenance. Explain your approach, handle edge cases, and return the required output exactly. Easy"
prob-bank-410,NVIDIA Graph Route Planner 21,Medium,Graphs NVIDIA Goldman Sachs Company Wise,"NVIDIA Graph Route Planner 21 Graphs NVIDIA Goldman Sachs Company Wise NVIDIA placement-style challenge focused on Graphs. You are given a compact assessment input and must apply BFS, DFS, connected components, and cycle checks. Explain your approach, handle edge cases, and return the required output exactly. Medium"
prob-bank-411,Flipkart Recursive State Explorer 21,Hard,Recursion Flipkart NVIDIA Company Wise,"Flipkart Recursive State Explorer 21 Recursion Flipkart NVIDIA Company Wise Flipkart placement-style challenge focused on Recursion. You are given a compact assessment input and must apply base cases and state transition trees. Explain your approach, handle edge cases, and return the required output exactly. Hard"
prob-bank-412,Swiggy Backtracking Choice Builder 21,Easy,Backtracking Swiggy Amazon Company Wise,"Swiggy Backtracking Choice Builder 21 Backtracking Swiggy Amazon Company Wise Swiggy placement-style challenge focused on Backtracking. You are given a compact assessment input and must apply choose-explore-unchoose search. Explain your approach, handle edge cases, and return the required output exactly. Easy"
prob-bank-413,Zomato Greedy Placement Optimizer 21,Medium,Greedy Algorithms Zomato Uber Company Wise,"Zomato Greedy Placement Optimizer 21 Greedy Algorithms Zomato Uber Company Wise Zomato placement-style challenge focused on Greedy Algorithms. You are given a compact assessment input and must apply local optimal choices and sorting. Explain your approach, handle edge cases, and return the required output exactly. Medium"
prob-bank-414,PhonePe DP Interview Grid 21,Hard,Dynamic Programming PhonePe Wipro Company Wise,"PhonePe DP Interview Grid 21 Dynamic Programming PhonePe Wipro Company Wise PhonePe placement-style challenge focused on Dynamic Programming. You are given a compact assessment input and must apply memoization, tabulation, and transitions. Explain your approach, handle edge cases, and return the required output exactly. Hard"
prob-bank-415,Razorpay Trie Prefix Directory 21,Easy,Tries Razorpay PayPal Company Wise,"Razorpay Trie Prefix Directory 21 Tries Razorpay PayPal Company Wise Razorpay placement-style challenge focused on Tries. You are given a compact assessment input and must apply prefix trees and character edges. Explain your approach, handle edge cases, and return the required output exactly. Easy"
prob-bank-416,Zoho Segment Tree Query Engine 21,Medium,Segment Trees Zoho Zomato Company Wise,"Zoho Segment Tree Query Engine 21 Segment Trees Zoho Zomato Company Wise Zoho placement-style challenge focused on Segment Trees. You are given a compact assessment input and must apply range queries and logarithmic updates. Explain your approach, handle edge cases, and return the required output exactly. Medium"
prob-bank-417,Amazon Bitmask Eligibility Filter 21,Hard,Bit Manipulation Amazon Meta Company Wise,"Amazon Bitmask Eligibility Filter 21 Bit Manipulation Amazon Meta Company Wise Amazon placement-style challenge focused on Bit Manipulation. You are given a compact assessment input and must apply xor, masks, and binary flags. Explain your approach, handle edge cases, and return the required output exactly. Hard"
prob-bank-418,Google Sliding Window Signal 21,Easy,Sliding Window Google Salesforce Company Wise,"Google Sliding Window Signal 21 Sliding Window Google Salesforce Company Wise Google placement-style challenge focused on Sliding Window. You are given a compact assessment input and must apply expand-shrink window invariants. Explain your approach, handle edge cases, and return the required output exactly. Easy"
prob-bank-419,Microsoft Two Pointer Interview Sweep 21,Medium,Two Pointers Microsoft Cognizant Company Wise,"Microsoft Two Pointer Interview Sweep 21 Two Pointers Microsoft Cognizant Company Wise Microsoft placement-style challenge focused on Two Pointers. You are given a compact assessment input and must apply sorted scans and converging pointers. Explain your approach, handle edge cases, and return the required output exactly. Medium"
prob-bank-420,Meta System Constraint Challenge 21,Hard,Advanced Interview Problems Meta Intel Company Wise,"Meta System Constraint Challenge 21 Advanced Interview Problems Meta Intel Company Wise Meta placement-style challenge focused on Advanced Interview Problems. You are given a compact assessment input and must apply hybrid algorithms and edge-case analysis. Explain your approach, handle edge cases, and return the required output exactly. Hard"
prob-bank-421,Apple Array Window Balancer 22,Easy,Arrays Apple Zoho Company Wise,"Apple Array Window Balancer 22 Arrays Apple Zoho Company Wise Apple placement-style challenge focused on Arrays. You are given a compact assessment input and must apply prefix sums, hashing, and careful index bounds. Explain your approach, handle edge cases, and return the required output exactly. Easy"
prob-bank-422,Netflix String Pattern Normalizer 22,Medium,Strings Netflix Adobe Company Wise,"Netflix String Pattern Normalizer 22 Strings Netflix Adobe Company Wise Netflix placement-style challenge focused on Strings. You are given a compact assessment input and must apply frequency tables, two pointers, and case handling. Explain your approach, handle edge cases, and return the required output exactly. Medium"
prob-bank-423,Adobe Linked List Pointer Repair 22,Hard,Linked Lists Adobe Infosys Company Wise,"Adobe Linked List Pointer Repair 22 Linked Lists Adobe Infosys Company Wise Adobe placement-style challenge focused on Linked Lists. You are given a compact assessment input and must apply slow-fast pointers and safe node relinking. Explain your approach, handle edge cases, and return the required output exactly. Hard"
prob-bank-424,Uber Stack Sequence Validator 22,Easy,Stacks Uber Deloitte Company Wise,"Uber Stack Sequence Validator 22 Stacks Uber Deloitte Company Wise Uber placement-style challenge focused on Stacks. You are given a compact assessment input and must apply monotonic stacks and bracket-style simulation. Explain your approach, handle edge cases, and return the required output exactly. Easy"
prob-bank-425,Airbnb Queue Throughput Scheduler 22,Medium,Queues Airbnb Swiggy Company Wise,"Airbnb Queue Throughput Scheduler 22 Queues Airbnb Swiggy Company Wise Airbnb placement-style challenge focused on Queues. You are given a compact assessment input and must apply FIFO windows, deques, and event ordering. Explain your approach, handle edge cases, and return the required output exactly. Medium"
prob-bank-426,Stripe Hash Map Collision Resolver 22,Hard,Hashing Stripe Microsoft Company Wise,"Stripe Hash Map Collision Resolver 22 Hashing Stripe Microsoft Company Wise Stripe placement-style challenge focused on Hashing. You are given a compact assessment input and must apply constant-time lookup and duplicate tracking. Explain your approach, handle edge cases, and return the required output exactly. Hard"
prob-bank-427,Salesforce Binary Tree Path Auditor 22,Easy,Trees Salesforce Stripe Company Wise,"Salesforce Binary Tree Path Auditor 22 Trees Salesforce Stripe Company Wise Salesforce placement-style challenge focused on Trees. You are given a compact assessment input and must apply DFS traversal, recursion, and path accumulation. Explain your approach, handle edge cases, and return the required output exactly. Easy"
prob-bank-428,Oracle BST Range Inspector 22,Medium,Binary Search Trees Oracle Capgemini Company Wise,"Oracle BST Range Inspector 22 Binary Search Trees Oracle Capgemini Company Wise Oracle placement-style challenge focused on Binary Search Trees. You are given a compact assessment input and must apply ordered traversal and lower/upper bounds. Explain your approach, handle edge cases, and return the required output exactly. Medium"
prob-bank-429,TCS Priority Heap Ranker 22,Hard,Heaps TCS Cisco Company Wise,"TCS Priority Heap Ranker 22 Heaps TCS Cisco Company Wise TCS placement-style challenge focused on Heaps. You are given a compact assessment input and must apply top-k selection and priority queue maintenance. Explain your approach, handle edge cases, and return the required output exactly. Hard"
prob-bank-430,Infosys Graph Route Planner 22,Easy,Graphs Infosys Razorpay Company Wise,"Infosys Graph Route Planner 22 Graphs Infosys Razorpay Company Wise Infosys placement-style challenge focused on Graphs. You are given a compact assessment input and must apply BFS, DFS, connected components, and cycle checks. Explain your approach, handle edge cases, and return the required output exactly. Easy"
prob-bank-431,Wipro Recursive State Explorer 22,Medium,Recursion Wipro Netflix Company Wise,"Wipro Recursive State Explorer 22 Recursion Wipro Netflix Company Wise Wipro placement-style challenge focused on Recursion. You are given a compact assessment input and must apply base cases and state transition trees. Explain your approach, handle edge cases, and return the required output exactly. Medium"
prob-bank-432,Accenture Backtracking Choice Builder 22,Hard,Backtracking Accenture TCS Company Wise,"Accenture Backtracking Choice Builder 22 Backtracking Accenture TCS Company Wise Accenture placement-style challenge focused on Backtracking. You are given a compact assessment input and must apply choose-explore-unchoose search. Explain your approach, handle edge cases, and return the required output exactly. Hard"
prob-bank-433,Capgemini Greedy Placement Optimizer 22,Easy,Greedy Algorithms Capgemini JP Morgan Company Wise,"Capgemini Greedy Placement Optimizer 22 Greedy Algorithms Capgemini JP Morgan Company Wise Capgemini placement-style challenge focused on Greedy Algorithms. You are given a compact assessment input and must apply local optimal choices and sorting. Explain your approach, handle edge cases, and return the required output exactly. Easy"
prob-bank-434,Cognizant DP Interview Grid 22,Medium,Dynamic Programming Cognizant Flipkart Company Wise,"Cognizant DP Interview Grid 22 Dynamic Programming Cognizant Flipkart Company Wise Cognizant placement-style challenge focused on Dynamic Programming. You are given a compact assessment input and must apply memoization, tabulation, and transitions. Explain your approach, handle edge cases, and return the required output exactly. Medium"
prob-bank-435,Goldman Sachs Trie Prefix Directory 22,Hard,Tries Goldman Sachs Google Company Wise,"Goldman Sachs Trie Prefix Directory 22 Tries Goldman Sachs Google Company Wise Goldman Sachs placement-style challenge focused on Tries. You are given a compact assessment input and must apply prefix trees and character edges. Explain your approach, handle edge cases, and return the required output exactly. Hard"
prob-bank-436,JP Morgan Segment Tree Query Engine 22,Easy,Segment Trees JP Morgan Airbnb Company Wise,"JP Morgan Segment Tree Query Engine 22 Segment Trees JP Morgan Airbnb Company Wise JP Morgan placement-style challenge focused on Segment Trees. You are given a compact assessment input and must apply range queries and logarithmic updates. Explain your approach, handle edge cases, and return the required output exactly. Easy"
prob-bank-437,Deloitte Bitmask Eligibility Filter 22,Medium,Bit Manipulation Deloitte Accenture Company Wise,"Deloitte Bitmask Eligibility Filter 22 Bit Manipulation Deloitte Accenture Company Wise Deloitte placement-style challenge focused on Bit Manipulation. You are given a compact assessment input and must apply xor, masks, and binary flags. Explain your approach, handle edge cases, and return the required output exactly. Medium"
prob-bank-438,PayPal Sliding Window Signal 22,Hard,Sliding Window PayPal Atlassian Company Wise,"PayPal Sliding Window Signal 22 Sliding Window PayPal Atlassian Company Wise PayPal placement-style challenge focused on Sliding Window. You are given a compact assessment input and must apply expand-shrink window invariants. Explain your approach, handle edge cases, and return the required output exactly. Hard"
prob-bank-439,Atlassian Two Pointer Interview Sweep 22,Easy,Two Pointers Atlassian PhonePe Company Wise,"Atlassian Two Pointer Interview Sweep 22 Two Pointers Atlassian PhonePe Company Wise Atlassian placement-style challenge focused on Two Pointers. You are given a compact assessment input and must apply sorted scans and converging pointers. Explain your approach, handle edge cases, and return the required output exactly. Easy"
prob-bank-440,Cisco System Constraint Challenge 22,Medium,Advanced Interview Problems Cisco Apple Company Wise,"Cisco System Constraint Challenge 22 Advanced Interview Problems Cisco Apple Company Wise Cisco placement-style challenge focused on Advanced Interview Problems. You are given a compact assessment input and must apply hybrid algorithms and edge-case analysis. Explain your approach, handle edge cases, and return the required output exactly. Medium"
