user_id,problem_id,solved
std-1,prob-arrays-two-sum,1
synthetic-user-0,prob-twoPointers-sample-hard-twopointers,1
synthetic-user-0,prob-bank-033,1
synthetic-user-0,prob-bank-030,1
synthetic-user-0,prob-advanced-sample-easy-advanced,1
synthetic-user-1,prob-greedy-sample-hard-greedy,1
synthetic-user-1,prob-strings-longest-substring-without-repeating-characters,1
synthetic-user-1,prob-bank-031,1
synthetic-user-2,prob-tries-sample-medium-tries,1
synthetic-user-3,prob-bst-sample-easy-bst,1
synthetic-user-3,prob-bank-035,1
synthetic-user-3,prob-recursion-sample-medium-recursion,1
synthetic-user-3,prob-bank-007,1
synthetic-user-3,prob-bst-sample-medium-bst,1
synthetic-user-3,prob-bank-011,1
synthetic-user-3,prob-trees-binary-tree-level-order-traversal,1
synthetic-user-3,prob-tries-sample-easy-tries,1
synthetic-user-3,prob-bank-012,1
synthetic-user-3,prob-twoPointers-sample-easy-twopointers,1
synthetic-user-3,prob-advanced-sample-hard-advanced,1
synthetic-user-3,prob-graphs-sample-hard-graphs,1
synthetic-user-3,prob-slidingWindow-sample-easy-slidingwindow,1
synthetic-user-3,prob-bank-021,1
synthetic-user-3,prob-bst-sample-hard-bst,1
synthetic-user-3,prob-bank-026,1
synthetic-user-3,prob-bank-022,1
synthetic-user-3,prob-twoPointers-sample-medium-twopointers,1
synthetic-user-3,prob-bitManipulation-sample-hard-bitmanipulation,1
synthetic-user-3,prob-strings-valid-palindrome,1
synthetic-user-3,prob-bank-019,1
synthetic-user-3,prob-heaps-sample-medium-heaps,1
synthetic-user-4,prob-twoPointers-sample-easy-twopointers,1
synthetic-user-4,prob-bitManipulation-sample-medium-bitmanipulation,1
synthetic-user-4,prob-arrays-two-sum,1
synthetic-user-4,prob-bank-031,1
synthetic-user-4,prob-graphs-sample-easy-graphs,1
synthetic-user-4,prob-heaps-sample-hard-heaps,1
synthetic-user-4,prob-backtracking-sample-hard-backtracking,1
synthetic-user-4,prob-bank-037,1
synthetic-user-4,prob-linkedLists-add-two-numbers,1
synthetic-user-4,prob-bank-014,1
synthetic-user-4,prob-queues-design-circular-queue,1
synthetic-user-4,prob-bank-009,1
synthetic-user-4,prob-bst-sample-hard-bst,1
synthetic-user-4,prob-segmentTrees-sample-medium-segmenttrees,1
synthetic-user-4,prob-dp-sample-hard-dp,1
synthetic-user-4,prob-heaps-sample-medium-heaps,1
synthetic-user-4,prob-advanced-sample-medium-advanced,1
synthetic-user-4,prob-queues-sliding-window-maximum,1
synthetic-user-4,prob-backtracking-sample-easy-backtracking,1
synthetic-user-5,prob-bank-022,1
synthetic-user-5,prob-dp-sample-medium-dp,1
synthetic-user-5,prob-bank-017,1
synthetic-user-5,prob-bitManipulation-sample-medium-bitmanipulation,1
synthetic-user-5,prob-bank-019,1
synthetic-user-5,prob-bitManipulation-sample-hard-bitmanipulation,1
synthetic-user-5,prob-bank-016,1
synthetic-user-5,prob-queues-sliding-window-maximum,1
synthetic-user-5,prob-tries-sample-hard-tries,1
synthetic-user-5,prob-segmentTrees-sample-easy-segmenttrees,1
synthetic-user-5,prob-advanced-sample-medium-advanced,1
synthetic-user-5,prob-bank-020,1
synthetic-user-5,prob-bst-sample-medium-bst,1
synthetic-user-5,prob-bank-027,1
synthetic-user-5,prob-bank-031,1
synthetic-user-5,prob-greedy-sample-hard-greedy,1
synthetic-user-5,prob-stacks-evaluate-reverse-polish-notation,1
synthetic-user-6,prob-hashing-contains-duplicate,1
synthetic-user-6,prob-recursion-sample-easy-recursion,1
synthetic-user-6,prob-dp-sample-easy-dp,1
synthetic-user-6,prob-queues-sliding-window-maximum,1
synthetic-user-6,prob-bst-sample-hard-bst,1
synthetic-user-6,prob-segmentTrees-sample-hard-segmenttrees,1
synthetic-user-6,prob-bank-029,1
synthetic-user-6,prob-trees-invert-binary-tree,1
synthetic-user-6,prob-bank-006,1
synthetic-user-6,prob-bitManipulation-sample-medium-bitmanipulation,1
synthetic-user-6,prob-slidingWindow-sample-hard-slidingwindow,1
synthetic-user-7,prob-bank-014,1
synthetic-user-7,prob-bitManipulation-sample-medium-bitmanipulation,1
synthetic-user-7,prob-twoPointers-sample-easy-twopointers,1
synthetic-user-7,prob-bst-sample-hard-bst,1
synthetic-user-7,prob-bank-003,1
synthetic-user-8,prob-bank-023,1
synthetic-user-8,prob-bst-sample-medium-bst,1
synthetic-user-8,prob-bank-012,1
synthetic-user-8,prob-bst-sample-easy-bst,1
synthetic-user-8,prob-bank-003,1
synthetic-user-8,prob-greedy-sample-easy-greedy,1
synthetic-user-8,prob-hashing-longest-consecutive-sequence,1
synthetic-user-8,prob-bst-sample-hard-bst,1
synthetic-user-8,prob-dp-sample-medium-dp,1
synthetic-user-8,prob-advanced-sample-easy-advanced,1
synthetic-user-8,prob-bank-020,1
synthetic-user-8,prob-linkedLists-reverse-linked-list,1
synthetic-user-8,prob-segmentTrees-sample-easy-segmenttrees,1
synthetic-user-8,prob-arrays-best-time-to-buy-and-sell-stock,1
synthetic-user-8,prob-bank-036,1
synthetic-user-8,prob-bank-034,1
synthetic-user-8,prob-heaps-sample-easy-heaps,1
synthetic-user-8,prob-bitManipulation-sample-medium-bitmanipulation,1
synthetic-user-8,prob-bank-038,1
synthetic-user-8,prob-bank-005,1
synthetic-user-8,prob-bank-004,1
synthetic-user-8,prob-slidingWindow-sample-medium-slidingwindow,1
synthetic-user-8,prob-bank-026,1
synthetic-user-9,prob-twoPointers-sample-hard-twopointers,1
synthetic-user-9,prob-bank-003,1
synthetic-user-9,prob-bst-sample-easy-bst,1
synthetic-user-9,prob-stacks-evaluate-reverse-polish-notation,1
synthetic-user-9,prob-bank-013,1
synthetic-user-9,prob-strings-valid-palindrome,1
synthetic-user-9,prob-graphs-sample-medium-graphs,1
synthetic-user-9,prob-greedy-sample-medium-greedy,1
synthetic-user-9,prob-strings-valid-anagram,1
synthetic-user-9,prob-backtracking-sample-hard-backtracking,1
synthetic-user-9,prob-bank-034,1
synthetic-user-9,prob-bank-009,1
synthetic-user-9,prob-greedy-sample-easy-greedy,1
synthetic-user-9,prob-bank-038,1
synthetic-user-9,prob-advanced-sample-medium-advanced,1
synthetic-user-9,prob-bank-036,1
synthetic-user-9,prob-bank-004,1
synthetic-user-9,prob-bank-011,1
synthetic-user-9,prob-bank-006,1
synthetic-user-9,prob-queues-sliding-window-maximum,1
synthetic-user-9,prob-bank-014,1
synthetic-user-9,prob-bank-021,1
synthetic-user-9,prob-backtracking-sample-medium-backtracking,1
synthetic-user-10,prob-segmentTrees-sample-medium-segmenttrees,1
synthetic-user-10,prob-bank-010,1
synthetic-user-10,prob-bank-037,1
synthetic-user-10,prob-strings-longest-substring-without-repeating-characters,1
synthetic-user-10,prob-bank-033,1
synthetic-user-10,prob-twoPointers-sample-hard-twopointers,1
synthetic-user-10,prob-bank-039,1
synthetic-user-10,prob-graphs-sample-easy-graphs,1
synthetic-user-10,prob-twoPointers-sample-easy-twopointers,1
synthetic-user-10,prob-queues-design-circular-queue,1
synthetic-user-10,prob-bank-024,1
synthetic-user-10,prob-recursion-sample-medium-recursion,1
synthetic-user-10,prob-greedy-sample-hard-greedy,1
synthetic-user-10,prob-strings-valid-anagram,1
synthetic-user-10,prob-advanced-sample-easy-advanced,1
synthetic-user-10,prob-backtracking-sample-easy-backtracking,1
synthetic-user-10,prob-tries-sample-hard-tries,1
synthetic-user-10,prob-stacks-largest-rectangle-in-histogram,1
synthetic-user-10,prob-bank-035,1
synthetic-user-10,prob-hashing-contains-duplicate,1
synthetic-user-10,prob-recursion-sample-easy-recursion,1
synthetic-user-10,prob-heaps-sample-hard-heaps,1
synthetic-user-10,prob-bank-016,1
synthetic-user-10,prob-bank-030,1
synthetic-user-10,prob-bank-032,1
synthetic-user-10,prob-bst-sample-easy-bst,1
synthetic-user-10,prob-hashing-longest-consecutive-sequence,1
synthetic-user-11,prob-heaps-sample-hard-heaps,1
synthetic-user-11,prob-linkedLists-merge-two-sorted-lists,1
synthetic-user-11,prob-bank-013,1
synthetic-user-11,prob-tries-sample-hard-tries,1
synthetic-user-11,prob-bank-009,1
synthetic-user-11,prob-backtracking-sample-hard-backtracking,1
synthetic-user-11,prob-bank-017,1
synthetic-user-11,prob-bank-036,1
synthetic-user-11,prob-bst-sample-easy-bst,1
synthetic-user-11,prob-dp-sample-hard-dp,1
synthetic-user-11,prob-greedy-sample-medium-greedy,1
synthetic-user-11,prob-bank-030,1
synthetic-user-11,prob-bank-014,1
synthetic-user-11,prob-backtracking-sample-medium-backtracking,1
synthetic-user-11,prob-bank-006,1
synthetic-user-11,prob-queues-implement-queue-using-stacks,1
synthetic-user-11,prob-hashing-longest-consecutive-sequence,1
synthetic-user-11,prob-slidingWindow-sample-medium-slidingwindow,1
synthetic-user-11,prob-bank-039,1
synthetic-user-11,prob-bank-035,1
synthetic-user-11,prob-hashing-intersection-of-two-arrays,1
synthetic-user-11,prob-bank-020,1
synthetic-user-11,prob-recursion-sample-medium-recursion,1
synthetic-user-11,prob-trees-invert-binary-tree,1
synthetic-user-11,prob-bank-031,1
synthetic-user-11,prob-bank-018,1
synthetic-user-11,prob-bitManipulation-sample-hard-bitmanipulation,1
synthetic-user-12,prob-bank-014,1
synthetic-user-12,prob-bank-021,1
synthetic-user-12,prob-backtracking-sample-medium-backtracking,1
synthetic-user-12,prob-slidingWindow-sample-hard-slidingwindow,1
synthetic-user-12,prob-bitManipulation-sample-easy-bitmanipulation,1
synthetic-user-13,prob-bank-022,1
synthetic-user-13,prob-bank-039,1
synthetic-user-13,prob-stacks-largest-rectangle-in-histogram,1
synthetic-user-14,prob-bank-036,1
synthetic-user-14,prob-backtracking-sample-hard-backtracking,1
synthetic-user-14,prob-bank-029,1
synthetic-user-14,prob-segmentTrees-sample-hard-segmenttrees,1
synthetic-user-14,prob-advanced-sample-medium-advanced,1
synthetic-user-14,prob-bank-003,1
synthetic-user-14,prob-dp-sample-hard-dp,1
synthetic-user-14,prob-bank-015,1
synthetic-user-14,prob-arrays-two-sum,1
synthetic-user-14,prob-bank-040,1
synthetic-user-14,prob-bank-034,1
synthetic-user-14,prob-stacks-largest-rectangle-in-histogram,1
synthetic-user-14,prob-bank-022,1
synthetic-user-14,prob-bank-026,1
synthetic-user-14,prob-bank-030,1
synthetic-user-14,prob-segmentTrees-sample-easy-segmenttrees,1
synthetic-user-14,prob-linkedLists-add-two-numbers,1
synthetic-user-15,prob-graphs-sample-easy-graphs,1
synthetic-user-15,prob-twoPointers-sample-easy-twopointers,1
synthetic-user-15,prob-bank-004,1
synthetic-user-15,prob-backtracking-sample-medium-backtracking,1
synthetic-user-15,prob-dp-sample-hard-dp,1
synthetic-user-15,prob-greedy-sample-easy-greedy,1
synthetic-user-15,prob-tries-sample-medium-tries,1
synthetic-user-15,prob-bank-011,1
synthetic-user-15,prob-bank-014,1
synthetic-user-15,prob-hashing-intersection-of-two-arrays,1
synthetic-user-15,prob-bank-013,1
synthetic-user-15,prob-bank-003,1
synthetic-user-15,prob-bank-028,1
synthetic-user-16,prob-queues-implement-queue-using-stacks,1
synthetic-user-16,prob-bank-021,1
synthetic-user-17,prob-hashing-contains-duplicate,1
synthetic-user-18,prob-advanced-sample-medium-advanced,1
synthetic-user-18,prob-arrays-two-sum,1
synthetic-user-18,prob-twoPointers-sample-easy-twopointers,1
synthetic-user-18,prob-heaps-sample-medium-heaps,1
synthetic-user-18,prob-bank-029,1
synthetic-user-18,prob-hashing-intersection-of-two-arrays,1
synthetic-user-18,prob-bank-024,1
synthetic-user-18,prob-greedy-sample-hard-greedy,1
synthetic-user-18,prob-trees-binary-tree-level-order-traversal,1
synthetic-user-18,prob-backtracking-sample-hard-backtracking,1
synthetic-user-18,prob-stacks-largest-rectangle-in-histogram,1
synthetic-user-18,prob-segmentTrees-sample-medium-segmenttrees,1
synthetic-user-18,prob-recursion-sample-hard-recursion,1
synthetic-user-18,prob-stacks-evaluate-reverse-polish-notation,1
synthetic-user-18,prob-segmentTrees-sample-hard-segmenttrees,1
synthetic-user-19,prob-bitManipulation-sample-hard-bitmanipulation,1
synthetic-user-19,prob-bank-021,1
synthetic-user-20,prob-bank-030,1
synthetic-user-20,prob-bank-037,1
synthetic-user-20,prob-graphs-sample-hard-graphs,1
synthetic-user-20,prob-twoPointers-sample-easy-twopointers,1
synthetic-user-20,prob-bank-024,1
synthetic-user-20,prob-stacks-largest-rectangle-in-histogram,1
synthetic-user-20,prob-bank-031,1
synthetic-user-20,prob-queues-implement-queue-using-stacks,1
synthetic-user-20,prob-arrays-two-sum,1
synthetic-user-20,prob-graphs-sample-easy-graphs,1
synthetic-user-20,prob-bank-002,1
synthetic-user-20,prob-stacks-valid-parentheses,1
synthetic-user-20,prob-hashing-intersection-of-two-arrays,1
synthetic-user-20,prob-bank-016,1
synthetic-user-20,prob-graphs-sample-medium-graphs,1
synthetic-user-20,prob-bank-007,1
synthetic-user-20,prob-twoPointers-sample-hard-twopointers,1
synthetic-user-20,prob-arrays-best-time-to-buy-and-sell-stock,1
synthetic-user-20,prob-bank-023,1
synthetic-user-20,prob-tries-sample-medium-tries,1
synthetic-user-20,prob-hashing-contains-duplicate,1
synthetic-user-20,prob-bank-039,1
synthetic-user-20,prob-bank-028,1
synthetic-user-20,prob-bank-040,1
synthetic-user-21,prob-bitManipulation-sample-medium-bitmanipulation,1
synthetic-user-21,prob-stacks-largest-rectangle-in-histogram,1
synthetic-user-21,prob-bank-034,1
synthetic-user-21,prob-queues-design-circular-queue,1
synthetic-user-21,prob-dp-sample-medium-dp,1
synthetic-user-21,prob-segmentTrees-sample-hard-segmenttrees,1
synthetic-user-21,prob-greedy-sample-hard-greedy,1
synthetic-user-21,prob-hashing-longest-consecutive-sequence,1
synthetic-user-22,prob-bank-037,1
synthetic-user-22,prob-hashing-longest-consecutive-sequence,1
synthetic-user-22,prob-bank-023,1
synthetic-user-22,prob-bank-027,1
synthetic-user-22,prob-trees-invert-binary-tree,1
synthetic-user-22,prob-linkedLists-add-two-numbers,1
synthetic-user-22,prob-bank-008,1
synthetic-user-22,prob-bank-013,1
synthetic-user-22,prob-arrays-best-time-to-buy-and-sell-stock,1
synthetic-user-22,prob-bank-019,1
synthetic-user-22,prob-bank-024,1
synthetic-user-22,prob-bst-sample-easy-bst,1
synthetic-user-22,prob-twoPointers-sample-hard-twopointers,1
synthetic-user-22,prob-tries-sample-hard-tries,1
synthetic-user-22,prob-graphs-sample-easy-graphs,1
synthetic-user-22,prob-bank-021,1
synthetic-user-22,prob-trees-same-tree,1
synthetic-user-22,prob-slidingWindow-sample-medium-slidingwindow,1
synthetic-user-22,prob-bank-031,1
synthetic-user-22,prob-bank-028,1
synthetic-user-22,prob-bank-026,1
synthetic-user-22,prob-stacks-largest-rectangle-in-histogram,1
synthetic-user-22,prob-queues-implement-queue-using-stacks,1
synthetic-user-22,prob-bank-039,1
synthetic-user-22,prob-hashing-contains-duplicate,1
synthetic-user-23,prob-bitManipulation-sample-medium-bitmanipulation,1
synthetic-user-23,prob-tries-sample-hard-tries,1
synthetic-user-23,prob-twoPointers-sample-easy-twopointers,1
synthetic-user-23,prob-dp-sample-medium-dp,1
synthetic-user-23,prob-hashing-longest-consecutive-sequence,1
synthetic-user-23,prob-recursion-sample-medium-recursion,1
synthetic-user-23,prob-backtracking-sample-hard-backtracking,1
synthetic-user-23,prob-bank-023,1
synthetic-user-23,prob-stacks-evaluate-reverse-polish-notation,1
synthetic-user-23,prob-bank-035,1
synthetic-user-23,prob-bank-011,1
synthetic-user-23,prob-bank-017,1
synthetic-user-23,prob-bank-029,1
synthetic-user-23,prob-bank-018,1
synthetic-user-23,prob-greedy-sample-easy-greedy,1
synthetic-user-23,prob-strings-valid-palindrome,1
synthetic-user-23,prob-greedy-sample-hard-greedy,1
synthetic-user-23,prob-heaps-sample-hard-heaps,1
synthetic-user-23,prob-bank-007,1
synthetic-user-23,prob-bank-027,1
synthetic-user-23,prob-bank-006,1
synthetic-user-23,prob-heaps-sample-easy-heaps,1
synthetic-user-23,prob-bitManipulation-sample-hard-bitmanipulation,1
synthetic-user-23,prob-greedy-sample-medium-greedy,1
synthetic-user-24,prob-recursion-sample-easy-recursion,1
synthetic-user-24,prob-bank-004,1
synthetic-user-24,prob-bitManipulation-sample-medium-bitmanipulation,1
synthetic-user-24,prob-queues-sliding-window-maximum,1
synthetic-user-24,prob-bank-040,1
synthetic-user-24,prob-bank-039,1
synthetic-user-24,prob-bank-022,1
synthetic-user-24,prob-bank-017,1
synthetic-user-24,prob-stacks-valid-parentheses,1
synthetic-user-24,prob-bank-008,1
synthetic-user-24,prob-arrays-best-time-to-buy-and-sell-stock,1
synthetic-user-24,prob-segmentTrees-sample-medium-segmenttrees,1
synthetic-user-24,prob-dp-sample-medium-dp,1
synthetic-user-24,prob-hashing-intersection-of-two-arrays,1
synthetic-user-24,prob-bank-038,1
synthetic-user-24,prob-bank-013,1
synthetic-user-24,prob-slidingWindow-sample-hard-slidingwindow,1
synthetic-user-24,prob-bank-029,1
synthetic-user-24,prob-bank-010,1
synthetic-user-24,prob-bst-sample-medium-bst,1
synthetic-user-24,prob-bank-001,1
synthetic-user-24,prob-bank-032,1
synthetic-user-24,prob-arrays-3sum,1
synthetic-user-24,prob-bank-016,1
synthetic-user-24,prob-linkedLists-add-two-numbers,1
synthetic-user-24,prob-bank-030,1
synthetic-user-25,prob-strings-longest-substring-without-repeating-characters,1
synthetic-user-25,prob-linkedLists-merge-two-sorted-lists,1
synthetic-user-25,prob-bitManipulation-sample-hard-bitmanipulation,1
synthetic-user-25,prob-bank-005,1
synthetic-user-25,prob-greedy-sample-easy-greedy,1
synthetic-user-25,prob-bank-021,1
synthetic-user-25,prob-bank-032,1
synthetic-user-26,prob-slidingWindow-sample-hard-slidingwindow,1
synthetic-user-26,prob-twoPointers-sample-easy-twopointers,1
synthetic-user-26,prob-bank-030,1
synthetic-user-26,prob-slidingWindow-sample-easy-slidingwindow,1
synthetic-user-26,prob-stacks-evaluate-reverse-polish-notation,1
synthetic-user-26,prob-bank-022,1
synthetic-user-26,prob-bank-009,1
synthetic-user-26,prob-bank-034,1
synthetic-user-26,prob-bank-019,1
synthetic-user-26,prob-trees-same-tree,1
synthetic-user-26,prob-backtracking-sample-hard-backtracking,1
synthetic-user-26,prob-bank-036,1
synthetic-user-26,prob-dp-sample-easy-dp,1
synthetic-user-26,prob-bank-029,1
synthetic-user-26,prob-bank-006,1
synthetic-user-26,prob-heaps-sample-hard-heaps,1
synthetic-user-26,prob-bank-031,1
synthetic-user-26,prob-bank-033,1
synthetic-user-26,prob-dp-sample-hard-dp,1
synthetic-user-26,prob-bitManipulation-sample-hard-bitmanipulation,1
synthetic-user-26,prob-bank-016,1
synthetic-user-26,prob-linkedLists-add-two-numbers,1
synthetic-user-26,prob-bank-028,1
synthetic-user-26,prob-twoPointers-sample-medium-twopointers,1
synthetic-user-26,prob-recursion-sample-easy-recursion,1
synthetic-user-27,prob-stacks-largest-rectangle-in-histogram,1
synthetic-user-27,prob-twoPointers-sample-medium-twopointers,1
synthetic-user-27,prob-queues-sliding-window-maximum,1
synthetic-user-27,prob-advanced-sample-medium-advanced,1
synthetic-user-27,prob-bank-019,1
synthetic-user-27,prob-bank-018,1
synthetic-user-27,prob-linkedLists-merge-two-sorted-lists,1
synthetic-user-27,prob-dp-sample-easy-dp,1
synthetic-user-28,prob-arrays-best-time-to-buy-and-sell-stock,1
synthetic-user-28,prob-bank-031,1
synthetic-user-28,prob-hashing-longest-consecutive-sequence,1
synthetic-user-28,prob-bank-030,1
synthetic-user-29,prob-bank-004,1
synthetic-user-29,prob-tries-sample-hard-tries,1
synthetic-user-29,prob-bank-007,1
synthetic-user-29,prob-bank-033,1
synthetic-user-29,prob-backtracking-sample-easy-backtracking,1
synthetic-user-29,prob-bst-sample-easy-bst,1
synthetic-user-30,prob-bank-036,1
synthetic-user-30,prob-bank-040,1
synthetic-user-30,prob-backtracking-sample-medium-backtracking,1
synthetic-user-30,prob-bank-034,1
synthetic-user-30,prob-hashing-contains-duplicate,1
synthetic-user-31,prob-twoPointers-sample-easy-twopointers,1
synthetic-user-31,prob-backtracking-sample-medium-backtracking,1
synthetic-user-31,prob-bank-008,1
synthetic-user-31,prob-linkedLists-add-two-numbers,1
synthetic-user-31,prob-backtracking-sample-easy-backtracking,1
synthetic-user-31,prob-bank-032,1
synthetic-user-31,prob-bank-014,1
synthetic-user-31,prob-bank-021,1
synthetic-user-31,prob-stacks-valid-parentheses,1
synthetic-user-31,prob-bank-004,1
synthetic-user-31,prob-advanced-sample-medium-advanced,1
synthetic-user-32,prob-linkedLists-merge-two-sorted-lists,1
synthetic-user-32,prob-bank-004,1
synthetic-user-32,prob-bank-013,1
synthetic-user-32,prob-bst-sample-easy-bst,1
synthetic-user-32,prob-segmentTrees-sample-hard-segmenttrees,1
synthetic-user-32,prob-trees-binary-tree-level-order-traversal,1
synthetic-user-32,prob-recursion-sample-hard-recursion,1
synthetic-user-32,prob-bank-039,1
synthetic-user-32,prob-queues-design-circular-queue,1
synthetic-user-32,prob-bank-014,1
synthetic-user-32,prob-bank-027,1
synthetic-user-32,prob-bank-033,1
synthetic-user-33,prob-bank-035,1
synthetic-user-33,prob-bank-006,1
synthetic-user-33,prob-arrays-two-sum,1
synthetic-user-33,prob-strings-longest-substring-without-repeating-characters,1
synthetic-user-33,prob-arrays-best-time-to-buy-and-sell-stock,1
synthetic-user-33,prob-recursion-sample-medium-recursion,1
synthetic-user-33,prob-bank-001,1
synthetic-user-33,prob-segmentTrees-sample-medium-segmenttrees,1
synthetic-user-34,prob-trees-same-tree,1
synthetic-user-34,prob-bst-sample-medium-bst,1
synthetic-user-34,prob-strings-valid-anagram,1
synthetic-user-34,prob-bank-011,1
synthetic-user-34,prob-bank-032,1
synthetic-user-34,prob-bank-035,1
synthetic-user-34,prob-bank-024,1
synthetic-user-34,prob-slidingWindow-sample-hard-slidingwindow,1
synthetic-user-34,prob-graphs-sample-medium-graphs,1
synthetic-user-34,prob-dp-sample-hard-dp,1
synthetic-user-34,prob-recursion-sample-medium-recursion,1
synthetic-user-34,prob-bank-033,1
synthetic-user-34,prob-dp-sample-medium-dp,1
synthetic-user-34,prob-backtracking-sample-medium-backtracking,1
synthetic-user-34,prob-stacks-valid-parentheses,1
synthetic-user-34,prob-bank-014,1
synthetic-user-34,prob-segmentTrees-sample-hard-segmenttrees,1
synthetic-user-34,prob-hashing-contains-duplicate,1
synthetic-user-34,prob-bank-005,1
synthetic-user-34,prob-linkedLists-reverse-linked-list,1
synthetic-user-34,prob-bank-039,1
synthetic-user-34,prob-bank-036,1
synthetic-user-34,prob-bank-007,1
synthetic-user-34,prob-strings-longest-substring-without-repeating-characters,1
synthetic-user-34,prob-slidingWindow-sample-easy-slidingwindow,1
synthetic-user-34,prob-linkedLists-add-two-numbers,1
synthetic-user-34,prob-advanced-sample-hard-advanced,1
synthetic-user-34,prob-greedy-sample-easy-greedy,1
synthetic-user-34,prob-dp-sample-easy-dp,1
synthetic-user-34,prob-bank-031,1
synthetic-user-35,prob-advanced-sample-medium-advanced,1
synthetic-user-35,prob-arrays-best-time-to-buy-and-sell-stock,1
synthetic-user-35,prob-segmentTrees-sample-hard-segmenttrees,1
synthetic-user-35,prob-heaps-sample-medium-heaps,1
synthetic-user-35,prob-greedy-sample-medium-greedy,1
synthetic-user-35,prob-bank-013,1
synthetic-user-35,prob-greedy-sample-hard-greedy,1
synthetic-user-35,prob-bank-035,1
synthetic-user-35,prob-bank-020,1
synthetic-user-35,prob-recursion-sample-medium-recursion,1
synthetic-user-35,prob-advanced-sample-hard-advanced,1
synthetic-user-35,prob-bank-016,1
synthetic-user-35,prob-bank-004,1
synthetic-user-35,prob-bank-039,1
synthetic-user-35,prob-bank-040,1
synthetic-user-35,prob-bank-034,1
synthetic-user-35,prob-bank-010,1
synthetic-user-35,prob-bank-038,1
synthetic-user-36,prob-arrays-two-sum,1
synthetic-user-36,prob-slidingWindow-sample-medium-slidingwindow,1
synthetic-user-36,prob-strings-valid-palindrome,1
synthetic-user-36,prob-graphs-sample-hard-graphs,1
synthetic-user-36,prob-bank-010,1
synthetic-user-37,prob-bank-029,1
synthetic-user-37,prob-arrays-best-time-to-buy-and-sell-stock,1
synthetic-user-37,prob-tries-sample-easy-tries,1
synthetic-user-37,prob-arrays-two-sum,1
synthetic-user-37,prob-bank-038,1
synthetic-user-37,prob-bank-025,1
synthetic-user-37,prob-bitManipulation-sample-easy-bitmanipulation,1
synthetic-user-37,prob-bank-035,1
synthetic-user-37,prob-bank-034,1
synthetic-user-37,prob-dp-sample-easy-dp,1
synthetic-user-37,prob-queues-design-circular-queue,1
synthetic-user-37,prob-heaps-sample-hard-heaps,1
synthetic-user-37,prob-bank-008,1
synthetic-user-37,prob-recursion-sample-easy-recursion,1
synthetic-user-37,prob-slidingWindow-sample-hard-slidingwindow,1
synthetic-user-37,prob-bank-003,1
synthetic-user-37,prob-linkedLists-merge-two-sorted-lists,1
synthetic-user-37,prob-trees-invert-binary-tree,1
synthetic-user-37,prob-bank-032,1
synthetic-user-37,prob-backtracking-sample-hard-backtracking,1
synthetic-user-37,prob-stacks-largest-rectangle-in-histogram,1
synthetic-user-38,prob-graphs-sample-hard-graphs,1
synthetic-user-38,prob-bank-007,1
synthetic-user-38,prob-slidingWindow-sample-medium-slidingwindow,1
synthetic-user-38,prob-bank-030,1
synthetic-user-38,prob-segmentTrees-sample-hard-segmenttrees,1
synthetic-user-38,prob-advanced-sample-medium-advanced,1
synthetic-user-38,prob-stacks-evaluate-reverse-polish-notation,1
synthetic-user-38,prob-bank-015,1
synthetic-user-38,prob-queues-implement-queue-using-stacks,1
synthetic-user-38,prob-bank-005,1
synthetic-user-38,prob-hashing-longest-consecutive-sequence,1
synthetic-user-38,prob-bank-022,1
synthetic-user-38,prob-bitManipulation-sample-hard-bitmanipulation,1
synthetic-user-38,prob-stacks-valid-parentheses,1
synthetic-user-38,prob-bank-016,1
synthetic-user-38,prob-bank-013,1
synthetic-user-38,prob-linkedLists-merge-two-sorted-lists,1
synthetic-user-38,prob-twoPointers-sample-medium-twopointers,1
synthetic-user-38,prob-hashing-intersection-of-two-arrays,1
synthetic-user-38,prob-recursion-sample-easy-recursion,1
synthetic-user-38,prob-greedy-sample-medium-greedy,1
synthetic-user-38,prob-backtracking-sample-easy-backtracking,1
synthetic-user-38,prob-dp-sample-medium-dp,1
synthetic-user-38,prob-bank-028,1
synthetic-user-38,prob-dp-sample-hard-dp,1
synthetic-user-38,prob-bank-018,1
synthetic-user-38,prob-advanced-sample-easy-advanced,1
synthetic-user-38,prob-backtracking-sample-medium-backtracking,1
synthetic-user-38,prob-bank-040,1
synthetic-user-38,prob-bank-027,1
synthetic-user-39,prob-bank-040,1
synthetic-user-39,prob-bank-039,1
synthetic-user-39,prob-bank-015,1
synthetic-user-39,prob-queues-design-circular-queue,1
synthetic-user-39,prob-trees-same-tree,1
synthetic-user-40,prob-advanced-sample-easy-advanced,1
synthetic-user-40,prob-advanced-sample-hard-advanced,1
synthetic-user-40,prob-dp-sample-medium-dp,1
synthetic-user-40,prob-slidingWindow-sample-medium-slidingwindow,1
synthetic-user-40,prob-hashing-contains-duplicate,1
synthetic-user-40,prob-bank-009,1
synthetic-user-41,prob-heaps-sample-hard-heaps,1
synthetic-user-41,prob-advanced-sample-easy-advanced,1
synthetic-user-41,prob-dp-sample-easy-dp,1
synthetic-user-41,prob-advanced-sample-hard-advanced,1
synthetic-user-41,prob-backtracking-sample-easy-backtracking,1
synthetic-user-41,prob-hashing-contains-duplicate,1
synthetic-user-41,prob-stacks-largest-rectangle-in-histogram,1
synthetic-user-41,prob-trees-binary-tree-level-order-traversal,1
synthetic-user-41,prob-bank-028,1
synthetic-user-41,prob-greedy-sample-hard-greedy,1
synthetic-user-41,prob-bank-030,1
synthetic-user-41,prob-bank-018,1
synthetic-user-41,prob-strings-longest-substring-without-repeating-characters,1
synthetic-user-41,prob-graphs-sample-easy-graphs,1
synthetic-user-41,prob-dp-sample-hard-dp,1
synthetic-user-41,prob-trees-invert-binary-tree,1
synthetic-user-41,prob-bank-034,1
synthetic-user-41,prob-recursion-sample-medium-recursion,1
synthetic-user-41,prob-segmentTrees-sample-easy-segmenttrees,1
synthetic-user-41,prob-bitManipulation-sample-hard-bitmanipulation,1
synthetic-user-41,prob-bank-006,1
synthetic-user-41,prob-linkedLists-reverse-linked-list,1
synthetic-user-41,prob-bank-031,1
synthetic-user-41,prob-bank-036,1
synthetic-user-41,prob-bst-sample-medium-bst,1
synthetic-user-42,prob-advanced-sample-easy-advanced,1
synthetic-user-42,prob-bank-012,1
synthetic-user-42,prob-bank-036,1
synthetic-user-42,prob-bank-011,1
synthetic-user-42,prob-recursion-sample-medium-recursion,1
synthetic-user-42,prob-queues-implement-queue-using-stacks,1
synthetic-user-42,prob-advanced-sample-hard-advanced,1
synthetic-user-42,prob-queues-design-circular-queue,1
synthetic-user-42,prob-hashing-longest-consecutive-sequence,1
synthetic-user-42,prob-hashing-contains-duplicate,1
synthetic-user-42,prob-arrays-best-time-to-buy-and-sell-stock,1
synthetic-user-42,prob-linkedLists-merge-two-sorted-lists,1
synthetic-user-42,prob-bank-040,1
synthetic-user-43,prob-heaps-sample-medium-heaps,1
synthetic-user-43,prob-slidingWindow-sample-easy-slidingwindow,1
synthetic-user-43,prob-segmentTrees-sample-hard-segmenttrees,1
synthetic-user-43,prob-bank-028,1
synthetic-user-43,prob-bank-021,1
synthetic-user-44,prob-bank-016,1
synthetic-user-44,prob-backtracking-sample-easy-backtracking,1
synthetic-user-44,prob-stacks-valid-parentheses,1
synthetic-user-44,prob-arrays-3sum,1
synthetic-user-44,prob-linkedLists-add-two-numbers,1
synthetic-user-44,prob-heaps-sample-medium-heaps,1
synthetic-user-44,prob-bank-023,1
synthetic-user-44,prob-twoPointers-sample-hard-twopointers,1
synthetic-user-44,prob-hashing-intersection-of-two-arrays,1
synthetic-user-44,prob-stacks-largest-rectangle-in-histogram,1
synthetic-user-44,prob-tries-sample-easy-tries,1
synthetic-user-44,prob-hashing-contains-duplicate,1
synthetic-user-44,prob-strings-longest-substring-without-repeating-characters,1
synthetic-user-44,prob-advanced-sample-hard-advanced,1
synthetic-user-44,prob-linkedLists-reverse-linked-list,1
synthetic-user-44,prob-bst-sample-easy-bst,1
synthetic-user-44,prob-bank-014,1
synthetic-user-44,prob-twoPointers-sample-medium-twopointers,1
synthetic-user-44,prob-bank-033,1
synthetic-user-45,prob-strings-valid-palindrome,1
synthetic-user-45,prob-bitManipulation-sample-easy-bitmanipulation,1
synthetic-user-45,prob-bank-028,1
synthetic-user-45,prob-twoPointers-sample-easy-twopointers,1
synthetic-user-45,prob-bst-sample-medium-bst,1
synthetic-user-45,prob-segmentTrees-sample-easy-segmenttrees,1
synthetic-user-45,prob-graphs-sample-easy-graphs,1
synthetic-user-45,prob-bst-sample-hard-bst,1
synthetic-user-45,prob-backtracking-sample-hard-backtracking,1
synthetic-user-45,prob-advanced-sample-easy-advanced,1
synthetic-user-45,prob-trees-same-tree,1
synthetic-user-45,prob-strings-valid-anagram,1
synthetic-user-45,prob-bank-019,1
synthetic-user-45,prob-bank-020,1
synthetic-user-45,prob-recursion-sample-medium-recursion,1
synthetic-user-45,prob-bank-023,1
synthetic-user-46,prob-slidingWindow-sample-medium-slidingwindow,1
synthetic-user-46,prob-bank-011,1
synthetic-user-46,prob-bank-002,1
synthetic-user-46,prob-linkedLists-merge-two-sorted-lists,1
synthetic-user-46,prob-stacks-largest-rectangle-in-histogram,1
synthetic-user-46,prob-backtracking-sample-hard-backtracking,1
synthetic-user-46,prob-bitManipulation-sample-medium-bitmanipulation,1
synthetic-user-46,prob-hashing-longest-consecutive-sequence,1
synthetic-user-46,prob-slidingWindow-sample-hard-slidingwindow,1
synthetic-user-46,prob-heaps-sample-medium-heaps,1
synthetic-user-46,prob-bank-023,1
synthetic-user-46,prob-bank-008,1
synthetic-user-46,prob-recursion-sample-medium-recursion,1
synthetic-user-46,prob-bank-021,1
synthetic-user-46,prob-bank-010,1
synthetic-user-46,prob-arrays-3sum,1
synthetic-user-47,prob-bank-032,1
synthetic-user-47,prob-segmentTrees-sample-easy-segmenttrees,1
synthetic-user-47,prob-bank-002,1
synthetic-user-47,prob-bank-010,1
synthetic-user-47,prob-bank-003,1
synthetic-user-47,prob-tries-sample-hard-tries,1
synthetic-user-47,prob-bank-013,1
synthetic-user-47,prob-bank-005,1
synthetic-user-47,prob-dp-sample-hard-dp,1
synthetic-user-47,prob-bitManipulation-sample-medium-bitmanipulation,1
synthetic-user-47,prob-backtracking-sample-medium-backtracking,1
synthetic-user-47,prob-bst-sample-hard-bst,1
synthetic-user-47,prob-strings-valid-palindrome,1
synthetic-user-47,prob-dp-sample-medium-dp,1
synthetic-user-47,prob-bank-017,1
synthetic-user-47,prob-graphs-sample-medium-graphs,1
synthetic-user-47,prob-bank-028,1
synthetic-user-47,prob-backtracking-sample-hard-backtracking,1
synthetic-user-47,prob-linkedLists-merge-two-sorted-lists,1
synthetic-user-47,prob-bank-001,1
synthetic-user-47,prob-bank-008,1
synthetic-user-47,prob-bank-039,1
synthetic-user-47,prob-bank-015,1
synthetic-user-47,prob-graphs-sample-hard-graphs,1
synthetic-user-47,prob-trees-binary-tree-level-order-traversal,1
synthetic-user-47,prob-queues-implement-queue-using-stacks,1
synthetic-user-48,prob-recursion-sample-easy-recursion,1
synthetic-user-48,prob-backtracking-sample-medium-backtracking,1
synthetic-user-48,prob-bank-009,1
synthetic-user-48,prob-bank-035,1
synthetic-user-48,prob-linkedLists-merge-two-sorted-lists,1
synthetic-user-48,prob-graphs-sample-medium-graphs,1
synthetic-user-48,prob-bank-014,1
synthetic-user-48,prob-bitManipulation-sample-medium-bitmanipulation,1
synthetic-user-48,prob-segmentTrees-sample-easy-segmenttrees,1
synthetic-user-48,prob-bst-sample-medium-bst,1
synthetic-user-48,prob-bank-031,1
synthetic-user-48,prob-bank-040,1
synthetic-user-48,prob-bank-016,1
synthetic-user-48,prob-dp-sample-medium-dp,1
synthetic-user-48,prob-bank-032,1
synthetic-user-48,prob-bank-028,1
synthetic-user-48,prob-strings-valid-palindrome,1
synthetic-user-48,prob-bank-026,1
synthetic-user-48,prob-bank-013,1
synthetic-user-48,prob-bank-022,1
synthetic-user-48,prob-trees-invert-binary-tree,1
synthetic-user-48,prob-bank-021,1
synthetic-user-49,prob-bank-004,1
synthetic-user-49,prob-bank-010,1
synthetic-user-49,prob-dp-sample-easy-dp,1
synthetic-user-49,prob-bst-sample-medium-bst,1
synthetic-user-49,prob-bank-003,1
synthetic-user-49,prob-strings-valid-anagram,1
synthetic-user-49,prob-stacks-largest-rectangle-in-histogram,1
synthetic-user-49,prob-linkedLists-merge-two-sorted-lists,1
synthetic-user-49,prob-graphs-sample-hard-graphs,1
synthetic-user-49,prob-bank-018,1
synthetic-user-49,prob-graphs-sample-medium-graphs,1
synthetic-user-49,prob-arrays-3sum,1
synthetic-user-49,prob-bank-008,1
synthetic-user-49,prob-bank-002,1
synthetic-user-49,prob-arrays-two-sum,1
synthetic-user-49,prob-tries-sample-easy-tries,1
synthetic-user-49,prob-bank-019,1
synthetic-user-49,prob-heaps-sample-medium-heaps,1
synthetic-user-49,prob-hashing-intersection-of-two-arrays,1
synthetic-user-49,prob-tries-sample-medium-tries,1
synthetic-user-49,prob-bank-037,1
synthetic-user-49,prob-dp-sample-hard-dp,1
synthetic-user-49,prob-bank-033,1
synthetic-user-49,prob-bank-029,1
synthetic-user-49,prob-trees-invert-binary-tree,1
synthetic-user-49,prob-bank-016,1
synthetic-user-49,prob-queues-sliding-window-maximum,1
synthetic-user-50,prob-segmentTrees-sample-medium-segmenttrees,1
synthetic-user-50,prob-stacks-valid-parentheses,1
synthetic-user-50,prob-segmentTrees-sample-hard-segmenttrees,1
synthetic-user-50,prob-bank-031,1
synthetic-user-50,prob-bank-025,1
synthetic-user-50,prob-bitManipulation-sample-hard-bitmanipulation,1
synthetic-user-50,prob-bank-016,1
synthetic-user-50,prob-queues-implement-queue-using-stacks,1
synthetic-user-50,prob-tries-sample-medium-tries,1
synthetic-user-50,prob-greedy-sample-hard-greedy,1
synthetic-user-50,prob-dp-sample-hard-dp,1
synthetic-user-50,prob-hashing-longest-consecutive-sequence,1
synthetic-user-50,prob-trees-binary-tree-level-order-traversal,1
synthetic-user-50,prob-twoPointers-sample-medium-twopointers,1
synthetic-user-50,prob-bank-022,1
synthetic-user-50,prob-bank-003,1
synthetic-user-50,prob-bank-024,1
synthetic-user-50,prob-dp-sample-medium-dp,1
synthetic-user-50,prob-bst-sample-medium-bst,1
synthetic-user-50,prob-bank-012,1
synthetic-user-50,prob-bank-019,1
synthetic-user-50,prob-segmentTrees-sample-easy-segmenttrees,1
synthetic-user-50,prob-graphs-sample-medium-graphs,1
synthetic-user-50,prob-bank-034,1
synthetic-user-50,prob-bank-026,1
synthetic-user-50,prob-bitManipulation-sample-easy-bitmanipulation,1
synthetic-user-50,prob-dp-sample-easy-dp,1
synthetic-user-50,prob-greedy-sample-medium-greedy,1
synthetic-user-51,prob-bank-034,1
synthetic-user-51,prob-arrays-two-sum,1
synthetic-user-51,prob-bank-030,1
synthetic-user-51,prob-bank-014,1
synthetic-user-51,prob-bitManipulation-sample-hard-bitmanipulation,1
synthetic-user-51,prob-bank-039,1
synthetic-user-52,prob-bst-sample-hard-bst,1
synthetic-user-52,prob-bank-018,1
synthetic-user-53,prob-bank-019,1
synthetic-user-53,prob-graphs-sample-medium-graphs,1
synthetic-user-53,prob-bank-022,1
synthetic-user-53,prob-bank-013,1
synthetic-user-53,prob-queues-design-circular-queue,1
synthetic-user-53,prob-bank-004,1
synthetic-user-53,prob-trees-invert-binary-tree,1
synthetic-user-53,prob-tries-sample-easy-tries,1
synthetic-user-53,prob-stacks-valid-parentheses,1
synthetic-user-53,prob-recursion-sample-easy-recursion,1
synthetic-user-53,prob-tries-sample-hard-tries,1
synthetic-user-53,prob-dp-sample-medium-dp,1
synthetic-user-53,prob-bst-sample-easy-bst,1
synthetic-user-53,prob-bank-038,1
synthetic-user-53,prob-stacks-largest-rectangle-in-histogram,1
synthetic-user-53,prob-bank-027,1
synthetic-user-53,prob-bank-033,1
synthetic-user-53,prob-advanced-sample-easy-advanced,1
synthetic-user-53,prob-arrays-best-time-to-buy-and-sell-stock,1
synthetic-user-53,prob-backtracking-sample-easy-backtracking,1
synthetic-user-53,prob-heaps-sample-hard-heaps,1
synthetic-user-53,prob-recursion-sample-medium-recursion,1
synthetic-user-53,prob-linkedLists-add-two-numbers,1
synthetic-user-53,prob-bank-030,1
synthetic-user-53,prob-recursion-sample-hard-recursion,1
synthetic-user-53,prob-bank-036,1
synthetic-user-53,prob-arrays-two-sum,1
synthetic-user-53,prob-linkedLists-reverse-linked-list,1
synthetic-user-53,prob-bitManipulation-sample-medium-bitmanipulation,1
synthetic-user-53,prob-twoPointers-sample-hard-twopointers,1
synthetic-user-54,prob-slidingWindow-sample-medium-slidingwindow,1
synthetic-user-54,prob-bank-004,1
synthetic-user-54,prob-bitManipulation-sample-easy-bitmanipulation,1
synthetic-user-54,prob-tries-sample-hard-tries,1
synthetic-user-54,prob-bank-010,1
synthetic-user-54,prob-queues-implement-queue-using-stacks,1
synthetic-user-55,prob-bank-014,1
synthetic-user-55,prob-bank-024,1
synthetic-user-55,prob-bank-038,1
synthetic-user-55,prob-bank-028,1
synthetic-user-55,prob-graphs-sample-medium-graphs,1
synthetic-user-55,prob-trees-binary-tree-level-order-traversal,1
synthetic-user-55,prob-advanced-sample-easy-advanced,1
synthetic-user-55,prob-stacks-valid-parentheses,1
synthetic-user-55,prob-strings-valid-anagram,1
synthetic-user-55,prob-greedy-sample-medium-greedy,1
synthetic-user-55,prob-arrays-3sum,1
synthetic-user-55,prob-dp-sample-medium-dp,1
synthetic-user-55,prob-backtracking-sample-easy-backtracking,1
synthetic-user-55,prob-queues-design-circular-queue,1
synthetic-user-55,prob-bank-033,1
synthetic-user-55,prob-tries-sample-medium-tries,1
synthetic-user-55,prob-bst-sample-easy-bst,1
synthetic-user-55,prob-bitManipulation-sample-easy-bitmanipulation,1
synthetic-user-55,prob-bank-035,1
synthetic-user-55,prob-bank-026,1
synthetic-user-55,prob-bank-011,1
synthetic-user-55,prob-stacks-largest-rectangle-in-histogram,1
synthetic-user-55,prob-bank-025,1
synthetic-user-55,prob-bank-017,1
synthetic-user-55,prob-bank-002,1
synthetic-user-55,prob-strings-valid-palindrome,1
synthetic-user-56,prob-bst-sample-easy-bst,1
synthetic-user-56,prob-bank-018,1
synthetic-user-56,prob-twoPointers-sample-medium-twopointers,1
synthetic-user-56,prob-trees-binary-tree-level-order-traversal,1
synthetic-user-56,prob-linkedLists-reverse-linked-list,1
synthetic-user-56,prob-queues-implement-queue-using-stacks,1
synthetic-user-56,prob-tries-sample-easy-tries,1
synthetic-user-56,prob-heaps-sample-hard-heaps,1
synthetic-user-56,prob-heaps-sample-easy-heaps,1
synthetic-user-56,prob-slidingWindow-sample-medium-slidingwindow,1
synthetic-user-56,prob-bank-030,1
synthetic-user-56,prob-bank-011,1
synthetic-user-56,prob-bank-033,1
synthetic-user-56,prob-bank-034,1
synthetic-user-56,prob-bank-010,1
synthetic-user-56,prob-backtracking-sample-easy-backtracking,1
synthetic-user-56,prob-bank-025,1
synthetic-user-56,prob-greedy-sample-easy-greedy,1
synthetic-user-56,prob-greedy-sample-hard-greedy,1
synthetic-user-56,prob-recursion-sample-easy-recursion,1
synthetic-user-56,prob-bitManipulation-sample-hard-bitmanipulation,1
synthetic-user-57,prob-bank-003,1
synthetic-user-57,prob-trees-same-tree,1
synthetic-user-57,prob-linkedLists-reverse-linked-list,1
synthetic-user-57,prob-segmentTrees-sample-medium-segmenttrees,1
synthetic-user-57,prob-arrays-two-sum,1
synthetic-user-57,prob-twoPointers-sample-easy-twopointers,1
synthetic-user-57,prob-stacks-largest-rectangle-in-histogram,1
synthetic-user-57,prob-greedy-sample-medium-greedy,1
synthetic-user-57,prob-bank-025,1
synthetic-user-57,prob-bank-021,1
synthetic-user-57,prob-bank-017,1
synthetic-user-57,prob-bank-002,1
synthetic-user-57,prob-heaps-sample-medium-heaps,1
synthetic-user-57,prob-queues-implement-queue-using-stacks,1
synthetic-user-57,prob-strings-valid-palindrome,1
synthetic-user-57,prob-heaps-sample-hard-heaps,1
synthetic-user-57,prob-bst-sample-easy-bst,1
synthetic-user-57,prob-bank-022,1
synthetic-user-58,prob-bank-001,1
synthetic-user-58,prob-queues-sliding-window-maximum,1
synthetic-user-58,prob-dp-sample-easy-dp,1
synthetic-user-59,prob-bank-003,1
synthetic-user-59,prob-bank-025,1
synthetic-user-59,prob-backtracking-sample-easy-backtracking,1
synthetic-user-59,prob-stacks-largest-rectangle-in-histogram,1
synthetic-user-59,prob-bank-023,1
synthetic-user-59,prob-bank-010,1
synthetic-user-59,prob-bitManipulation-sample-medium-bitmanipulation,1
synthetic-user-59,prob-bst-sample-hard-bst,1
synthetic-user-59,prob-segmentTrees-sample-hard-segmenttrees,1
synthetic-user-59,prob-bitManipulation-sample-easy-bitmanipulation,1
synthetic-user-59,prob-advanced-sample-easy-advanced,1
synthetic-user-59,prob-strings-longest-substring-without-repeating-characters,1
synthetic-user-59,prob-twoPointers-sample-hard-twopointers,1
synthetic-user-59,prob-advanced-sample-hard-advanced,1
synthetic-user-59,prob-graphs-sample-medium-graphs,1
synthetic-user-59,prob-backtracking-sample-medium-backtracking,1
synthetic-user-60,prob-trees-same-tree,1
synthetic-user-60,prob-bank-037,1
synthetic-user-61,prob-bank-026,1
synthetic-user-61,prob-tries-sample-hard-tries,1
synthetic-user-61,prob-bank-010,1
synthetic-user-62,prob-bank-016,1
synthetic-user-62,prob-graphs-sample-hard-graphs,1
synthetic-user-62,prob-bank-011,1
synthetic-user-62,prob-linkedLists-merge-two-sorted-lists,1
synthetic-user-62,prob-bitManipulation-sample-medium-bitmanipulation,1
synthetic-user-62,prob-bank-007,1
synthetic-user-62,prob-slidingWindow-sample-hard-slidingwindow,1
synthetic-user-62,prob-bank-009,1
synthetic-user-62,prob-bank-028,1
synthetic-user-62,prob-bank-001,1
synthetic-user-62,prob-bank-014,1
synthetic-user-62,prob-recursion-sample-easy-recursion,1
synthetic-user-62,prob-bank-031,1
synthetic-user-62,prob-greedy-sample-hard-greedy,1
synthetic-user-62,prob-stacks-evaluate-reverse-polish-notation,1
synthetic-user-62,prob-bitManipulation-sample-hard-bitmanipulation,1
synthetic-user-62,prob-strings-valid-anagram,1
synthetic-user-62,prob-bank-005,1
synthetic-user-62,prob-bank-030,1
synthetic-user-62,prob-bank-035,1
synthetic-user-62,prob-bank-022,1
synthetic-user-62,prob-trees-invert-binary-tree,1
synthetic-user-62,prob-hashing-contains-duplicate,1
synthetic-user-62,prob-advanced-sample-easy-advanced,1
synthetic-user-62,prob-bst-sample-medium-bst,1
synthetic-user-63,prob-heaps-sample-easy-heaps,1
synthetic-user-63,prob-hashing-intersection-of-two-arrays,1
synthetic-user-63,prob-strings-longest-substring-without-repeating-characters,1
synthetic-user-63,prob-twoPointers-sample-easy-twopointers,1
synthetic-user-63,prob-stacks-evaluate-reverse-polish-notation,1
synthetic-user-63,prob-bank-028,1
synthetic-user-63,prob-twoPointers-sample-medium-twopointers,1
synthetic-user-64,prob-bank-021,1
synthetic-user-64,prob-trees-invert-binary-tree,1
synthetic-user-64,prob-bank-017,1
synthetic-user-64,prob-backtracking-sample-easy-backtracking,1
synthetic-user-64,prob-dp-sample-medium-dp,1
synthetic-user-64,prob-bank-034,1
synthetic-user-64,prob-linkedLists-add-two-numbers,1
synthetic-user-64,prob-stacks-largest-rectangle-in-histogram,1
synthetic-user-64,prob-bitManipulation-sample-medium-bitmanipulation,1
synthetic-user-64,prob-bank-012,1
synthetic-user-64,prob-bitManipulation-sample-hard-bitmanipulation,1
synthetic-user-64,prob-bank-011,1
synthetic-user-64,prob-dp-sample-hard-dp,1
synthetic-user-64,prob-backtracking-sample-hard-backtracking,1
synthetic-user-64,prob-bank-007,1
synthetic-user-64,prob-advanced-sample-medium-advanced,1
synthetic-user-64,prob-arrays-best-time-to-buy-and-sell-stock,1
synthetic-user-64,prob-bank-020,1
synthetic-user-64,prob-bank-016,1
synthetic-user-64,prob-bank-026,1
synthetic-user-64,prob-slidingWindow-sample-hard-slidingwindow,1
synthetic-user-64,prob-queues-sliding-window-maximum,1
synthetic-user-64,prob-bank-023,1
synthetic-user-64,prob-trees-same-tree,1
synthetic-user-64,prob-bank-039,1
synthetic-user-64,prob-bank-013,1
synthetic-user-64,prob-queues-implement-queue-using-stacks,1
synthetic-user-65,prob-bank-040,1
synthetic-user-65,prob-queues-implement-queue-using-stacks,1
synthetic-user-65,prob-greedy-sample-easy-greedy,1
synthetic-user-65,prob-bank-009,1
synthetic-user-65,prob-tries-sample-hard-tries,1
synthetic-user-65,prob-slidingWindow-sample-medium-slidingwindow,1
synthetic-user-65,prob-backtracking-sample-easy-backtracking,1
synthetic-user-65,prob-bitManipulation-sample-medium-bitmanipulation,1
synthetic-user-65,prob-bank-024,1
synthetic-user-65,prob-bank-003,1
synthetic-user-65,prob-bank-014,1
synthetic-user-65,prob-bank-018,1
synthetic-user-65,prob-bank-001,1
synthetic-user-65,prob-strings-valid-anagram,1
synthetic-user-65,prob-bst-sample-medium-bst,1
synthetic-user-65,prob-backtracking-sample-hard-backtracking,1
synthetic-user-65,prob-slidingWindow-sample-easy-slidingwindow,1
synthetic-user-65,prob-trees-invert-binary-tree,1
synthetic-user-65,prob-bank-020,1
synthetic-user-66,prob-bank-029,1
synthetic-user-66,prob-slidingWindow-sample-easy-slidingwindow,1
synthetic-user-66,prob-strings-valid-anagram,1
synthetic-user-66,prob-bitManipulation-sample-hard-bitmanipulation,1
synthetic-user-66,prob-tries-sample-easy-tries,1
synthetic-user-66,prob-bank-040,1
synthetic-user-66,prob-recursion-sample-easy-recursion,1
synthetic-user-66,prob-linkedLists-reverse-linked-list,1
synthetic-user-66,prob-bank-001,1
synthetic-user-66,prob-backtracking-sample-medium-backtracking,1
synthetic-user-66,prob-segmentTrees-sample-hard-segmenttrees,1
synthetic-user-66,prob-arrays-3sum,1
synthetic-user-66,prob-tries-sample-medium-tries,1
synthetic-user-66,prob-greedy-sample-hard-greedy,1
synthetic-user-66,prob-dp-sample-easy-dp,1
synthetic-user-66,prob-backtracking-sample-hard-backtracking,1
synthetic-user-66,prob-bank-003,1
synthetic-user-66,prob-queues-implement-queue-using-stacks,1
synthetic-user-66,prob-graphs-sample-hard-graphs,1
synthetic-user-66,prob-hashing-longest-consecutive-sequence,1
synthetic-user-66,prob-bank-027,1
synthetic-user-66,prob-twoPointers-sample-hard-twopointers,1
synthetic-user-67,prob-bank-034,1
synthetic-user-67,prob-slidingWindow-sample-hard-slidingwindow,1
synthetic-user-67,prob-bank-018,1
synthetic-user-67,prob-bank-023,1
synthetic-user-67,prob-stacks-largest-rectangle-in-histogram,1
synthetic-user-67,prob-heaps-sample-easy-heaps,1
synthetic-user-67,prob-twoPointers-sample-hard-twopointers,1
synthetic-user-67,prob-graphs-sample-easy-graphs,1
synthetic-user-67,prob-slidingWindow-sample-medium-slidingwindow,1
synthetic-user-68,prob-bank-007,1
synthetic-user-68,prob-segmentTrees-sample-hard-segmenttrees,1
synthetic-user-68,prob-linkedLists-merge-two-sorted-lists,1
synthetic-user-68,prob-bank-006,1
synthetic-user-68,prob-trees-binary-tree-level-order-traversal,1
synthetic-user-68,prob-linkedLists-add-two-numbers,1
synthetic-user-68,prob-dp-sample-easy-dp,1
synthetic-user-68,prob-bank-031,1
synthetic-user-68,prob-bank-005,1
synthetic-user-68,prob-slidingWindow-sample-easy-slidingwindow,1
synthetic-user-68,prob-hashing-longest-consecutive-sequence,1
synthetic-user-68,prob-bank-008,1
synthetic-user-68,prob-bank-013,1
synthetic-user-68,prob-strings-valid-palindrome,1
synthetic-user-68,prob-bst-sample-medium-bst,1
synthetic-user-68,prob-heaps-sample-easy-heaps,1
synthetic-user-68,prob-heaps-sample-medium-heaps,1
synthetic-user-68,prob-bank-038,1
synthetic-user-68,prob-recursion-sample-medium-recursion,1
synthetic-user-68,prob-strings-valid-anagram,1
synthetic-user-68,prob-advanced-sample-medium-advanced,1
synthetic-user-68,prob-linkedLists-reverse-linked-list,1
synthetic-user-68,prob-segmentTrees-sample-medium-segmenttrees,1
synthetic-user-68,prob-bank-024,1
synthetic-user-68,prob-backtracking-sample-hard-backtracking,1
synthetic-user-69,prob-advanced-sample-hard-advanced,1
synthetic-user-69,prob-bank-005,1
synthetic-user-69,prob-bitManipulation-sample-hard-bitmanipulation,1
synthetic-user-69,prob-bank-022,1
synthetic-user-69,prob-hashing-contains-duplicate,1
synthetic-user-69,prob-bank-028,1
synthetic-user-69,prob-strings-valid-palindrome,1
synthetic-user-69,prob-recursion-sample-easy-recursion,1
synthetic-user-69,prob-segmentTrees-sample-hard-segmenttrees,1
synthetic-user-69,prob-bank-003,1
synthetic-user-69,prob-bank-017,1
synthetic-user-69,prob-advanced-sample-easy-advanced,1
synthetic-user-69,prob-bst-sample-medium-bst,1
synthetic-user-69,prob-bank-001,1
synthetic-user-69,prob-bank-016,1
synthetic-user-69,prob-bank-011,1
synthetic-user-69,prob-tries-sample-hard-tries,1
synthetic-user-69,prob-bank-024,1
synthetic-user-69,prob-trees-binary-tree-level-order-traversal,1
synthetic-user-69,prob-backtracking-sample-easy-backtracking,1
synthetic-user-69,prob-stacks-largest-rectangle-in-histogram,1
synthetic-user-69,prob-greedy-sample-easy-greedy,1
synthetic-user-69,prob-bank-034,1
synthetic-user-69,prob-bitManipulation-sample-medium-bitmanipulation,1
synthetic-user-69,prob-linkedLists-reverse-linked-list,1
synthetic-user-69,prob-bank-037,1
synthetic-user-69,prob-bank-014,1
synthetic-user-70,prob-graphs-sample-medium-graphs,1
synthetic-user-70,prob-bank-023,1
synthetic-user-70,prob-bank-040,1
synthetic-user-70,prob-bank-027,1
synthetic-user-70,prob-heaps-sample-hard-heaps,1
synthetic-user-70,prob-backtracking-sample-medium-backtracking,1
synthetic-user-70,prob-bank-024,1
synthetic-user-70,prob-slidingWindow-sample-medium-slidingwindow,1
synthetic-user-70,prob-bank-006,1
synthetic-user-70,prob-arrays-3sum,1
synthetic-user-70,prob-bank-028,1
synthetic-user-70,prob-arrays-best-time-to-buy-and-sell-stock,1
synthetic-user-70,prob-bank-001,1
synthetic-user-70,prob-hashing-intersection-of-two-arrays,1
synthetic-user-70,prob-bank-039,1
synthetic-user-70,prob-bst-sample-medium-bst,1
synthetic-user-70,prob-bank-017,1
synthetic-user-70,prob-bank-029,1
synthetic-user-70,prob-bank-038,1
synthetic-user-70,prob-recursion-sample-hard-recursion,1
synthetic-user-70,prob-bank-018,1
synthetic-user-70,prob-dp-sample-easy-dp,1
synthetic-user-70,prob-backtracking-sample-hard-backtracking,1
synthetic-user-70,prob-twoPointers-sample-easy-twopointers,1
synthetic-user-70,prob-bitManipulation-sample-easy-bitmanipulation,1
synthetic-user-70,prob-tries-sample-hard-tries,1
synthetic-user-70,prob-advanced-sample-medium-advanced,1
synthetic-user-70,prob-bank-021,1
synthetic-user-71,prob-greedy-sample-hard-greedy,1
synthetic-user-71,prob-bank-027,1
synthetic-user-71,prob-bank-007,1
synthetic-user-71,prob-bank-020,1
synthetic-user-71,prob-bitManipulation-sample-hard-bitmanipulation,1
synthetic-user-71,prob-bank-015,1
synthetic-user-71,prob-queues-design-circular-queue,1
synthetic-user-71,prob-arrays-two-sum,1
synthetic-user-71,prob-bank-006,1
synthetic-user-71,prob-bank-025,1
synthetic-user-71,prob-segmentTrees-sample-hard-segmenttrees,1
synthetic-user-71,prob-bank-012,1
synthetic-user-71,prob-bank-023,1
synthetic-user-71,prob-bank-017,1
synthetic-user-71,prob-bank-018,1
synthetic-user-72,prob-bank-028,1
synthetic-user-72,prob-queues-design-circular-queue,1
synthetic-user-72,prob-bank-002,1
synthetic-user-72,prob-linkedLists-add-two-numbers,1
synthetic-user-72,prob-tries-sample-medium-tries,1
synthetic-user-72,prob-backtracking-sample-hard-backtracking,1
synthetic-user-72,prob-bank-022,1
synthetic-user-72,prob-dp-sample-hard-dp,1
synthetic-user-72,prob-backtracking-sample-easy-backtracking,1
synthetic-user-72,prob-bank-024,1
synthetic-user-73,prob-trees-same-tree,1
synthetic-user-73,prob-bank-007,1
synthetic-user-73,prob-bank-038,1
synthetic-user-73,prob-recursion-sample-easy-recursion,1
synthetic-user-73,prob-linkedLists-merge-two-sorted-lists,1
synthetic-user-73,prob-bank-017,1
synthetic-user-73,prob-slidingWindow-sample-easy-slidingwindow,1
synthetic-user-74,prob-hashing-longest-consecutive-sequence,1
synthetic-user-74,prob-bank-033,1
synthetic-user-74,prob-strings-valid-palindrome,1
synthetic-user-74,prob-bank-024,1
synthetic-user-74,prob-bank-004,1
synthetic-user-74,prob-greedy-sample-medium-greedy,1
synthetic-user-74,prob-backtracking-sample-easy-backtracking,1
synthetic-user-74,prob-slidingWindow-sample-hard-slidingwindow,1
synthetic-user-74,prob-slidingWindow-sample-easy-slidingwindow,1
synthetic-user-74,prob-bitManipulation-sample-medium-bitmanipulation,1
synthetic-user-74,prob-strings-valid-anagram,1
synthetic-user-74,prob-bank-015,1
synthetic-user-74,prob-bank-014,1
synthetic-user-74,prob-heaps-sample-easy-heaps,1
synthetic-user-74,prob-tries-sample-medium-tries,1
synthetic-user-74,prob-graphs-sample-medium-graphs,1
synthetic-user-74,prob-bank-009,1
synthetic-user-74,prob-bank-022,1
synthetic-user-74,prob-bank-001,1
synthetic-user-74,prob-segmentTrees-sample-easy-segmenttrees,1
synthetic-user-74,prob-bank-005,1
synthetic-user-74,prob-greedy-sample-hard-greedy,1
synthetic-user-75,prob-bank-025,1
synthetic-user-75,prob-bank-012,1
synthetic-user-75,prob-bst-sample-hard-bst,1
synthetic-user-75,prob-greedy-sample-medium-greedy,1
synthetic-user-75,prob-queues-implement-queue-using-stacks,1
synthetic-user-75,prob-bank-001,1
synthetic-user-75,prob-hashing-intersection-of-two-arrays,1
synthetic-user-75,prob-backtracking-sample-easy-backtracking,1
synthetic-user-75,prob-bank-039,1
synthetic-user-75,prob-bank-038,1
synthetic-user-75,prob-bank-028,1
synthetic-user-75,prob-tries-sample-easy-tries,1
synthetic-user-75,prob-bank-024,1
synthetic-user-75,prob-stacks-largest-rectangle-in-histogram,1
synthetic-user-75,prob-graphs-sample-medium-graphs,1
synthetic-user-75,prob-segmentTrees-sample-easy-segmenttrees,1
synthetic-user-75,prob-bank-026,1
synthetic-user-75,prob-dp-sample-easy-dp,1
synthetic-user-75,prob-slidingWindow-sample-hard-slidingwindow,1
synthetic-user-75,prob-bank-029,1
synthetic-user-75,prob-segmentTrees-sample-hard-segmenttrees,1
synthetic-user-75,prob-bank-033,1
synthetic-user-75,prob-bank-015,1
synthetic-user-75,prob-bank-037,1
synthetic-user-75,prob-advanced-sample-hard-advanced,1
synthetic-user-75,prob-hashing-contains-duplicate,1
synthetic-user-75,prob-bank-035,1
synthetic-user-76,prob-bank-022,1
synthetic-user-76,prob-bank-015,1
synthetic-user-76,prob-bank-039,1
synthetic-user-76,prob-bank-020,1
synthetic-user-76,prob-stacks-valid-parentheses,1
synthetic-user-76,prob-bank-001,1
synthetic-user-76,prob-heaps-sample-easy-heaps,1
synthetic-user-76,prob-bank-005,1
synthetic-user-76,prob-hashing-contains-duplicate,1
synthetic-user-76,prob-bank-028,1
synthetic-user-76,prob-bitManipulation-sample-easy-bitmanipulation,1
synthetic-user-76,prob-bank-008,1
synthetic-user-76,prob-greedy-sample-hard-greedy,1
synthetic-user-76,prob-slidingWindow-sample-medium-slidingwindow,1
synthetic-user-76,prob-linkedLists-reverse-linked-list,1
synthetic-user-76,prob-trees-same-tree,1
synthetic-user-76,prob-hashing-longest-consecutive-sequence,1
synthetic-user-76,prob-heaps-sample-medium-heaps,1
synthetic-user-76,prob-tries-sample-medium-tries,1
synthetic-user-76,prob-bank-027,1
synthetic-user-76,prob-bank-013,1
synthetic-user-76,prob-advanced-sample-medium-advanced,1
synthetic-user-76,prob-trees-invert-binary-tree,1
synthetic-user-76,prob-dp-sample-medium-dp,1
synthetic-user-76,prob-bst-sample-hard-bst,1
synthetic-user-76,prob-stacks-evaluate-reverse-polish-notation,1
synthetic-user-76,prob-bank-003,1
synthetic-user-76,prob-tries-sample-easy-tries,1
synthetic-user-77,prob-bank-022,1
synthetic-user-77,prob-linkedLists-merge-two-sorted-lists,1
synthetic-user-77,prob-arrays-two-sum,1
synthetic-user-77,prob-advanced-sample-easy-advanced,1
synthetic-user-77,prob-backtracking-sample-hard-backtracking,1
synthetic-user-77,prob-heaps-sample-hard-heaps,1
synthetic-user-77,prob-bank-038,1
synthetic-user-77,prob-bank-040,1
synthetic-user-77,prob-bst-sample-easy-bst,1
synthetic-user-77,prob-bank-014,1
synthetic-user-77,prob-trees-binary-tree-level-order-traversal,1
synthetic-user-78,prob-bank-038,1
synthetic-user-78,prob-stacks-largest-rectangle-in-histogram,1
synthetic-user-78,prob-hashing-intersection-of-two-arrays,1
synthetic-user-78,prob-bank-019,1
synthetic-user-78,prob-twoPointers-sample-medium-twopointers,1
synthetic-user-78,prob-bank-022,1
synthetic-user-78,prob-twoPointers-sample-easy-twopointers,1
synthetic-user-78,prob-slidingWindow-sample-easy-slidingwindow,1
synthetic-user-78,prob-bank-034,1
synthetic-user-78,prob-bank-002,1
synthetic-user-78,prob-bitManipulation-sample-medium-bitmanipulation,1
synthetic-user-78,prob-arrays-two-sum,1
synthetic-user-78,prob-strings-valid-anagram,1
synthetic-user-78,prob-bank-009,1
synthetic-user-78,prob-heaps-sample-medium-heaps,1
synthetic-user-78,prob-segmentTrees-sample-hard-segmenttrees,1
synthetic-user-78,prob-arrays-best-time-to-buy-and-sell-stock,1
synthetic-user-78,prob-dp-sample-hard-dp,1
synthetic-user-78,prob-bank-008,1
synthetic-user-78,prob-heaps-sample-easy-heaps,1
synthetic-user-78,prob-arrays-3sum,1
synthetic-user-78,prob-bank-029,1
synthetic-user-78,prob-recursion-sample-medium-recursion,1
synthetic-user-78,prob-graphs-sample-medium-graphs,1
synthetic-user-78,prob-tries-sample-hard-tries,1
synthetic-user-78,prob-dp-sample-easy-dp,1
synthetic-user-79,prob-bitManipulation-sample-medium-bitmanipulation,1
synthetic-user-79,prob-bank-005,1
synthetic-user-79,prob-bank-016,1
synthetic-user-79,prob-dp-sample-easy-dp,1
synthetic-user-80,prob-strings-longest-substring-without-repeating-characters,1
synthetic-user-80,prob-greedy-sample-hard-greedy,1
synthetic-user-80,prob-greedy-sample-medium-greedy,1
synthetic-user-81,prob-bank-007,1
synthetic-user-81,prob-bank-017,1
synthetic-user-81,prob-bank-008,1
synthetic-user-81,prob-tries-sample-medium-tries,1
synthetic-user-81,prob-twoPointers-sample-medium-twopointers,1
synthetic-user-81,prob-bank-028,1
synthetic-user-81,prob-hashing-longest-consecutive-sequence,1
synthetic-user-81,prob-bank-037,1
synthetic-user-81,prob-bank-003,1
synthetic-user-81,prob-segmentTrees-sample-easy-segmenttrees,1
synthetic-user-81,prob-heaps-sample-easy-heaps,1
synthetic-user-81,prob-bst-sample-easy-bst,1
synthetic-user-81,prob-slidingWindow-sample-easy-slidingwindow,1
synthetic-user-81,prob-arrays-3sum,1
synthetic-user-81,prob-graphs-sample-hard-graphs,1
synthetic-user-81,prob-graphs-sample-medium-graphs,1
synthetic-user-81,prob-hashing-intersection-of-two-arrays,1
synthetic-user-81,prob-graphs-sample-easy-graphs,1
synthetic-user-81,prob-bank-027,1
synthetic-user-81,prob-bank-016,1
synthetic-user-81,prob-bank-005,1
synthetic-user-81,prob-bank-029,1
synthetic-user-81,prob-hashing-contains-duplicate,1
synthetic-user-81,prob-segmentTrees-sample-medium-segmenttrees,1
synthetic-user-82,prob-bank-022,1
synthetic-user-82,prob-recursion-sample-hard-recursion,1
synthetic-user-82,prob-bank-039,1
synthetic-user-82,prob-bank-009,1
synthetic-user-82,prob-bank-020,1
synthetic-user-82,prob-linkedLists-reverse-linked-list,1
synthetic-user-82,prob-bank-017,1
synthetic-user-82,prob-bank-025,1
synthetic-user-82,prob-queues-design-circular-queue,1
synthetic-user-82,prob-bank-024,1
synthetic-user-82,prob-arrays-3sum,1
synthetic-user-82,prob-bank-029,1
synthetic-user-82,prob-queues-sliding-window-maximum,1
synthetic-user-83,prob-bitManipulation-sample-easy-bitmanipulation,1
synthetic-user-83,prob-hashing-contains-duplicate,1
synthetic-user-83,prob-bank-011,1
synthetic-user-83,prob-recursion-sample-hard-recursion,1
synthetic-user-83,prob-bank-001,1
synthetic-user-83,prob-bank-030,1
synthetic-user-83,prob-trees-same-tree,1
synthetic-user-83,prob-heaps-sample-hard-heaps,1
synthetic-user-83,prob-bank-029,1
synthetic-user-83,prob-bank-028,1
synthetic-user-83,prob-bank-021,1
synthetic-user-83,prob-arrays-best-time-to-buy-and-sell-stock,1
synthetic-user-83,prob-greedy-sample-hard-greedy,1
synthetic-user-83,prob-slidingWindow-sample-hard-slidingwindow,1
synthetic-user-83,prob-bank-025,1
synthetic-user-84,prob-bank-007,1
synthetic-user-84,prob-backtracking-sample-medium-backtracking,1
synthetic-user-84,prob-bank-020,1
synthetic-user-84,prob-bank-018,1
synthetic-user-84,prob-bank-030,1
synthetic-user-84,prob-hashing-longest-consecutive-sequence,1
synthetic-user-84,prob-slidingWindow-sample-hard-slidingwindow,1
synthetic-user-84,prob-queues-design-circular-queue,1
synthetic-user-84,prob-bank-006,1
synthetic-user-84,prob-bank-038,1
synthetic-user-84,prob-hashing-contains-duplicate,1
synthetic-user-84,prob-greedy-sample-easy-greedy,1
synthetic-user-84,prob-queues-sliding-window-maximum,1
synthetic-user-84,prob-bank-033,1
synthetic-user-84,prob-bank-004,1
synthetic-user-84,prob-heaps-sample-medium-heaps,1
synthetic-user-84,prob-bank-037,1
synthetic-user-84,prob-bank-025,1
synthetic-user-84,prob-backtracking-sample-easy-backtracking,1
synthetic-user-84,prob-bank-040,1
synthetic-user-84,prob-bank-023,1
synthetic-user-84,prob-segmentTrees-sample-easy-segmenttrees,1
synthetic-user-85,prob-trees-binary-tree-level-order-traversal,1
synthetic-user-85,prob-strings-longest-substring-without-repeating-characters,1
synthetic-user-85,prob-bank-011,1
synthetic-user-85,prob-bank-004,1
synthetic-user-85,prob-heaps-sample-hard-heaps,1
synthetic-user-85,prob-bank-029,1
synthetic-user-85,prob-bank-002,1
synthetic-user-85,prob-tries-sample-easy-tries,1
synthetic-user-85,prob-recursion-sample-easy-recursion,1
synthetic-user-85,prob-arrays-two-sum,1
synthetic-user-86,prob-stacks-largest-rectangle-in-histogram,1
synthetic-user-86,prob-queues-sliding-window-maximum,1
synthetic-user-86,prob-bank-014,1
synthetic-user-86,prob-bank-026,1
synthetic-user-86,prob-bank-004,1
synthetic-user-86,prob-trees-same-tree,1
synthetic-user-86,prob-bank-040,1
synthetic-user-86,prob-bank-006,1
synthetic-user-86,prob-stacks-valid-parentheses,1
synthetic-user-86,prob-queues-implement-queue-using-stacks,1
synthetic-user-86,prob-recursion-sample-hard-recursion,1
synthetic-user-86,prob-bank-023,1
synthetic-user-86,prob-graphs-sample-hard-graphs,1
synthetic-user-86,prob-advanced-sample-medium-advanced,1
synthetic-user-86,prob-greedy-sample-medium-greedy,1
synthetic-user-86,prob-backtracking-sample-easy-backtracking,1
synthetic-user-86,prob-advanced-sample-hard-advanced,1
synthetic-user-86,prob-linkedLists-reverse-linked-list,1
synthetic-user-86,prob-bank-031,1
synthetic-user-86,prob-bst-sample-medium-bst,1
synthetic-user-86,prob-strings-longest-substring-without-repeating-characters,1
synthetic-user-86,prob-bank-037,1
synthetic-user-87,prob-bank-027,1
synthetic-user-87,prob-dp-sample-medium-dp,1
synthetic-user-87,prob-twoPointers-sample-easy-twopointers,1
synthetic-user-87,prob-bank-035,1
synthetic-user-87,prob-queues-sliding-window-maximum,1
synthetic-user-87,prob-queues-implement-queue-using-stacks,1
synthetic-user-87,prob-strings-longest-substring-without-repeating-characters,1
synthetic-user-87,prob-arrays-best-time-to-buy-and-sell-stock,1
synthetic-user-87,prob-hashing-longest-consecutive-sequence,1
synthetic-user-87,prob-bank-025,1
synthetic-user-87,prob-bank-023,1
synthetic-user-87,prob-bst-sample-easy-bst,1
synthetic-user-87,prob-tries-sample-easy-tries,1
synthetic-user-87,prob-segmentTrees-sample-easy-segmenttrees,1
synthetic-user-87,prob-twoPointers-sample-hard-twopointers,1
synthetic-user-87,prob-bank-020,1
synthetic-user-87,prob-backtracking-sample-medium-backtracking,1
synthetic-user-87,prob-stacks-largest-rectangle-in-histogram,1
synthetic-user-87,prob-segmentTrees-sample-hard-segmenttrees,1
synthetic-user-87,prob-tries-sample-medium-tries,1
synthetic-user-87,prob-bst-sample-hard-bst,1
synthetic-user-87,prob-bank-036,1
synthetic-user-87,prob-slidingWindow-sample-easy-slidingwindow,1
synthetic-user-87,prob-bank-018,1
synthetic-user-87,prob-advanced-sample-medium-advanced,1
synthetic-user-87,prob-bank-024,1
synthetic-user-88,prob-bank-002,1
synthetic-user-88,prob-slidingWindow-sample-hard-slidingwindow,1
synthetic-user-88,prob-bank-024,1
synthetic-user-88,prob-bst-sample-easy-bst,1
synthetic-user-88,prob-queues-sliding-window-maximum,1
synthetic-user-88,prob-hashing-intersection-of-two-arrays,1
synthetic-user-88,prob-bank-030,1
synthetic-user-88,prob-bank-033,1
synthetic-user-88,prob-linkedLists-merge-two-sorted-lists,1
synthetic-user-88,prob-trees-binary-tree-level-order-traversal,1
synthetic-user-88,prob-queues-design-circular-queue,1
synthetic-user-88,prob-bank-039,1
synthetic-user-88,prob-bank-016,1
synthetic-user-88,prob-bank-040,1
synthetic-user-88,prob-bank-013,1
synthetic-user-88,prob-twoPointers-sample-hard-twopointers,1
synthetic-user-88,prob-bst-sample-hard-bst,1
synthetic-user-88,prob-bank-019,1
synthetic-user-88,prob-bitManipulation-sample-easy-bitmanipulation,1
synthetic-user-88,prob-segmentTrees-sample-easy-segmenttrees,1
synthetic-user-88,prob-bank-023,1
synthetic-user-88,prob-strings-valid-palindrome,1
synthetic-user-88,prob-bank-035,1
synthetic-user-89,prob-bank-003,1
synthetic-user-89,prob-queues-sliding-window-maximum,1
synthetic-user-89,prob-slidingWindow-sample-medium-slidingwindow,1
synthetic-user-89,prob-twoPointers-sample-hard-twopointers,1
synthetic-user-89,prob-strings-longest-substring-without-repeating-characters,1
synthetic-user-89,prob-linkedLists-add-two-numbers,1
synthetic-user-89,prob-backtracking-sample-easy-backtracking,1
synthetic-user-89,prob-bank-024,1
synthetic-user-89,prob-dp-sample-medium-dp,1
synthetic-user-89,prob-arrays-best-time-to-buy-and-sell-stock,1
synthetic-user-89,prob-bank-027,1
synthetic-user-89,prob-bank-008,1
synthetic-user-89,prob-bank-014,1
synthetic-user-89,prob-bank-013,1
synthetic-user-89,prob-graphs-sample-medium-graphs,1
synthetic-user-89,prob-tries-sample-medium-tries,1
synthetic-user-89,prob-bank-007,1
synthetic-user-89,prob-bank-033,1
synthetic-user-89,prob-bank-020,1
synthetic-user-89,prob-queues-implement-queue-using-stacks,1
synthetic-user-89,prob-twoPointers-sample-medium-twopointers,1
synthetic-user-89,prob-recursion-sample-medium-recursion,1
synthetic-user-89,prob-bank-002,1
synthetic-user-89,prob-tries-sample-hard-tries,1
synthetic-user-89,prob-bitManipulation-sample-medium-bitmanipulation,1
synthetic-user-89,prob-trees-same-tree,1
synthetic-user-89,prob-bank-012,1
synthetic-user-89,prob-linkedLists-reverse-linked-list,1
synthetic-user-89,prob-bank-031,1
synthetic-user-89,prob-trees-binary-tree-level-order-traversal,1
synthetic-user-90,prob-bank-001,1
synthetic-user-90,prob-bank-004,1
synthetic-user-90,prob-bst-sample-easy-bst,1
synthetic-user-90,prob-stacks-valid-parentheses,1
synthetic-user-90,prob-bank-003,1
synthetic-user-90,prob-dp-sample-hard-dp,1
synthetic-user-90,prob-recursion-sample-easy-recursion,1
synthetic-user-90,prob-tries-sample-easy-tries,1
synthetic-user-90,prob-backtracking-sample-hard-backtracking,1
synthetic-user-90,prob-linkedLists-reverse-linked-list,1
synthetic-user-90,prob-bank-005,1
synthetic-user-90,prob-graphs-sample-medium-graphs,1
synthetic-user-90,prob-bank-011,1
synthetic-user-90,prob-bank-023,1
synthetic-user-90,prob-bitManipulation-sample-easy-bitmanipulation,1
synthetic-user-90,prob-slidingWindow-sample-easy-slidingwindow,1
synthetic-user-90,prob-bank-034,1
synthetic-user-90,prob-stacks-evaluate-reverse-polish-notation,1
synthetic-user-90,prob-advanced-sample-medium-advanced,1
synthetic-user-90,prob-twoPointers-sample-hard-twopointers,1
synthetic-user-90,prob-bank-014,1
synthetic-user-90,prob-advanced-sample-easy-advanced,1
synthetic-user-90,prob-stacks-largest-rectangle-in-histogram,1
synthetic-user-90,prob-bank-039,1
synthetic-user-90,prob-bank-019,1
synthetic-user-90,prob-dp-sample-medium-dp,1
synthetic-user-90,prob-hashing-contains-duplicate,1
synthetic-user-90,prob-bank-017,1
synthetic-user-91,prob-slidingWindow-sample-easy-slidingwindow,1
synthetic-user-91,prob-slidingWindow-sample-medium-slidingwindow,1
synthetic-user-91,prob-strings-valid-anagram,1
synthetic-user-91,prob-bank-012,1
synthetic-user-92,prob-stacks-largest-rectangle-in-histogram,1
synthetic-user-93,prob-bank-022,1
synthetic-user-93,prob-greedy-sample-hard-greedy,1
synthetic-user-93,prob-bank-006,1
synthetic-user-93,prob-bank-012,1
synthetic-user-93,prob-heaps-sample-hard-heaps,1
synthetic-user-93,prob-bank-024,1
synthetic-user-93,prob-bank-026,1
synthetic-user-93,prob-advanced-sample-medium-advanced,1
synthetic-user-93,prob-tries-sample-medium-tries,1
synthetic-user-93,prob-segmentTrees-sample-medium-segmenttrees,1
synthetic-user-93,prob-linkedLists-reverse-linked-list,1
synthetic-user-93,prob-graphs-sample-medium-graphs,1
synthetic-user-93,prob-tries-sample-easy-tries,1
synthetic-user-93,prob-bank-039,1
synthetic-user-93,prob-bank-020,1
synthetic-user-93,prob-bank-017,1
synthetic-user-93,prob-bank-001,1
synthetic-user-93,prob-bank-032,1
synthetic-user-93,prob-bank-025,1
synthetic-user-93,prob-advanced-sample-easy-advanced,1
synthetic-user-94,prob-bank-038,1
synthetic-user-94,prob-bank-025,1
synthetic-user-94,prob-graphs-sample-medium-graphs,1
synthetic-user-94,prob-arrays-two-sum,1
synthetic-user-95,prob-bank-022,1
synthetic-user-95,prob-greedy-sample-medium-greedy,1
synthetic-user-95,prob-bank-011,1
synthetic-user-95,prob-bank-007,1
synthetic-user-95,prob-segmentTrees-sample-hard-segmenttrees,1
synthetic-user-95,prob-bank-030,1
synthetic-user-95,prob-queues-design-circular-queue,1
synthetic-user-95,prob-strings-longest-substring-without-repeating-characters,1
synthetic-user-95,prob-bst-sample-easy-bst,1
synthetic-user-95,prob-bank-004,1
synthetic-user-95,prob-hashing-longest-consecutive-sequence,1
synthetic-user-95,prob-bank-032,1
synthetic-user-96,prob-recursion-sample-hard-recursion,1
synthetic-user-96,prob-bank-019,1
synthetic-user-96,prob-heaps-sample-medium-heaps,1
synthetic-user-96,prob-heaps-sample-easy-heaps,1
synthetic-user-97,prob-bitManipulation-sample-hard-bitmanipulation,1
synthetic-user-97,prob-graphs-sample-easy-graphs,1
synthetic-user-97,prob-advanced-sample-medium-advanced,1
synthetic-user-97,prob-heaps-sample-easy-heaps,1
synthetic-user-97,prob-bank-032,1
synthetic-user-97,prob-tries-sample-medium-tries,1
synthetic-user-97,prob-queues-design-circular-queue,1
synthetic-user-97,prob-slidingWindow-sample-hard-slidingwindow,1
synthetic-user-97,prob-strings-longest-substring-without-repeating-characters,1
synthetic-user-97,prob-bank-022,1
synthetic-user-97,prob-bank-027,1
synthetic-user-97,prob-bank-016,1
synthetic-user-97,prob-hashing-contains-duplicate,1
synthetic-user-97,prob-advanced-sample-easy-advanced,1
synthetic-user-97,prob-bank-038,1
synthetic-user-97,prob-bank-025,1
synthetic-user-97,prob-bank-029,1
synthetic-user-97,prob-bank-005,1
synthetic-user-97,prob-hashing-longest-consecutive-sequence,1
synthetic-user-97,prob-bank-004,1
synthetic-user-97,prob-arrays-two-sum,1
synthetic-user-97,prob-bank-008,1
synthetic-user-97,prob-linkedLists-reverse-linked-list,1
synthetic-user-97,prob-bank-011,1
synthetic-user-97,prob-twoPointers-sample-medium-twopointers,1
synthetic-user-97,prob-bank-015,1
synthetic-user-97,prob-bank-002,1
synthetic-user-97,prob-bank-006,1
synthetic-user-97,prob-bst-sample-medium-bst,1
synthetic-user-97,prob-bank-012,1
synthetic-user-98,prob-bitManipulation-sample-medium-bitmanipulation,1
synthetic-user-98,prob-bank-025,1
synthetic-user-98,prob-bank-017,1
synthetic-user-98,prob-bank-018,1
synthetic-user-99,prob-bitManipulation-sample-medium-bitmanipulation,1
synthetic-user-99,prob-slidingWindow-sample-hard-slidingwindow,1
synthetic-user-99,prob-bank-018,1
synthetic-user-99,prob-bank-029,1
synthetic-user-99,prob-bank-038,1
synthetic-user-99,prob-recursion-sample-medium-recursion,1
synthetic-user-99,prob-backtracking-sample-hard-backtracking,1
synthetic-user-99,prob-bitManipulation-sample-hard-bitmanipulation,1
synthetic-user-99,prob-tries-sample-medium-tries,1
synthetic-user-99,prob-greedy-sample-medium-greedy,1
synthetic-user-99,prob-advanced-sample-easy-advanced,1
synthetic-user-99,prob-hashing-longest-consecutive-sequence,1
synthetic-user-99,prob-slidingWindow-sample-medium-slidingwindow,1
synthetic-user-99,prob-bank-030,1
synthetic-user-99,prob-bank-036,1
synthetic-user-99,prob-bank-006,1
synthetic-user-99,prob-greedy-sample-hard-greedy,1
synthetic-user-100,prob-dp-sample-medium-dp,1
synthetic-user-100,prob-bank-032,1
synthetic-user-100,prob-bank-035,1
synthetic-user-100,prob-bank-011,1
synthetic-user-100,prob-bank-021,1
synthetic-user-100,prob-graphs-sample-easy-graphs,1
synthetic-user-100,prob-heaps-sample-medium-heaps,1
synthetic-user-100,prob-heaps-sample-hard-heaps,1
synthetic-user-100,prob-bank-020,1
synthetic-user-100,prob-greedy-sample-medium-greedy,1
synthetic-user-100,prob-bank-028,1
synthetic-user-100,prob-tries-sample-hard-tries,1
synthetic-user-100,prob-bank-027,1
synthetic-user-100,prob-hashing-intersection-of-two-arrays,1
synthetic-user-100,prob-bank-024,1
synthetic-user-100,prob-bst-sample-medium-bst,1
synthetic-user-100,prob-bank-005,1
synthetic-user-100,prob-bank-010,1
synthetic-user-100,prob-bank-022,1
synthetic-user-100,prob-dp-sample-hard-dp,1
synthetic-user-100,prob-queues-sliding-window-maximum,1
synthetic-user-100,prob-segmentTrees-sample-easy-segmenttrees,1
synthetic-user-100,prob-bank-012,1
synthetic-user-100,prob-bank-002,1
synthetic-user-100,prob-bank-015,1
synthetic-user-100,prob-bank-014,1
synthetic-user-100,prob-slidingWindow-sample-hard-slidingwindow,1
synthetic-user-100,prob-bank-009,1
synthetic-user-101,prob-twoPointers-sample-easy-twopointers,1
synthetic-user-101,prob-arrays-best-time-to-buy-and-sell-stock,1
synthetic-user-101,prob-bank-007,1
synthetic-user-101,prob-queues-design-circular-queue,1
synthetic-user-101,prob-strings-valid-palindrome,1
synthetic-user-101,prob-bitManipulation-sample-easy-bitmanipulation,1
synthetic-user-101,prob-trees-invert-binary-tree,1
synthetic-user-101,prob-linkedLists-reverse-linked-list,1
synthetic-user-101,prob-bank-026,1
synthetic-user-101,prob-linkedLists-merge-two-sorted-lists,1
synthetic-user-101,prob-heaps-sample-medium-heaps,1
synthetic-user-101,prob-backtracking-sample-medium-backtracking,1
synthetic-user-101,prob-trees-binary-tree-level-order-traversal,1
synthetic-user-101,prob-greedy-sample-easy-greedy,1
synthetic-user-101,prob-recursion-sample-hard-recursion,1
synthetic-user-101,prob-bank-034,1
synthetic-user-101,prob-bank-031,1
synthetic-user-101,prob-greedy-sample-medium-greedy,1
synthetic-user-101,prob-heaps-sample-hard-heaps,1
synthetic-user-101,prob-bank-010,1
synthetic-user-101,prob-strings-valid-anagram,1
synthetic-user-101,prob-segmentTrees-sample-easy-segmenttrees,1
synthetic-user-101,prob-advanced-sample-easy-advanced,1
synthetic-user-101,prob-bank-037,1
synthetic-user-101,prob-bank-012,1
synthetic-user-101,prob-graphs-sample-medium-graphs,1
synthetic-user-101,prob-bank-016,1
synthetic-user-101,prob-bitManipulation-sample-medium-bitmanipulation,1
synthetic-user-101,prob-recursion-sample-easy-recursion,1
synthetic-user-102,prob-bank-030,1
synthetic-user-102,prob-greedy-sample-easy-greedy,1
synthetic-user-102,prob-bank-029,1
synthetic-user-102,prob-bank-026,1
synthetic-user-102,prob-linkedLists-reverse-linked-list,1
synthetic-user-102,prob-bitManipulation-sample-easy-bitmanipulation,1
synthetic-user-102,prob-bitManipulation-sample-medium-bitmanipulation,1
synthetic-user-102,prob-slidingWindow-sample-hard-slidingwindow,1
synthetic-user-102,prob-bank-028,1
synthetic-user-102,prob-dp-sample-medium-dp,1
synthetic-user-102,prob-bank-011,1
synthetic-user-102,prob-bank-036,1
synthetic-user-102,prob-arrays-best-time-to-buy-and-sell-stock,1
synthetic-user-102,prob-recursion-sample-hard-recursion,1
synthetic-user-102,prob-heaps-sample-medium-heaps,1
synthetic-user-102,prob-bank-020,1
synthetic-user-102,prob-twoPointers-sample-hard-twopointers,1
synthetic-user-102,prob-graphs-sample-medium-graphs,1
synthetic-user-102,prob-bank-022,1
synthetic-user-102,prob-segmentTrees-sample-hard-segmenttrees,1
synthetic-user-102,prob-bank-016,1
synthetic-user-102,prob-bank-010,1
synthetic-user-102,prob-bank-018,1
synthetic-user-102,prob-bank-037,1
synthetic-user-102,prob-heaps-sample-easy-heaps,1
synthetic-user-102,prob-greedy-sample-medium-greedy,1
synthetic-user-103,prob-bank-028,1
synthetic-user-103,prob-stacks-valid-parentheses,1
synthetic-user-103,prob-bst-sample-hard-bst,1
synthetic-user-103,prob-bst-sample-medium-bst,1
synthetic-user-103,prob-bank-035,1
synthetic-user-103,prob-bank-006,1
synthetic-user-104,prob-strings-longest-substring-without-repeating-characters,1
synthetic-user-104,prob-twoPointers-sample-easy-twopointers,1
synthetic-user-104,prob-backtracking-sample-hard-backtracking,1
synthetic-user-104,prob-bank-012,1
synthetic-user-104,prob-backtracking-sample-easy-backtracking,1
synthetic-user-104,prob-hashing-intersection-of-two-arrays,1
synthetic-user-104,prob-trees-binary-tree-level-order-traversal,1
synthetic-user-104,prob-bank-015,1
synthetic-user-104,prob-recursion-sample-hard-recursion,1
synthetic-user-104,prob-arrays-two-sum,1
synthetic-user-104,prob-tries-sample-easy-tries,1
synthetic-user-104,prob-advanced-sample-hard-advanced,1
synthetic-user-104,prob-bank-031,1
synthetic-user-105,prob-trees-same-tree,1
synthetic-user-105,prob-dp-sample-hard-dp,1
synthetic-user-106,prob-bank-040,1
synthetic-user-106,prob-bank-021,1
synthetic-user-107,prob-bank-025,1
synthetic-user-107,prob-greedy-sample-hard-greedy,1
synthetic-user-107,prob-bank-003,1
synthetic-user-107,prob-bank-014,1
synthetic-user-107,prob-bank-011,1
synthetic-user-107,prob-segmentTrees-sample-easy-segmenttrees,1
synthetic-user-107,prob-stacks-valid-parentheses,1
synthetic-user-107,prob-bank-031,1
synthetic-user-107,prob-dp-sample-medium-dp,1
synthetic-user-107,prob-bank-008,1
synthetic-user-107,prob-graphs-sample-medium-graphs,1
synthetic-user-107,prob-bst-sample-hard-bst,1
synthetic-user-107,prob-bank-007,1
synthetic-user-107,prob-linkedLists-add-two-numbers,1
synthetic-user-107,prob-bank-005,1
synthetic-user-107,prob-trees-binary-tree-level-order-traversal,1
synthetic-user-107,prob-slidingWindow-sample-hard-slidingwindow,1
synthetic-user-107,prob-bank-010,1
synthetic-user-107,prob-bank-009,1
synthetic-user-107,prob-slidingWindow-sample-easy-slidingwindow,1
synthetic-user-107,prob-stacks-largest-rectangle-in-histogram,1
synthetic-user-107,prob-tries-sample-hard-tries,1
synthetic-user-107,prob-bank-030,1
synthetic-user-107,prob-graphs-sample-easy-graphs,1
synthetic-user-107,prob-tries-sample-easy-tries,1
synthetic-user-107,prob-bank-016,1
synthetic-user-107,prob-segmentTrees-sample-medium-segmenttrees,1
synthetic-user-108,prob-bank-037,1
synthetic-user-108,prob-bank-020,1
synthetic-user-108,prob-bank-008,1
synthetic-user-108,prob-bank-001,1
synthetic-user-108,prob-bank-012,1
synthetic-user-108,prob-bank-024,1
synthetic-user-108,prob-arrays-best-time-to-buy-and-sell-stock,1
synthetic-user-109,prob-tries-sample-hard-tries,1
synthetic-user-109,prob-advanced-sample-easy-advanced,1
synthetic-user-109,prob-recursion-sample-easy-recursion,1
synthetic-user-109,prob-bank-023,1
synthetic-user-109,prob-bank-019,1
synthetic-user-109,prob-bank-020,1
synthetic-user-109,prob-recursion-sample-medium-recursion,1
synthetic-user-109,prob-strings-longest-substring-without-repeating-characters,1
synthetic-user-109,prob-bank-028,1
synthetic-user-109,prob-dp-sample-hard-dp,1
synthetic-user-109,prob-bitManipulation-sample-easy-bitmanipulation,1
synthetic-user-109,prob-queues-sliding-window-maximum,1
synthetic-user-109,prob-bitManipulation-sample-medium-bitmanipulation,1
synthetic-user-109,prob-recursion-sample-hard-recursion,1
synthetic-user-109,prob-bank-010,1
synthetic-user-109,prob-greedy-sample-easy-greedy,1
synthetic-user-109,prob-strings-valid-palindrome,1
synthetic-user-109,prob-bank-007,1
synthetic-user-109,prob-segmentTrees-sample-hard-segmenttrees,1
synthetic-user-109,prob-bank-006,1
synthetic-user-109,prob-bank-021,1
synthetic-user-109,prob-bank-039,1
synthetic-user-110,prob-greedy-sample-medium-greedy,1
synthetic-user-110,prob-bank-024,1
synthetic-user-111,prob-bank-006,1
synthetic-user-111,prob-stacks-evaluate-reverse-polish-notation,1
synthetic-user-111,prob-queues-implement-queue-using-stacks,1
synthetic-user-111,prob-bst-sample-easy-bst,1
synthetic-user-111,prob-bank-039,1
synthetic-user-111,prob-bank-009,1
synthetic-user-111,prob-arrays-two-sum,1
synthetic-user-111,prob-bank-021,1
synthetic-user-111,prob-linkedLists-add-two-numbers,1
synthetic-user-111,prob-heaps-sample-hard-heaps,1
synthetic-user-111,prob-bank-026,1
synthetic-user-112,prob-bank-028,1
synthetic-user-112,prob-twoPointers-sample-easy-twopointers,1
synthetic-user-112,prob-queues-design-circular-queue,1
synthetic-user-112,prob-heaps-sample-hard-heaps,1
synthetic-user-112,prob-bank-009,1
synthetic-user-112,prob-bank-030,1
synthetic-user-112,prob-twoPointers-sample-medium-twopointers,1
synthetic-user-112,prob-bank-023,1
synthetic-user-112,prob-stacks-valid-parentheses,1
synthetic-user-112,prob-bank-040,1
synthetic-user-112,prob-trees-same-tree,1
synthetic-user-112,prob-strings-valid-palindrome,1
synthetic-user-112,prob-advanced-sample-medium-advanced,1
synthetic-user-112,prob-tries-sample-easy-tries,1
synthetic-user-112,prob-strings-valid-anagram,1
synthetic-user-112,prob-stacks-largest-rectangle-in-histogram,1
synthetic-user-112,prob-bank-032,1
synthetic-user-112,prob-linkedLists-reverse-linked-list,1
synthetic-user-112,prob-bst-sample-medium-bst,1
synthetic-user-112,prob-recursion-sample-hard-recursion,1
synthetic-user-112,prob-bank-012,1
synthetic-user-112,prob-bank-024,1
synthetic-user-112,prob-bank-014,1
synthetic-user-112,prob-graphs-sample-hard-graphs,1
synthetic-user-112,prob-backtracking-sample-easy-backtracking,1
synthetic-user-112,prob-slidingWindow-sample-medium-slidingwindow,1
synthetic-user-112,prob-bitManipulation-sample-medium-bitmanipulation,1
synthetic-user-112,prob-advanced-sample-easy-advanced,1
synthetic-user-113,prob-dp-sample-medium-dp,1
synthetic-user-113,prob-arrays-3sum,1
synthetic-user-113,prob-bitManipulation-sample-medium-bitmanipulation,1
synthetic-user-113,prob-bank-027,1
synthetic-user-113,prob-hashing-contains-duplicate,1
synthetic-user-113,prob-bank-009,1
synthetic-user-113,prob-arrays-two-sum,1
synthetic-user-113,prob-bank-023,1
synthetic-user-113,prob-bank-033,1
synthetic-user-113,prob-bank-020,1
synthetic-user-113,prob-linkedLists-add-two-numbers,1
synthetic-user-113,prob-bank-037,1
synthetic-user-113,prob-bank-036,1
synthetic-user-113,prob-bank-015,1
synthetic-user-114,prob-stacks-valid-parentheses,1
synthetic-user-114,prob-segmentTrees-sample-easy-segmenttrees,1
synthetic-user-114,prob-bank-005,1
synthetic-user-114,prob-queues-design-circular-queue,1
synthetic-user-114,prob-greedy-sample-medium-greedy,1
synthetic-user-114,prob-bank-028,1
synthetic-user-114,prob-greedy-sample-hard-greedy,1
synthetic-user-114,prob-bank-018,1
synthetic-user-114,prob-stacks-largest-rectangle-in-histogram,1
synthetic-user-114,prob-greedy-sample-easy-greedy,1
synthetic-user-114,prob-twoPointers-sample-hard-twopointers,1
synthetic-user-114,prob-bitManipulation-sample-easy-bitmanipulation,1
synthetic-user-114,prob-bitManipulation-sample-hard-bitmanipulation,1
synthetic-user-114,prob-bank-025,1
synthetic-user-114,prob-strings-valid-palindrome,1
synthetic-user-114,prob-bank-001,1
synthetic-user-114,prob-trees-binary-tree-level-order-traversal,1
synthetic-user-114,prob-bank-009,1
synthetic-user-114,prob-graphs-sample-medium-graphs,1
synthetic-user-114,prob-hashing-longest-consecutive-sequence,1
synthetic-user-114,prob-bank-035,1
synthetic-user-114,prob-bank-010,1
synthetic-user-114,prob-bank-036,1
synthetic-user-115,prob-bank-027,1
synthetic-user-115,prob-bank-034,1
synthetic-user-115,prob-bank-023,1
synthetic-user-115,prob-segmentTrees-sample-hard-segmenttrees,1
synthetic-user-115,prob-arrays-best-time-to-buy-and-sell-stock,1
synthetic-user-115,prob-bank-011,1
synthetic-user-115,prob-bank-012,1
synthetic-user-115,prob-trees-invert-binary-tree,1
synthetic-user-115,prob-hashing-contains-duplicate,1
synthetic-user-115,prob-strings-longest-substring-without-repeating-characters,1
synthetic-user-116,prob-bank-017,1
synthetic-user-116,prob-bitManipulation-sample-hard-bitmanipulation,1
synthetic-user-116,prob-bank-009,1
synthetic-user-116,prob-bank-011,1
synthetic-user-116,prob-stacks-evaluate-reverse-polish-notation,1
synthetic-user-116,prob-dp-sample-easy-dp,1
synthetic-user-116,prob-heaps-sample-hard-heaps,1
synthetic-user-116,prob-bank-036,1
synthetic-user-116,prob-bank-035,1
synthetic-user-116,prob-bank-033,1
synthetic-user-116,prob-tries-sample-hard-tries,1
synthetic-user-116,prob-graphs-sample-easy-graphs,1
synthetic-user-116,prob-slidingWindow-sample-medium-slidingwindow,1
synthetic-user-116,prob-bank-023,1
synthetic-user-116,prob-bank-006,1
synthetic-user-116,prob-trees-invert-binary-tree,1
synthetic-user-116,prob-trees-binary-tree-level-order-traversal,1
synthetic-user-116,prob-bst-sample-hard-bst,1
synthetic-user-116,prob-graphs-sample-medium-graphs,1
synthetic-user-117,prob-recursion-sample-hard-recursion,1
synthetic-user-117,prob-heaps-sample-easy-heaps,1
synthetic-user-117,prob-queues-sliding-window-maximum,1
synthetic-user-117,prob-bst-sample-hard-bst,1
synthetic-user-117,prob-bank-026,1
synthetic-user-117,prob-bank-013,1
synthetic-user-117,prob-linkedLists-reverse-linked-list,1
synthetic-user-117,prob-bank-011,1
synthetic-user-117,prob-advanced-sample-hard-advanced,1
synthetic-user-117,prob-bank-023,1
synthetic-user-117,prob-bank-033,1
synthetic-user-117,prob-stacks-valid-parentheses,1
synthetic-user-117,prob-greedy-sample-medium-greedy,1
synthetic-user-117,prob-bank-036,1
synthetic-user-117,prob-linkedLists-add-two-numbers,1
synthetic-user-117,prob-bank-040,1
synthetic-user-117,prob-queues-implement-queue-using-stacks,1
synthetic-user-117,prob-heaps-sample-medium-heaps,1
synthetic-user-117,prob-bank-015,1
synthetic-user-117,prob-bank-003,1
synthetic-user-117,prob-tries-sample-easy-tries,1
synthetic-user-117,prob-segmentTrees-sample-easy-segmenttrees,1
synthetic-user-117,prob-hashing-intersection-of-two-arrays,1
synthetic-user-117,prob-recursion-sample-easy-recursion,1
synthetic-user-117,prob-bank-024,1
synthetic-user-117,prob-greedy-sample-easy-greedy,1
synthetic-user-117,prob-bank-027,1
synthetic-user-118,prob-bank-003,1
synthetic-user-118,prob-advanced-sample-easy-advanced,1
synthetic-user-118,prob-tries-sample-easy-tries,1
synthetic-user-118,prob-bank-019,1
synthetic-user-118,prob-bank-025,1
synthetic-user-118,prob-dp-sample-easy-dp,1
synthetic-user-118,prob-bank-029,1
synthetic-user-118,prob-bank-015,1
synthetic-user-118,prob-trees-same-tree,1
synthetic-user-118,prob-bank-013,1
synthetic-user-118,prob-segmentTrees-sample-medium-segmenttrees,1
synthetic-user-119,prob-bst-sample-easy-bst,1
synthetic-user-119,prob-arrays-two-sum,1
synthetic-user-119,prob-dp-sample-medium-dp,1
synthetic-user-119,prob-recursion-sample-medium-recursion,1
synthetic-user-119,prob-graphs-sample-medium-graphs,1
synthetic-user-119,prob-bank-032,1
synthetic-user-119,prob-bank-035,1
synthetic-user-119,prob-bank-023,1
synthetic-user-119,prob-twoPointers-sample-medium-twopointers,1
synthetic-user-119,prob-backtracking-sample-hard-backtracking,1
synthetic-user-119,prob-segmentTrees-sample-medium-segmenttrees,1
synthetic-user-119,prob-hashing-longest-consecutive-sequence,1
synthetic-user-119,prob-bank-027,1
synthetic-user-119,prob-bank-034,1
synthetic-user-120,prob-bank-002,1
synthetic-user-120,prob-advanced-sample-hard-advanced,1
synthetic-user-120,prob-advanced-sample-easy-advanced,1
synthetic-user-120,prob-segmentTrees-sample-easy-segmenttrees,1
synthetic-user-120,prob-dp-sample-easy-dp,1
synthetic-user-120,prob-bank-003,1
synthetic-user-120,prob-bank-011,1
synthetic-user-120,prob-queues-design-circular-queue,1
synthetic-user-120,prob-bst-sample-medium-bst,1
synthetic-user-120,prob-bank-023,1
synthetic-user-120,prob-bank-018,1
synthetic-user-120,prob-stacks-evaluate-reverse-polish-notation,1
synthetic-user-120,prob-backtracking-sample-hard-backtracking,1
synthetic-user-120,prob-hashing-longest-consecutive-sequence,1
synthetic-user-120,prob-bank-009,1
synthetic-user-120,prob-heaps-sample-medium-heaps,1
synthetic-user-120,prob-backtracking-sample-easy-backtracking,1
synthetic-user-120,prob-bank-021,1
synthetic-user-120,prob-stacks-valid-parentheses,1
synthetic-user-120,prob-bank-022,1
synthetic-user-120,prob-arrays-3sum,1
synthetic-user-120,prob-bank-005,1
synthetic-user-120,prob-strings-valid-palindrome,1
synthetic-user-120,prob-bank-015,1
synthetic-user-120,prob-bank-017,1
synthetic-user-120,prob-slidingWindow-sample-easy-slidingwindow,1
synthetic-user-120,prob-graphs-sample-easy-graphs,1
synthetic-user-120,prob-strings-valid-anagram,1
synthetic-user-120,prob-bank-034,1
synthetic-user-121,prob-bank-010,1
synthetic-user-121,prob-bank-001,1
synthetic-user-121,prob-bank-024,1
synthetic-user-121,prob-bank-040,1
synthetic-user-121,prob-trees-same-tree,1
synthetic-user-121,prob-segmentTrees-sample-medium-segmenttrees,1
synthetic-user-121,prob-bitManipulation-sample-hard-bitmanipulation,1
synthetic-user-121,prob-graphs-sample-medium-graphs,1
synthetic-user-121,prob-bank-039,1
synthetic-user-121,prob-bank-016,1
synthetic-user-121,prob-bank-034,1
synthetic-user-121,prob-greedy-sample-medium-greedy,1
synthetic-user-121,prob-hashing-longest-consecutive-sequence,1
synthetic-user-121,prob-advanced-sample-hard-advanced,1
synthetic-user-121,prob-bank-005,1
synthetic-user-121,prob-bank-006,1
synthetic-user-121,prob-stacks-largest-rectangle-in-histogram,1
synthetic-user-121,prob-arrays-best-time-to-buy-and-sell-stock,1
synthetic-user-122,prob-bank-019,1
synthetic-user-122,prob-bank-028,1
synthetic-user-122,prob-bst-sample-easy-bst,1
synthetic-user-122,prob-bank-037,1
synthetic-user-122,prob-bank-006,1
synthetic-user-122,prob-hashing-longest-consecutive-sequence,1
synthetic-user-122,prob-advanced-sample-easy-advanced,1
synthetic-user-122,prob-trees-binary-tree-level-order-traversal,1
synthetic-user-122,prob-bst-sample-medium-bst,1
synthetic-user-122,prob-bank-013,1
synthetic-user-122,prob-bank-031,1
synthetic-user-122,prob-bank-025,1
synthetic-user-122,prob-trees-invert-binary-tree,1
synthetic-user-122,prob-bank-002,1
synthetic-user-122,prob-segmentTrees-sample-easy-segmenttrees,1
synthetic-user-122,prob-strings-longest-substring-without-repeating-characters,1
synthetic-user-122,prob-graphs-sample-medium-graphs,1
synthetic-user-122,prob-bank-003,1
synthetic-user-122,prob-graphs-sample-hard-graphs,1
synthetic-user-122,prob-linkedLists-add-two-numbers,1
synthetic-user-122,prob-backtracking-sample-easy-backtracking,1
synthetic-user-122,prob-segmentTrees-sample-hard-segmenttrees,1
synthetic-user-122,prob-bank-022,1
synthetic-user-122,prob-bank-029,1
synthetic-user-122,prob-heaps-sample-hard-heaps,1
synthetic-user-122,prob-bank-007,1
synthetic-user-122,prob-segmentTrees-sample-medium-segmenttrees,1
synthetic-user-122,prob-bitManipulation-sample-medium-bitmanipulation,1
synthetic-user-123,prob-advanced-sample-medium-advanced,1
synthetic-user-123,prob-strings-longest-substring-without-repeating-characters,1
synthetic-user-123,prob-bank-039,1
synthetic-user-123,prob-bank-024,1
synthetic-user-123,prob-dp-sample-hard-dp,1
synthetic-user-123,prob-queues-design-circular-queue,1
synthetic-user-123,prob-bank-031,1
synthetic-user-123,prob-bank-007,1
synthetic-user-123,prob-bank-022,1
synthetic-user-123,prob-backtracking-sample-hard-backtracking,1
synthetic-user-123,prob-backtracking-sample-easy-backtracking,1
synthetic-user-123,prob-bank-015,1
synthetic-user-123,prob-bank-010,1
synthetic-user-123,prob-bank-013,1
synthetic-user-123,prob-bst-sample-medium-bst,1
synthetic-user-123,prob-bitManipulation-sample-easy-bitmanipulation,1
synthetic-user-123,prob-bank-037,1
synthetic-user-123,prob-bank-025,1
synthetic-user-123,prob-segmentTrees-sample-medium-segmenttrees,1
synthetic-user-123,prob-bank-016,1
synthetic-user-123,prob-stacks-valid-parentheses,1
synthetic-user-123,prob-bank-033,1
synthetic-user-123,prob-recursion-sample-hard-recursion,1
synthetic-user-123,prob-bank-023,1
synthetic-user-123,prob-graphs-sample-medium-graphs,1
synthetic-user-123,prob-bank-019,1
synthetic-user-123,prob-slidingWindow-sample-easy-slidingwindow,1
synthetic-user-123,prob-segmentTrees-sample-easy-segmenttrees,1
synthetic-user-123,prob-tries-sample-hard-tries,1
synthetic-user-123,prob-bank-003,1
synthetic-user-124,prob-bank-018,1
synthetic-user-124,prob-arrays-two-sum,1
synthetic-user-124,prob-bank-005,1
synthetic-user-124,prob-hashing-longest-consecutive-sequence,1
synthetic-user-124,prob-twoPointers-sample-hard-twopointers,1
synthetic-user-124,prob-bst-sample-easy-bst,1
synthetic-user-124,prob-graphs-sample-hard-graphs,1
synthetic-user-124,prob-stacks-valid-parentheses,1
synthetic-user-124,prob-bank-006,1
synthetic-user-124,prob-bank-023,1
synthetic-user-124,prob-backtracking-sample-hard-backtracking,1
synthetic-user-124,prob-graphs-sample-easy-graphs,1
synthetic-user-124,prob-trees-same-tree,1
synthetic-user-124,prob-bst-sample-hard-bst,1
synthetic-user-124,prob-trees-binary-tree-level-order-traversal,1
synthetic-user-124,prob-segmentTrees-sample-medium-segmenttrees,1
synthetic-user-124,prob-bank-040,1
synthetic-user-124,prob-hashing-contains-duplicate,1
synthetic-user-124,prob-bank-034,1
synthetic-user-124,prob-slidingWindow-sample-hard-slidingwindow,1
synthetic-user-124,prob-tries-sample-easy-tries,1
synthetic-user-124,prob-queues-sliding-window-maximum,1
synthetic-user-124,prob-bank-002,1
synthetic-user-124,prob-bank-024,1
synthetic-user-124,prob-bank-017,1
synthetic-user-124,prob-heaps-sample-hard-heaps,1
synthetic-user-124,prob-bank-026,1
synthetic-user-124,prob-slidingWindow-sample-medium-slidingwindow,1
synthetic-user-124,prob-arrays-3sum,1
synthetic-user-125,prob-hashing-intersection-of-two-arrays,1
synthetic-user-125,prob-bank-014,1
synthetic-user-126,prob-hashing-longest-consecutive-sequence,1
synthetic-user-126,prob-bank-021,1
synthetic-user-126,prob-bank-006,1
synthetic-user-126,prob-strings-longest-substring-without-repeating-characters,1
synthetic-user-126,prob-bank-014,1
synthetic-user-126,prob-trees-invert-binary-tree,1
synthetic-user-127,prob-backtracking-sample-easy-backtracking,1
synthetic-user-127,prob-bst-sample-hard-bst,1
synthetic-user-127,prob-bank-007,1
synthetic-user-127,prob-slidingWindow-sample-easy-slidingwindow,1
synthetic-user-127,prob-bank-017,1
synthetic-user-127,prob-bank-013,1
synthetic-user-128,prob-bank-033,1
synthetic-user-128,prob-bank-034,1
synthetic-user-128,prob-bank-025,1
synthetic-user-128,prob-greedy-sample-easy-greedy,1
synthetic-user-128,prob-stacks-evaluate-reverse-polish-notation,1
synthetic-user-128,prob-graphs-sample-easy-graphs,1
synthetic-user-128,prob-advanced-sample-easy-advanced,1
synthetic-user-128,prob-bank-018,1
synthetic-user-128,prob-bank-001,1
synthetic-user-128,prob-bank-002,1
synthetic-user-128,prob-bst-sample-easy-bst,1
synthetic-user-128,prob-graphs-sample-medium-graphs,1
synthetic-user-128,prob-slidingWindow-sample-medium-slidingwindow,1
synthetic-user-128,prob-bank-017,1
synthetic-user-128,prob-trees-invert-binary-tree,1
synthetic-user-128,prob-bank-015,1
synthetic-user-128,prob-bst-sample-hard-bst,1
synthetic-user-128,prob-bank-020,1
synthetic-user-128,prob-bank-006,1
synthetic-user-128,prob-backtracking-sample-easy-backtracking,1
synthetic-user-128,prob-bank-030,1
synthetic-user-128,prob-tries-sample-medium-tries,1
synthetic-user-128,prob-advanced-sample-medium-advanced,1
synthetic-user-128,prob-bank-027,1
synthetic-user-128,prob-bank-016,1
synthetic-user-128,prob-linkedLists-add-two-numbers,1
synthetic-user-128,prob-graphs-sample-hard-graphs,1
synthetic-user-128,prob-bitManipulation-sample-easy-bitmanipulation,1
synthetic-user-128,prob-bitManipulation-sample-medium-bitmanipulation,1
synthetic-user-129,prob-arrays-3sum,1
synthetic-user-129,prob-heaps-sample-medium-heaps,1
synthetic-user-129,prob-bank-007,1
synthetic-user-129,prob-bank-005,1
synthetic-user-130,prob-trees-same-tree,1
synthetic-user-130,prob-bank-018,1
synthetic-user-130,prob-queues-implement-queue-using-stacks,1
synthetic-user-130,prob-bst-sample-medium-bst,1
synthetic-user-130,prob-bank-001,1
synthetic-user-130,prob-bank-019,1
synthetic-user-130,prob-bank-017,1
synthetic-user-130,prob-strings-valid-anagram,1
synthetic-user-130,prob-bank-009,1
synthetic-user-130,prob-bank-005,1
synthetic-user-130,prob-hashing-contains-duplicate,1
synthetic-user-130,prob-stacks-largest-rectangle-in-histogram,1
synthetic-user-130,prob-bank-002,1
synthetic-user-130,prob-bank-025,1
synthetic-user-130,prob-hashing-intersection-of-two-arrays,1
synthetic-user-130,prob-bank-039,1
synthetic-user-130,prob-bank-010,1
synthetic-user-130,prob-arrays-two-sum,1
synthetic-user-130,prob-twoPointers-sample-medium-twopointers,1
synthetic-user-130,prob-bank-007,1
synthetic-user-130,prob-slidingWindow-sample-hard-slidingwindow,1
synthetic-user-130,prob-segmentTrees-sample-hard-segmenttrees,1
synthetic-user-130,prob-strings-longest-substring-without-repeating-characters,1
synthetic-user-130,prob-bank-008,1
synthetic-user-130,prob-twoPointers-sample-easy-twopointers,1
synthetic-user-130,prob-graphs-sample-hard-graphs,1
synthetic-user-130,prob-bank-028,1
synthetic-user-131,prob-bank-016,1
synthetic-user-131,prob-bank-035,1
synthetic-user-131,prob-bank-038,1
synthetic-user-131,prob-bank-030,1
synthetic-user-131,prob-bank-014,1
synthetic-user-131,prob-queues-implement-queue-using-stacks,1
synthetic-user-131,prob-twoPointers-sample-easy-twopointers,1
synthetic-user-131,prob-hashing-longest-consecutive-sequence,1
synthetic-user-131,prob-recursion-sample-hard-recursion,1
synthetic-user-131,prob-bank-002,1
synthetic-user-131,prob-bank-039,1
synthetic-user-131,prob-graphs-sample-hard-graphs,1
synthetic-user-132,prob-bank-017,1
synthetic-user-132,prob-bank-010,1
synthetic-user-132,prob-slidingWindow-sample-medium-slidingwindow,1
synthetic-user-132,prob-recursion-sample-hard-recursion,1
synthetic-user-132,prob-heaps-sample-easy-heaps,1
synthetic-user-132,prob-arrays-two-sum,1
synthetic-user-132,prob-bank-031,1
synthetic-user-132,prob-bank-036,1
synthetic-user-132,prob-bank-014,1
synthetic-user-132,prob-bank-007,1
synthetic-user-133,prob-arrays-two-sum,1
synthetic-user-133,prob-bitManipulation-sample-easy-bitmanipulation,1
synthetic-user-133,prob-bank-024,1
synthetic-user-133,prob-heaps-sample-hard-heaps,1
synthetic-user-133,prob-bank-029,1
synthetic-user-133,prob-dp-sample-medium-dp,1
synthetic-user-133,prob-slidingWindow-sample-medium-slidingwindow,1
synthetic-user-133,prob-segmentTrees-sample-medium-segmenttrees,1
synthetic-user-133,prob-queues-design-circular-queue,1
synthetic-user-133,prob-trees-same-tree,1
synthetic-user-133,prob-twoPointers-sample-easy-twopointers,1
synthetic-user-133,prob-bank-015,1
synthetic-user-133,prob-recursion-sample-hard-recursion,1
synthetic-user-133,prob-backtracking-sample-easy-backtracking,1
synthetic-user-133,prob-bank-009,1
synthetic-user-133,prob-bank-013,1
synthetic-user-133,prob-bank-019,1
synthetic-user-134,prob-bitManipulation-sample-hard-bitmanipulation,1
synthetic-user-134,prob-bank-037,1
synthetic-user-134,prob-heaps-sample-hard-heaps,1
synthetic-user-134,prob-slidingWindow-sample-medium-slidingwindow,1
synthetic-user-134,prob-bank-011,1
synthetic-user-134,prob-bank-012,1
synthetic-user-134,prob-bank-002,1
synthetic-user-134,prob-bst-sample-medium-bst,1
synthetic-user-134,prob-segmentTrees-sample-hard-segmenttrees,1
synthetic-user-134,prob-bank-035,1
synthetic-user-134,prob-bank-031,1
synthetic-user-134,prob-bank-034,1
synthetic-user-134,prob-recursion-sample-hard-recursion,1
synthetic-user-134,prob-dp-sample-easy-dp,1
synthetic-user-134,prob-bank-014,1
synthetic-user-134,prob-tries-sample-hard-tries,1
synthetic-user-134,prob-bank-040,1
synthetic-user-134,prob-hashing-longest-consecutive-sequence,1
synthetic-user-134,prob-hashing-contains-duplicate,1
synthetic-user-134,prob-graphs-sample-hard-graphs,1
synthetic-user-134,prob-advanced-sample-easy-advanced,1
synthetic-user-134,prob-trees-binary-tree-level-order-traversal,1
synthetic-user-135,prob-bank-006,1
synthetic-user-135,prob-slidingWindow-sample-easy-slidingwindow,1
synthetic-user-135,prob-tries-sample-medium-tries,1
synthetic-user-135,prob-bank-011,1
synthetic-user-135,prob-bank-019,1
synthetic-user-135,prob-bank-030,1
synthetic-user-135,prob-bank-028,1
synthetic-user-136,prob-bitManipulation-sample-medium-bitmanipulation,1
synthetic-user-136,prob-bank-022,1
synthetic-user-136,prob-arrays-two-sum,1
synthetic-user-136,prob-stacks-largest-rectangle-in-histogram,1
synthetic-user-136,prob-trees-invert-binary-tree,1
synthetic-user-136,prob-bank-001,1
synthetic-user-137,prob-stacks-largest-rectangle-in-histogram,1
synthetic-user-137,prob-linkedLists-add-two-numbers,1
synthetic-user-137,prob-backtracking-sample-easy-backtracking,1
synthetic-user-137,prob-graphs-sample-medium-graphs,1
synthetic-user-137,prob-segmentTrees-sample-hard-segmenttrees,1
synthetic-user-137,prob-stacks-evaluate-reverse-polish-notation,1
synthetic-user-137,prob-bank-018,1
synthetic-user-137,prob-strings-valid-anagram,1
synthetic-user-137,prob-bank-033,1
synthetic-user-137,prob-bitManipulation-sample-medium-bitmanipulation,1
synthetic-user-137,prob-slidingWindow-sample-easy-slidingwindow,1
synthetic-user-137,prob-bank-019,1
synthetic-user-137,prob-bank-024,1
synthetic-user-137,prob-bank-007,1
synthetic-user-138,prob-bank-017,1
synthetic-user-138,prob-linkedLists-merge-two-sorted-lists,1
synthetic-user-138,prob-bst-sample-medium-bst,1
synthetic-user-138,prob-bank-022,1
synthetic-user-138,prob-bank-004,1
synthetic-user-138,prob-twoPointers-sample-hard-twopointers,1
synthetic-user-138,prob-arrays-best-time-to-buy-and-sell-stock,1
synthetic-user-138,prob-heaps-sample-medium-heaps,1
synthetic-user-138,prob-bank-025,1
synthetic-user-138,prob-bank-007,1
synthetic-user-138,prob-greedy-sample-easy-greedy,1
synthetic-user-138,prob-heaps-sample-easy-heaps,1
synthetic-user-138,prob-strings-valid-anagram,1
synthetic-user-138,prob-bank-040,1
synthetic-user-138,prob-bank-006,1
synthetic-user-138,prob-bank-031,1
synthetic-user-138,prob-graphs-sample-hard-graphs,1
synthetic-user-138,prob-bank-019,1
synthetic-user-138,prob-bst-sample-easy-bst,1
synthetic-user-138,prob-bank-028,1
synthetic-user-138,prob-segmentTrees-sample-medium-segmenttrees,1
synthetic-user-138,prob-recursion-sample-easy-recursion,1
synthetic-user-138,prob-arrays-two-sum,1
synthetic-user-139,prob-backtracking-sample-hard-backtracking,1
synthetic-user-139,prob-bank-040,1
synthetic-user-139,prob-slidingWindow-sample-easy-slidingwindow,1
synthetic-user-140,prob-bitManipulation-sample-hard-bitmanipulation,1
synthetic-user-140,prob-slidingWindow-sample-easy-slidingwindow,1
synthetic-user-140,prob-bank-016,1
synthetic-user-140,prob-heaps-sample-medium-heaps,1
synthetic-user-140,prob-bank-007,1
synthetic-user-140,prob-arrays-best-time-to-buy-and-sell-stock,1
synthetic-user-140,prob-bank-031,1
synthetic-user-140,prob-linkedLists-add-two-numbers,1
synthetic-user-140,prob-stacks-largest-rectangle-in-histogram,1
synthetic-user-140,prob-bank-011,1
synthetic-user-140,prob-greedy-sample-easy-greedy,1
synthetic-user-140,prob-bank-012,1
synthetic-user-140,prob-bank-015,1
synthetic-user-140,prob-tries-sample-hard-tries,1
synthetic-user-140,prob-bank-027,1
synthetic-user-140,prob-backtracking-sample-hard-backtracking,1
synthetic-user-140,prob-graphs-sample-medium-graphs,1
synthetic-user-140,prob-bank-018,1
synthetic-user-140,prob-heaps-sample-easy-heaps,1
synthetic-user-140,prob-advanced-sample-medium-advanced,1
synthetic-user-140,prob-bank-039,1
synthetic-user-140,prob-bank-014,1
synthetic-user-141,prob-bst-sample-medium-bst,1
synthetic-user-141,prob-slidingWindow-sample-medium-slidingwindow,1
synthetic-user-141,prob-bank-005,1
synthetic-user-141,prob-queues-design-circular-queue,1
synthetic-user-141,prob-bank-012,1
synthetic-user-141,prob-stacks-valid-parentheses,1
synthetic-user-141,prob-greedy-sample-medium-greedy,1
synthetic-user-141,prob-tries-sample-medium-tries,1
synthetic-user-141,prob-queues-sliding-window-maximum,1
synthetic-user-142,prob-bank-009,1
synthetic-user-142,prob-bank-014,1
synthetic-user-142,prob-recursion-sample-hard-recursion,1
synthetic-user-142,prob-bank-029,1
synthetic-user-142,prob-twoPointers-sample-hard-twopointers,1
synthetic-user-142,prob-bitManipulation-sample-easy-bitmanipulation,1
synthetic-user-142,prob-bank-013,1
synthetic-user-142,prob-bank-002,1
synthetic-user-142,prob-bank-039,1
synthetic-user-143,prob-tries-sample-medium-tries,1
synthetic-user-143,prob-advanced-sample-medium-advanced,1
synthetic-user-143,prob-bank-028,1
synthetic-user-143,prob-bank-039,1
synthetic-user-143,prob-bank-016,1
synthetic-user-143,prob-strings-valid-palindrome,1
synthetic-user-143,prob-bank-002,1
synthetic-user-143,prob-queues-sliding-window-maximum,1
synthetic-user-143,prob-backtracking-sample-easy-backtracking,1
synthetic-user-143,prob-linkedLists-add-two-numbers,1
synthetic-user-143,prob-bitManipulation-sample-easy-bitmanipulation,1
synthetic-user-143,prob-bank-022,1
synthetic-user-143,prob-graphs-sample-medium-graphs,1
synthetic-user-143,prob-bank-027,1
synthetic-user-143,prob-graphs-sample-hard-graphs,1
synthetic-user-143,prob-dp-sample-medium-dp,1
synthetic-user-143,prob-slidingWindow-sample-medium-slidingwindow,1
synthetic-user-143,prob-segmentTrees-sample-easy-segmenttrees,1
synthetic-user-143,prob-bank-007,1
synthetic-user-143,prob-bank-009,1
synthetic-user-143,prob-arrays-best-time-to-buy-and-sell-stock,1
synthetic-user-143,prob-bank-032,1
synthetic-user-143,prob-recursion-sample-medium-recursion,1
synthetic-user-143,prob-greedy-sample-easy-greedy,1
synthetic-user-143,prob-stacks-largest-rectangle-in-histogram,1
synthetic-user-144,prob-bank-036,1
synthetic-user-144,prob-tries-sample-medium-tries,1
synthetic-user-144,prob-stacks-valid-parentheses,1
synthetic-user-144,prob-bank-011,1
synthetic-user-144,prob-bst-sample-medium-bst,1
synthetic-user-144,prob-bank-001,1
synthetic-user-144,prob-dp-sample-medium-dp,1
synthetic-user-144,prob-segmentTrees-sample-easy-segmenttrees,1
synthetic-user-144,prob-graphs-sample-easy-graphs,1
synthetic-user-144,prob-bank-014,1
synthetic-user-144,prob-backtracking-sample-medium-backtracking,1
synthetic-user-144,prob-bst-sample-hard-bst,1
synthetic-user-144,prob-bank-028,1
synthetic-user-144,prob-heaps-sample-easy-heaps,1
synthetic-user-144,prob-bank-004,1
synthetic-user-144,prob-heaps-sample-medium-heaps,1
synthetic-user-144,prob-recursion-sample-easy-recursion,1
synthetic-user-144,prob-bank-024,1
synthetic-user-144,prob-backtracking-sample-easy-backtracking,1
synthetic-user-144,prob-heaps-sample-hard-heaps,1
synthetic-user-144,prob-graphs-sample-hard-graphs,1
synthetic-user-144,prob-bank-025,1
synthetic-user-145,prob-bank-020,1
synthetic-user-145,prob-segmentTrees-sample-easy-segmenttrees,1
synthetic-user-145,prob-trees-same-tree,1
synthetic-user-145,prob-queues-design-circular-queue,1
synthetic-user-145,prob-hashing-contains-duplicate,1
synthetic-user-145,prob-stacks-evaluate-reverse-polish-notation,1
synthetic-user-145,prob-bank-027,1
synthetic-user-145,prob-bank-025,1
synthetic-user-145,prob-bank-004,1
synthetic-user-145,prob-bank-019,1
synthetic-user-145,prob-arrays-two-sum,1
synthetic-user-145,prob-bank-010,1
synthetic-user-145,prob-strings-longest-substring-without-repeating-characters,1
synthetic-user-145,prob-bank-002,1
synthetic-user-145,prob-segmentTrees-sample-hard-segmenttrees,1
synthetic-user-145,prob-bank-040,1
synthetic-user-145,prob-dp-sample-medium-dp,1
synthetic-user-145,prob-bank-032,1
synthetic-user-145,prob-bank-014,1
synthetic-user-145,prob-backtracking-sample-hard-backtracking,1
synthetic-user-145,prob-bank-003,1
synthetic-user-145,prob-bst-sample-hard-bst,1
synthetic-user-145,prob-bank-006,1
synthetic-user-145,prob-bank-021,1
synthetic-user-145,prob-bitManipulation-sample-hard-bitmanipulation,1
synthetic-user-145,prob-graphs-sample-medium-graphs,1
synthetic-user-145,prob-bank-022,1
synthetic-user-146,prob-bank-008,1
synthetic-user-146,prob-twoPointers-sample-easy-twopointers,1
synthetic-user-147,prob-strings-valid-anagram,1
synthetic-user-147,prob-bank-005,1
synthetic-user-147,prob-tries-sample-hard-tries,1
synthetic-user-147,prob-bitManipulation-sample-hard-bitmanipulation,1
synthetic-user-147,prob-bank-028,1
synthetic-user-147,prob-bank-040,1
synthetic-user-147,prob-bst-sample-medium-bst,1
synthetic-user-147,prob-advanced-sample-medium-advanced,1
synthetic-user-147,prob-hashing-contains-duplicate,1
synthetic-user-147,prob-bank-030,1
synthetic-user-147,prob-bank-007,1
synthetic-user-147,prob-dp-sample-medium-dp,1
synthetic-user-147,prob-bank-029,1
synthetic-user-147,prob-arrays-best-time-to-buy-and-sell-stock,1
synthetic-user-147,prob-bank-027,1
synthetic-user-147,prob-heaps-sample-hard-heaps,1
synthetic-user-147,prob-bitManipulation-sample-easy-bitmanipulation,1
synthetic-user-147,prob-bank-015,1
synthetic-user-148,prob-segmentTrees-sample-medium-segmenttrees,1
synthetic-user-148,prob-bank-019,1
synthetic-user-148,prob-backtracking-sample-easy-backtracking,1
synthetic-user-148,prob-bst-sample-hard-bst,1
synthetic-user-148,prob-bank-011,1
synthetic-user-148,prob-recursion-sample-easy-recursion,1
synthetic-user-148,prob-backtracking-sample-medium-backtracking,1
synthetic-user-148,prob-bank-001,1
synthetic-user-148,prob-tries-sample-medium-tries,1
synthetic-user-148,prob-bank-004,1
synthetic-user-148,prob-twoPointers-sample-easy-twopointers,1
synthetic-user-149,prob-bank-030,1
synthetic-user-149,prob-bank-037,1
synthetic-user-149,prob-segmentTrees-sample-hard-segmenttrees,1
synthetic-user-149,prob-segmentTrees-sample-medium-segmenttrees,1
synthetic-user-149,prob-slidingWindow-sample-easy-slidingwindow,1
synthetic-user-149,prob-backtracking-sample-hard-backtracking,1
synthetic-user-149,prob-advanced-sample-easy-advanced,1
synthetic-user-149,prob-bst-sample-hard-bst,1
synthetic-user-149,prob-bank-014,1
synthetic-user-149,prob-hashing-intersection-of-two-arrays,1
synthetic-user-149,prob-bank-028,1
synthetic-user-149,prob-graphs-sample-hard-graphs,1
synthetic-user-149,prob-queues-implement-queue-using-stacks,1
synthetic-user-149,prob-bank-033,1
synthetic-user-150,prob-recursion-sample-easy-recursion,1
synthetic-user-150,prob-bank-012,1
synthetic-user-150,prob-twoPointers-sample-medium-twopointers,1
synthetic-user-150,prob-bitManipulation-sample-easy-bitmanipulation,1
synthetic-user-150,prob-heaps-sample-medium-heaps,1
synthetic-user-150,prob-trees-invert-binary-tree,1
synthetic-user-150,prob-trees-same-tree,1
synthetic-user-150,prob-bank-001,1
synthetic-user-150,prob-arrays-best-time-to-buy-and-sell-stock,1
synthetic-user-150,prob-bst-sample-medium-bst,1
synthetic-user-150,prob-slidingWindow-sample-hard-slidingwindow,1
synthetic-user-150,prob-bank-004,1
synthetic-user-150,prob-hashing-longest-consecutive-sequence,1
synthetic-user-150,prob-bank-021,1
synthetic-user-150,prob-bank-007,1
synthetic-user-150,prob-bank-009,1
synthetic-user-150,prob-dp-sample-medium-dp,1
synthetic-user-150,prob-bank-003,1
synthetic-user-150,prob-greedy-sample-hard-greedy,1
synthetic-user-150,prob-recursion-sample-hard-recursion,1
synthetic-user-150,prob-bank-039,1
synthetic-user-150,prob-bank-013,1
synthetic-user-150,prob-linkedLists-reverse-linked-list,1
synthetic-user-150,prob-bitManipulation-sample-hard-bitmanipulation,1
synthetic-user-150,prob-queues-implement-queue-using-stacks,1
synthetic-user-150,prob-trees-binary-tree-level-order-traversal,1
synthetic-user-151,prob-recursion-sample-hard-recursion,1
synthetic-user-151,prob-bank-001,1
synthetic-user-151,prob-bank-021,1
synthetic-user-151,prob-queues-implement-queue-using-stacks,1
synthetic-user-151,prob-advanced-sample-easy-advanced,1
synthetic-user-151,prob-bank-036,1
synthetic-user-151,prob-tries-sample-easy-tries,1
synthetic-user-152,prob-segmentTrees-sample-medium-segmenttrees,1
synthetic-user-152,prob-bank-012,1
synthetic-user-152,prob-recursion-sample-hard-recursion,1
synthetic-user-152,prob-tries-sample-hard-tries,1
synthetic-user-152,prob-arrays-3sum,1
synthetic-user-152,prob-slidingWindow-sample-medium-slidingwindow,1
synthetic-user-152,prob-hashing-contains-duplicate,1
synthetic-user-152,prob-bank-027,1
synthetic-user-152,prob-bank-018,1
synthetic-user-152,prob-heaps-sample-medium-heaps,1
synthetic-user-152,prob-bank-014,1
synthetic-user-152,prob-bank-024,1
synthetic-user-153,prob-bank-040,1
synthetic-user-153,prob-greedy-sample-easy-greedy,1
synthetic-user-153,prob-segmentTrees-sample-easy-segmenttrees,1
synthetic-user-153,prob-dp-sample-hard-dp,1
synthetic-user-153,prob-bank-027,1
synthetic-user-153,prob-bank-006,1
synthetic-user-154,prob-bank-035,1
synthetic-user-154,prob-advanced-sample-easy-advanced,1
synthetic-user-154,prob-stacks-evaluate-reverse-polish-notation,1
synthetic-user-154,prob-bitManipulation-sample-easy-bitmanipulation,1
synthetic-user-154,prob-bank-019,1
synthetic-user-154,prob-greedy-sample-easy-greedy,1
synthetic-user-154,prob-advanced-sample-hard-advanced,1
synthetic-user-154,prob-bank-021,1
synthetic-user-154,prob-trees-invert-binary-tree,1
synthetic-user-154,prob-bst-sample-easy-bst,1
synthetic-user-154,prob-bank-022,1
synthetic-user-154,prob-tries-sample-medium-tries,1
synthetic-user-154,prob-slidingWindow-sample-hard-slidingwindow,1
synthetic-user-154,prob-bank-033,1
synthetic-user-154,prob-bank-036,1
synthetic-user-154,prob-bank-014,1
synthetic-user-154,prob-slidingWindow-sample-easy-slidingwindow,1
synthetic-user-154,prob-stacks-valid-parentheses,1
synthetic-user-154,prob-bank-038,1
synthetic-user-154,prob-trees-binary-tree-level-order-traversal,1
synthetic-user-154,prob-bank-029,1
synthetic-user-154,prob-graphs-sample-hard-graphs,1
synthetic-user-154,prob-dp-sample-medium-dp,1
synthetic-user-154,prob-bank-018,1
synthetic-user-154,prob-greedy-sample-medium-greedy,1
synthetic-user-155,prob-bank-023,1
synthetic-user-155,prob-bitManipulation-sample-hard-bitmanipulation,1
synthetic-user-155,prob-backtracking-sample-medium-backtracking,1
synthetic-user-155,prob-twoPointers-sample-hard-twopointers,1
synthetic-user-155,prob-bank-040,1
synthetic-user-155,prob-segmentTrees-sample-medium-segmenttrees,1
synthetic-user-155,prob-bank-036,1
synthetic-user-155,prob-bank-016,1
synthetic-user-155,prob-bank-007,1
synthetic-user-155,prob-advanced-sample-easy-advanced,1
synthetic-user-155,prob-slidingWindow-sample-medium-slidingwindow,1
synthetic-user-155,prob-bst-sample-easy-bst,1
synthetic-user-155,prob-bst-sample-hard-bst,1
synthetic-user-155,prob-arrays-3sum,1
synthetic-user-155,prob-hashing-intersection-of-two-arrays,1
synthetic-user-155,prob-bank-034,1
synthetic-user-155,prob-recursion-sample-easy-recursion,1
synthetic-user-155,prob-bank-025,1
synthetic-user-155,prob-recursion-sample-hard-recursion,1
synthetic-user-155,prob-bank-030,1
synthetic-user-156,prob-bst-sample-easy-bst,1
synthetic-user-156,prob-bitManipulation-sample-hard-bitmanipulation,1
synthetic-user-156,prob-queues-design-circular-queue,1
synthetic-user-156,prob-queues-implement-queue-using-stacks,1
synthetic-user-156,prob-linkedLists-add-two-numbers,1
synthetic-user-156,prob-bank-001,1
synthetic-user-156,prob-bank-011,1
synthetic-user-157,prob-bank-039,1
synthetic-user-158,prob-bank-038,1
synthetic-user-158,prob-stacks-evaluate-reverse-polish-notation,1
synthetic-user-158,prob-queues-design-circular-queue,1
synthetic-user-158,prob-backtracking-sample-easy-backtracking,1
synthetic-user-158,prob-bank-020,1
synthetic-user-158,prob-trees-same-tree,1
synthetic-user-158,prob-bank-024,1
synthetic-user-158,prob-bitManipulation-sample-medium-bitmanipulation,1
synthetic-user-158,prob-dp-sample-easy-dp,1
synthetic-user-158,prob-graphs-sample-hard-graphs,1
synthetic-user-158,prob-recursion-sample-medium-recursion,1
synthetic-user-158,prob-bank-035,1
synthetic-user-158,prob-greedy-sample-easy-greedy,1
synthetic-user-158,prob-twoPointers-sample-hard-twopointers,1
synthetic-user-158,prob-bank-021,1
synthetic-user-158,prob-hashing-intersection-of-two-arrays,1
synthetic-user-158,prob-bank-008,1
synthetic-user-159,prob-strings-valid-anagram,1
synthetic-user-160,prob-dp-sample-hard-dp,1
synthetic-user-160,prob-bank-001,1
synthetic-user-160,prob-advanced-sample-hard-advanced,1
synthetic-user-160,prob-bank-010,1
synthetic-user-160,prob-backtracking-sample-medium-backtracking,1
synthetic-user-160,prob-bank-011,1
synthetic-user-160,prob-twoPointers-sample-hard-twopointers,1
synthetic-user-160,prob-hashing-longest-consecutive-sequence,1
synthetic-user-160,prob-bank-030,1
synthetic-user-160,prob-bank-037,1
synthetic-user-160,prob-bst-sample-medium-bst,1
synthetic-user-160,prob-bank-016,1
synthetic-user-160,prob-bank-017,1
synthetic-user-160,prob-advanced-sample-medium-advanced,1
synthetic-user-160,prob-bank-021,1
synthetic-user-160,prob-bank-022,1
synthetic-user-160,prob-bank-013,1
synthetic-user-160,prob-twoPointers-sample-medium-twopointers,1
synthetic-user-160,prob-bank-008,1
synthetic-user-160,prob-bank-009,1
synthetic-user-160,prob-dp-sample-easy-dp,1
synthetic-user-160,prob-tries-sample-hard-tries,1
synthetic-user-160,prob-bank-002,1
synthetic-user-160,prob-bank-031,1
synthetic-user-160,prob-graphs-sample-hard-graphs,1
synthetic-user-160,prob-stacks-largest-rectangle-in-histogram,1
synthetic-user-160,prob-bank-034,1
synthetic-user-160,prob-bank-020,1
synthetic-user-161,prob-backtracking-sample-easy-backtracking,1
synthetic-user-161,prob-trees-same-tree,1
synthetic-user-161,prob-greedy-sample-hard-greedy,1
synthetic-user-161,prob-arrays-best-time-to-buy-and-sell-stock,1
synthetic-user-161,prob-arrays-two-sum,1
synthetic-user-161,prob-bank-007,1
synthetic-user-161,prob-bank-038,1
synthetic-user-161,prob-hashing-longest-consecutive-sequence,1
synthetic-user-161,prob-tries-sample-hard-tries,1
synthetic-user-161,prob-greedy-sample-easy-greedy,1
synthetic-user-161,prob-bank-001,1
synthetic-user-161,prob-bank-009,1
synthetic-user-161,prob-bank-029,1
synthetic-user-161,prob-bank-003,1
synthetic-user-162,prob-arrays-best-time-to-buy-and-sell-stock,1
synthetic-user-162,prob-bank-039,1
synthetic-user-162,prob-twoPointers-sample-medium-twopointers,1
synthetic-user-162,prob-greedy-sample-medium-greedy,1
synthetic-user-162,prob-bank-017,1
synthetic-user-162,prob-graphs-sample-hard-graphs,1
synthetic-user-162,prob-arrays-two-sum,1
synthetic-user-162,prob-bank-011,1
synthetic-user-162,prob-segmentTrees-sample-hard-segmenttrees,1
synthetic-user-162,prob-heaps-sample-easy-heaps,1
synthetic-user-163,prob-bank-012,1
synthetic-user-163,prob-twoPointers-sample-medium-twopointers,1
synthetic-user-163,prob-bitManipulation-sample-hard-bitmanipulation,1
synthetic-user-163,prob-recursion-sample-medium-recursion,1
synthetic-user-163,prob-trees-binary-tree-level-order-traversal,1
synthetic-user-163,prob-bank-032,1
synthetic-user-163,prob-bank-023,1
synthetic-user-163,prob-bitManipulation-sample-medium-bitmanipulation,1
synthetic-user-163,prob-bitManipulation-sample-easy-bitmanipulation,1
synthetic-user-163,prob-graphs-sample-medium-graphs,1
synthetic-user-163,prob-backtracking-sample-easy-backtracking,1
synthetic-user-163,prob-stacks-evaluate-reverse-polish-notation,1
synthetic-user-163,prob-twoPointers-sample-easy-twopointers,1
synthetic-user-163,prob-bank-021,1
synthetic-user-163,prob-recursion-sample-easy-recursion,1
synthetic-user-163,prob-bank-007,1
synthetic-user-163,prob-bank-019,1
synthetic-user-163,prob-backtracking-sample-medium-backtracking,1
synthetic-user-163,prob-greedy-sample-easy-greedy,1
synthetic-user-163,prob-bank-009,1
synthetic-user-163,prob-bank-034,1
synthetic-user-163,prob-slidingWindow-sample-medium-slidingwindow,1
synthetic-user-163,prob-heaps-sample-easy-heaps,1
synthetic-user-163,prob-linkedLists-add-two-numbers,1
synthetic-user-163,prob-bst-sample-hard-bst,1
synthetic-user-163,prob-hashing-longest-consecutive-sequence,1
synthetic-user-163,prob-greedy-sample-medium-greedy,1
synthetic-user-163,prob-queues-sliding-window-maximum,1
synthetic-user-163,prob-advanced-sample-medium-advanced,1
synthetic-user-164,prob-backtracking-sample-medium-backtracking,1
synthetic-user-164,prob-bank-030,1
synthetic-user-164,prob-bank-020,1
synthetic-user-164,prob-bank-003,1
synthetic-user-164,prob-heaps-sample-easy-heaps,1
synthetic-user-164,prob-dp-sample-hard-dp,1
synthetic-user-164,prob-arrays-3sum,1
synthetic-user-164,prob-trees-same-tree,1
synthetic-user-164,prob-linkedLists-reverse-linked-list,1
synthetic-user-164,prob-bank-009,1
synthetic-user-164,prob-bst-sample-hard-bst,1
synthetic-user-164,prob-queues-design-circular-queue,1
synthetic-user-164,prob-greedy-sample-easy-greedy,1
synthetic-user-164,prob-hashing-intersection-of-two-arrays,1
synthetic-user-164,prob-bank-032,1
synthetic-user-165,prob-arrays-best-time-to-buy-and-sell-stock,1
synthetic-user-165,prob-graphs-sample-hard-graphs,1
synthetic-user-165,prob-stacks-largest-rectangle-in-histogram,1
synthetic-user-165,prob-trees-same-tree,1
synthetic-user-165,prob-bank-040,1
synthetic-user-165,prob-bank-004,1
synthetic-user-165,prob-graphs-sample-easy-graphs,1
synthetic-user-165,prob-tries-sample-medium-tries,1
synthetic-user-165,prob-slidingWindow-sample-hard-slidingwindow,1
synthetic-user-165,prob-dp-sample-easy-dp,1
synthetic-user-165,prob-bank-035,1
synthetic-user-165,prob-segmentTrees-sample-hard-segmenttrees,1
synthetic-user-165,prob-advanced-sample-hard-advanced,1
synthetic-user-165,prob-strings-valid-anagram,1
synthetic-user-165,prob-tries-sample-easy-tries,1
synthetic-user-165,prob-stacks-evaluate-reverse-polish-notation,1
synthetic-user-165,prob-trees-invert-binary-tree,1
synthetic-user-165,prob-linkedLists-merge-two-sorted-lists,1
synthetic-user-165,prob-backtracking-sample-medium-backtracking,1
synthetic-user-165,prob-bitManipulation-sample-hard-bitmanipulation,1
synthetic-user-165,prob-stacks-valid-parentheses,1
synthetic-user-165,prob-bank-010,1
synthetic-user-165,prob-bank-001,1
synthetic-user-165,prob-bst-sample-hard-bst,1
synthetic-user-166,prob-recursion-sample-hard-recursion,1
synthetic-user-166,prob-bitManipulation-sample-easy-bitmanipulation,1
synthetic-user-166,prob-arrays-best-time-to-buy-and-sell-stock,1
synthetic-user-166,prob-hashing-contains-duplicate,1
synthetic-user-166,prob-bank-032,1
synthetic-user-166,prob-recursion-sample-medium-recursion,1
synthetic-user-166,prob-bitManipulation-sample-medium-bitmanipulation,1
synthetic-user-166,prob-twoPointers-sample-hard-twopointers,1
synthetic-user-166,prob-bank-035,1
synthetic-user-166,prob-strings-valid-anagram,1
synthetic-user-166,prob-heaps-sample-medium-heaps,1
synthetic-user-166,prob-advanced-sample-medium-advanced,1
synthetic-user-166,prob-queues-implement-queue-using-stacks,1
synthetic-user-166,prob-bank-007,1
synthetic-user-166,prob-bank-026,1
synthetic-user-166,prob-heaps-sample-hard-heaps,1
synthetic-user-166,prob-bank-001,1
synthetic-user-166,prob-bank-034,1
synthetic-user-166,prob-dp-sample-easy-dp,1
synthetic-user-166,prob-dp-sample-hard-dp,1
synthetic-user-166,prob-trees-binary-tree-level-order-traversal,1
synthetic-user-166,prob-strings-longest-substring-without-repeating-characters,1
synthetic-user-166,prob-bank-011,1
synthetic-user-166,prob-bank-027,1
synthetic-user-166,prob-bank-037,1
synthetic-user-166,prob-bank-040,1
synthetic-user-166,prob-bank-002,1
synthetic-user-166,prob-greedy-sample-hard-greedy,1
synthetic-user-166,prob-bank-030,1
synthetic-user-167,prob-linkedLists-reverse-linked-list,1
synthetic-user-167,prob-bank-026,1
synthetic-user-167,prob-graphs-sample-easy-graphs,1
synthetic-user-167,prob-queues-sliding-window-maximum,1
synthetic-user-167,prob-recursion-sample-easy-recursion,1
synthetic-user-167,prob-bank-022,1
synthetic-user-167,prob-twoPointers-sample-medium-twopointers,1
synthetic-user-167,prob-dp-sample-hard-dp,1
synthetic-user-167,prob-arrays-best-time-to-buy-and-sell-stock,1
synthetic-user-167,prob-bst-sample-easy-bst,1
synthetic-user-167,prob-backtracking-sample-hard-backtracking,1
synthetic-user-167,prob-bank-015,1
synthetic-user-167,prob-hashing-contains-duplicate,1
synthetic-user-167,prob-bitManipulation-sample-hard-bitmanipulation,1
synthetic-user-167,prob-recursion-sample-medium-recursion,1
synthetic-user-167,prob-bank-032,1
synthetic-user-167,prob-strings-longest-substring-without-repeating-characters,1
synthetic-user-167,prob-bank-029,1
synthetic-user-167,prob-bank-001,1
synthetic-user-167,prob-bank-017,1
synthetic-user-167,prob-trees-same-tree,1
synthetic-user-167,prob-segmentTrees-sample-hard-segmenttrees,1
synthetic-user-167,prob-stacks-largest-rectangle-in-histogram,1
synthetic-user-167,prob-bank-039,1
synthetic-user-167,prob-trees-binary-tree-level-order-traversal,1
synthetic-user-167,prob-bank-004,1
synthetic-user-167,prob-bank-018,1
synthetic-user-167,prob-tries-sample-medium-tries,1
synthetic-user-167,prob-linkedLists-merge-two-sorted-lists,1
synthetic-user-168,prob-bank-023,1
synthetic-user-168,prob-trees-same-tree,1
synthetic-user-168,prob-bank-030,1
synthetic-user-168,prob-bank-009,1
synthetic-user-168,prob-queues-design-circular-queue,1
synthetic-user-168,prob-hashing-intersection-of-two-arrays,1
synthetic-user-168,prob-bank-003,1
synthetic-user-168,prob-graphs-sample-hard-graphs,1
synthetic-user-168,prob-dp-sample-medium-dp,1
synthetic-user-168,prob-bank-012,1
synthetic-user-168,prob-bank-037,1
synthetic-user-168,prob-tries-sample-hard-tries,1
synthetic-user-169,prob-heaps-sample-easy-heaps,1
synthetic-user-169,prob-arrays-3sum,1
synthetic-user-169,prob-bank-029,1
synthetic-user-169,prob-bitManipulation-sample-easy-bitmanipulation,1
synthetic-user-169,prob-segmentTrees-sample-easy-segmenttrees,1
synthetic-user-169,prob-bank-033,1
synthetic-user-169,prob-hashing-longest-consecutive-sequence,1
synthetic-user-169,prob-recursion-sample-hard-recursion,1
synthetic-user-169,prob-strings-longest-substring-without-repeating-characters,1
synthetic-user-169,prob-bank-003,1
synthetic-user-169,prob-twoPointers-sample-hard-twopointers,1
synthetic-user-169,prob-bank-012,1
synthetic-user-169,prob-greedy-sample-medium-greedy,1
synthetic-user-169,prob-bank-010,1
synthetic-user-169,prob-bank-031,1
synthetic-user-169,prob-bank-040,1
synthetic-user-169,prob-bank-013,1
synthetic-user-169,prob-bst-sample-hard-bst,1
synthetic-user-169,prob-bank-027,1
synthetic-user-169,prob-tries-sample-hard-tries,1
synthetic-user-169,prob-dp-sample-hard-dp,1
synthetic-user-169,prob-advanced-sample-hard-advanced,1
synthetic-user-169,prob-backtracking-sample-hard-backtracking,1
synthetic-user-169,prob-bank-017,1
synthetic-user-170,prob-linkedLists-add-two-numbers,1
synthetic-user-170,prob-bank-008,1
synthetic-user-170,prob-trees-same-tree,1
synthetic-user-170,prob-advanced-sample-easy-advanced,1
synthetic-user-170,prob-greedy-sample-medium-greedy,1
synthetic-user-170,prob-backtracking-sample-easy-backtracking,1
synthetic-user-171,prob-advanced-sample-medium-advanced,1
synthetic-user-171,prob-arrays-two-sum,1
synthetic-user-171,prob-bank-040,1
synthetic-user-171,prob-bank-022,1
synthetic-user-171,prob-bank-005,1
synthetic-user-171,prob-bitManipulation-sample-easy-bitmanipulation,1
synthetic-user-171,prob-bank-034,1
synthetic-user-171,prob-bst-sample-hard-bst,1
synthetic-user-171,prob-arrays-3sum,1
synthetic-user-171,prob-bank-020,1
synthetic-user-171,prob-segmentTrees-sample-medium-segmenttrees,1
synthetic-user-171,prob-recursion-sample-easy-recursion,1
synthetic-user-172,prob-linkedLists-add-two-numbers,1
synthetic-user-172,prob-bank-025,1
synthetic-user-172,prob-bank-009,1
synthetic-user-172,prob-bitManipulation-sample-medium-bitmanipulation,1
synthetic-user-172,prob-heaps-sample-easy-heaps,1
synthetic-user-172,prob-bank-008,1
synthetic-user-172,prob-bank-028,1
synthetic-user-172,prob-bank-004,1
synthetic-user-172,prob-bank-011,1
synthetic-user-172,prob-trees-same-tree,1
synthetic-user-172,prob-bank-019,1
synthetic-user-172,prob-greedy-sample-easy-greedy,1
synthetic-user-172,prob-dp-sample-hard-dp,1
synthetic-user-172,prob-slidingWindow-sample-medium-slidingwindow,1
synthetic-user-172,prob-bank-023,1
synthetic-user-172,prob-bank-034,1
synthetic-user-172,prob-queues-sliding-window-maximum,1
synthetic-user-172,prob-queues-implement-queue-using-stacks,1
synthetic-user-172,prob-bank-007,1
synthetic-user-172,prob-bank-040,1
synthetic-user-172,prob-strings-longest-substring-without-repeating-characters,1
synthetic-user-172,prob-hashing-intersection-of-two-arrays,1
synthetic-user-172,prob-bst-sample-medium-bst,1
synthetic-user-172,prob-strings-valid-anagram,1
synthetic-user-173,prob-bank-003,1
synthetic-user-173,prob-heaps-sample-easy-heaps,1
synthetic-user-173,prob-queues-implement-queue-using-stacks,1
synthetic-user-173,prob-strings-valid-anagram,1
synthetic-user-174,prob-bitManipulation-sample-medium-bitmanipulation,1
synthetic-user-174,prob-bank-025,1
synthetic-user-174,prob-bank-003,1
synthetic-user-174,prob-bank-008,1
synthetic-user-174,prob-bank-020,1
synthetic-user-174,prob-bank-030,1
synthetic-user-174,prob-bank-016,1
synthetic-user-174,prob-recursion-sample-hard-recursion,1
synthetic-user-174,prob-linkedLists-reverse-linked-list,1
synthetic-user-174,prob-segmentTrees-sample-medium-segmenttrees,1
synthetic-user-174,prob-graphs-sample-medium-graphs,1
synthetic-user-174,prob-bank-018,1
synthetic-user-174,prob-bank-032,1
synthetic-user-174,prob-stacks-valid-parentheses,1
synthetic-user-174,prob-arrays-best-time-to-buy-and-sell-stock,1
synthetic-user-174,prob-heaps-sample-hard-heaps,1
synthetic-user-174,prob-bank-024,1
synthetic-user-174,prob-stacks-evaluate-reverse-polish-notation,1
synthetic-user-174,prob-advanced-sample-hard-advanced,1
synthetic-user-174,prob-bank-022,1
synthetic-user-174,prob-linkedLists-merge-two-sorted-lists,1
synthetic-user-175,prob-bank-036,1
synthetic-user-175,prob-slidingWindow-sample-hard-slidingwindow,1
synthetic-user-175,prob-segmentTrees-sample-hard-segmenttrees,1
synthetic-user-175,prob-bank-031,1
synthetic-user-175,prob-linkedLists-merge-two-sorted-lists,1
synthetic-user-175,prob-bank-019,1
synthetic-user-175,prob-backtracking-sample-medium-backtracking,1
synthetic-user-175,prob-bank-008,1
synthetic-user-175,prob-strings-longest-substring-without-repeating-characters,1
synthetic-user-175,prob-bank-034,1
synthetic-user-175,prob-stacks-valid-parentheses,1
synthetic-user-175,prob-greedy-sample-hard-greedy,1
synthetic-user-175,prob-graphs-sample-easy-graphs,1
synthetic-user-175,prob-bank-007,1
synthetic-user-175,prob-queues-implement-queue-using-stacks,1
synthetic-user-175,prob-bank-033,1
synthetic-user-175,prob-graphs-sample-hard-graphs,1
synthetic-user-175,prob-bank-009,1
synthetic-user-176,prob-heaps-sample-easy-heaps,1
synthetic-user-176,prob-bank-008,1
synthetic-user-176,prob-bank-025,1
synthetic-user-176,prob-recursion-sample-medium-recursion,1
synthetic-user-176,prob-bank-013,1
synthetic-user-176,prob-bank-021,1
synthetic-user-176,prob-bst-sample-medium-bst,1
synthetic-user-177,prob-bank-012,1
synthetic-user-177,prob-slidingWindow-sample-hard-slidingwindow,1
synthetic-user-177,prob-bank-036,1
synthetic-user-177,prob-queues-design-circular-queue,1
synthetic-user-177,prob-bank-022,1
synthetic-user-177,prob-bank-014,1
synthetic-user-177,prob-segmentTrees-sample-easy-segmenttrees,1
synthetic-user-177,prob-bank-027,1
synthetic-user-177,prob-advanced-sample-medium-advanced,1
synthetic-user-177,prob-bank-030,1
synthetic-user-177,prob-bank-026,1
synthetic-user-177,prob-twoPointers-sample-easy-twopointers,1
synthetic-user-177,prob-bank-037,1
synthetic-user-177,prob-bst-sample-easy-bst,1
synthetic-user-177,prob-bst-sample-hard-bst,1
synthetic-user-177,prob-bank-011,1
synthetic-user-177,prob-slidingWindow-sample-easy-slidingwindow,1
synthetic-user-177,prob-bank-005,1
synthetic-user-177,prob-tries-sample-medium-tries,1
synthetic-user-177,prob-trees-binary-tree-level-order-traversal,1
synthetic-user-177,prob-bank-009,1
synthetic-user-177,prob-bank-017,1
synthetic-user-177,prob-twoPointers-sample-hard-twopointers,1
synthetic-user-177,prob-bank-034,1
synthetic-user-178,prob-dp-sample-hard-dp,1
synthetic-user-178,prob-segmentTrees-sample-hard-segmenttrees,1
synthetic-user-178,prob-slidingWindow-sample-medium-slidingwindow,1
synthetic-user-178,prob-bank-038,1
synthetic-user-178,prob-bank-022,1
synthetic-user-178,prob-twoPointers-sample-medium-twopointers,1
synthetic-user-178,prob-bank-033,1
synthetic-user-178,prob-bank-018,1
synthetic-user-178,prob-recursion-sample-easy-recursion,1
synthetic-user-178,prob-bank-013,1
synthetic-user-178,prob-bank-010,1
synthetic-user-178,prob-graphs-sample-easy-graphs,1
synthetic-user-178,prob-bitManipulation-sample-easy-bitmanipulation,1
synthetic-user-178,prob-bank-039,1
synthetic-user-178,prob-bank-011,1
synthetic-user-178,prob-bank-036,1
synthetic-user-178,prob-recursion-sample-hard-recursion,1
synthetic-user-178,prob-segmentTrees-sample-medium-segmenttrees,1
synthetic-user-179,prob-bitManipulation-sample-hard-bitmanipulation,1
synthetic-user-179,prob-arrays-two-sum,1
synthetic-user-179,prob-bank-033,1
synthetic-user-179,prob-strings-valid-anagram,1
synthetic-user-179,prob-greedy-sample-easy-greedy,1
synthetic-user-179,prob-bank-017,1
synthetic-user-179,prob-arrays-3sum,1
synthetic-user-179,prob-bank-007,1
synthetic-user-179,prob-hashing-longest-consecutive-sequence,1
synthetic-user-179,prob-greedy-sample-hard-greedy,1
synthetic-user-179,prob-graphs-sample-medium-graphs,1
synthetic-user-179,prob-graphs-sample-easy-graphs,1
synthetic-user-179,prob-dp-sample-medium-dp,1
synthetic-user-179,prob-bank-039,1
synthetic-user-179,prob-bank-029,1
synthetic-user-180,prob-bank-011,1
synthetic-user-180,prob-bank-006,1
synthetic-user-180,prob-bank-012,1
synthetic-user-180,prob-bank-014,1
synthetic-user-180,prob-bank-037,1
synthetic-user-180,prob-trees-same-tree,1
synthetic-user-180,prob-queues-implement-queue-using-stacks,1
synthetic-user-180,prob-strings-valid-anagram,1
synthetic-user-180,prob-advanced-sample-medium-advanced,1
synthetic-user-180,prob-segmentTrees-sample-easy-segmenttrees,1
synthetic-user-180,prob-bank-035,1
synthetic-user-180,prob-hashing-longest-consecutive-sequence,1
synthetic-user-180,prob-backtracking-sample-easy-backtracking,1
synthetic-user-180,prob-segmentTrees-sample-medium-segmenttrees,1
synthetic-user-180,prob-bank-015,1
synthetic-user-180,prob-recursion-sample-medium-recursion,1
synthetic-user-180,prob-graphs-sample-hard-graphs,1
synthetic-user-180,prob-recursion-sample-hard-recursion,1
synthetic-user-180,prob-greedy-sample-hard-greedy,1
synthetic-user-180,prob-stacks-largest-rectangle-in-histogram,1
synthetic-user-180,prob-bank-036,1
synthetic-user-180,prob-slidingWindow-sample-easy-slidingwindow,1
synthetic-user-180,prob-bank-013,1
synthetic-user-180,prob-graphs-sample-easy-graphs,1
synthetic-user-180,prob-stacks-valid-parentheses,1
synthetic-user-180,prob-dp-sample-hard-dp,1
synthetic-user-180,prob-bank-002,1
synthetic-user-180,prob-bst-sample-medium-bst,1
synthetic-user-180,prob-bank-003,1
synthetic-user-180,prob-bank-034,1
synthetic-user-181,prob-greedy-sample-hard-greedy,1
synthetic-user-181,prob-strings-valid-anagram,1
synthetic-user-181,prob-bank-034,1
synthetic-user-181,prob-bank-014,1
synthetic-user-181,prob-bitManipulation-sample-easy-bitmanipulation,1
synthetic-user-181,prob-stacks-evaluate-reverse-polish-notation,1
synthetic-user-181,prob-bank-040,1
synthetic-user-181,prob-linkedLists-merge-two-sorted-lists,1
synthetic-user-181,prob-bank-039,1
synthetic-user-181,prob-tries-sample-easy-tries,1
synthetic-user-181,prob-tries-sample-hard-tries,1
synthetic-user-181,prob-twoPointers-sample-medium-twopointers,1
synthetic-user-181,prob-slidingWindow-sample-hard-slidingwindow,1
synthetic-user-181,prob-hashing-contains-duplicate,1
synthetic-user-181,prob-graphs-sample-hard-graphs,1
synthetic-user-181,prob-bank-036,1
synthetic-user-181,prob-bank-024,1
synthetic-user-181,prob-bank-018,1
synthetic-user-181,prob-arrays-best-time-to-buy-and-sell-stock,1
synthetic-user-181,prob-bank-022,1
synthetic-user-181,prob-bank-021,1
synthetic-user-182,prob-dp-sample-easy-dp,1
synthetic-user-182,prob-bank-008,1
synthetic-user-183,prob-bank-010,1
synthetic-user-183,prob-bank-013,1
synthetic-user-183,prob-trees-same-tree,1
synthetic-user-183,prob-dp-sample-hard-dp,1
synthetic-user-183,prob-bank-005,1
synthetic-user-183,prob-bank-030,1
synthetic-user-183,prob-graphs-sample-medium-graphs,1
synthetic-user-183,prob-linkedLists-reverse-linked-list,1
synthetic-user-183,prob-bank-027,1
synthetic-user-183,prob-bank-034,1
synthetic-user-183,prob-bitManipulation-sample-hard-bitmanipulation,1
synthetic-user-184,prob-bank-017,1
synthetic-user-184,prob-bank-014,1
synthetic-user-184,prob-bank-005,1
synthetic-user-184,prob-stacks-largest-rectangle-in-histogram,1
synthetic-user-184,prob-graphs-sample-medium-graphs,1
synthetic-user-184,prob-twoPointers-sample-medium-twopointers,1
synthetic-user-184,prob-greedy-sample-medium-greedy,1
synthetic-user-184,prob-bitManipulation-sample-hard-bitmanipulation,1
synthetic-user-184,prob-trees-invert-binary-tree,1
synthetic-user-184,prob-hashing-intersection-of-two-arrays,1
synthetic-user-184,prob-tries-sample-medium-tries,1
synthetic-user-184,prob-stacks-evaluate-reverse-polish-notation,1
synthetic-user-184,prob-bank-001,1
synthetic-user-184,prob-bank-039,1
synthetic-user-184,prob-linkedLists-reverse-linked-list,1
synthetic-user-184,prob-bank-011,1
synthetic-user-184,prob-slidingWindow-sample-easy-slidingwindow,1
synthetic-user-184,prob-backtracking-sample-easy-backtracking,1
synthetic-user-184,prob-bank-029,1
synthetic-user-184,prob-bank-024,1
synthetic-user-184,prob-bank-038,1
synthetic-user-184,prob-bank-035,1
synthetic-user-184,prob-bank-031,1
synthetic-user-184,prob-hashing-longest-consecutive-sequence,1
synthetic-user-184,prob-bank-002,1
synthetic-user-185,prob-bank-003,1
synthetic-user-185,prob-bitManipulation-sample-hard-bitmanipulation,1
synthetic-user-185,prob-bank-024,1
synthetic-user-185,prob-bank-014,1
synthetic-user-185,prob-heaps-sample-medium-heaps,1
synthetic-user-185,prob-bank-012,1
synthetic-user-185,prob-bank-019,1
synthetic-user-186,prob-recursion-sample-medium-recursion,1
synthetic-user-186,prob-stacks-valid-parentheses,1
synthetic-user-186,prob-backtracking-sample-medium-backtracking,1
synthetic-user-186,prob-bank-040,1
synthetic-user-186,prob-twoPointers-sample-medium-twopointers,1
synthetic-user-186,prob-dp-sample-hard-dp,1
synthetic-user-186,prob-bank-028,1
synthetic-user-186,prob-bank-014,1
synthetic-user-187,prob-bank-026,1
synthetic-user-187,prob-slidingWindow-sample-medium-slidingwindow,1
synthetic-user-187,prob-twoPointers-sample-easy-twopointers,1
synthetic-user-187,prob-segmentTrees-sample-medium-segmenttrees,1
synthetic-user-188,prob-dp-sample-hard-dp,1
synthetic-user-188,prob-tries-sample-hard-tries,1
synthetic-user-188,prob-bank-017,1
synthetic-user-188,prob-bank-024,1
synthetic-user-188,prob-strings-valid-palindrome,1
synthetic-user-188,prob-bank-039,1
synthetic-user-188,prob-dp-sample-easy-dp,1
synthetic-user-189,prob-bank-019,1
synthetic-user-189,prob-twoPointers-sample-hard-twopointers,1
synthetic-user-189,prob-bank-020,1
synthetic-user-189,prob-trees-invert-binary-tree,1
synthetic-user-189,prob-strings-longest-substring-without-repeating-characters,1
synthetic-user-189,prob-graphs-sample-hard-graphs,1
synthetic-user-189,prob-heaps-sample-medium-heaps,1
synthetic-user-189,prob-bank-028,1
synthetic-user-189,prob-segmentTrees-sample-hard-segmenttrees,1
synthetic-user-189,prob-trees-same-tree,1
synthetic-user-189,prob-bank-037,1
synthetic-user-189,prob-bank-034,1
synthetic-user-190,prob-bank-035,1
synthetic-user-190,prob-linkedLists-reverse-linked-list,1
synthetic-user-190,prob-recursion-sample-medium-recursion,1
synthetic-user-190,prob-bank-020,1
synthetic-user-191,prob-greedy-sample-easy-greedy,1
synthetic-user-191,prob-arrays-best-time-to-buy-and-sell-stock,1
synthetic-user-191,prob-tries-sample-medium-tries,1
synthetic-user-191,prob-bank-029,1
synthetic-user-191,prob-queues-sliding-window-maximum,1
synthetic-user-191,prob-dp-sample-easy-dp,1
synthetic-user-191,prob-advanced-sample-easy-advanced,1
synthetic-user-191,prob-bank-001,1
synthetic-user-191,prob-arrays-3sum,1
synthetic-user-191,prob-tries-sample-easy-tries,1
synthetic-user-191,prob-heaps-sample-hard-heaps,1
synthetic-user-191,prob-bank-009,1
synthetic-user-191,prob-graphs-sample-easy-graphs,1
synthetic-user-191,prob-bank-030,1
synthetic-user-191,prob-bank-010,1
synthetic-user-191,prob-bank-007,1
synthetic-user-191,prob-backtracking-sample-easy-backtracking,1
synthetic-user-191,prob-bank-011,1
synthetic-user-191,prob-bank-002,1
synthetic-user-191,prob-bank-020,1
synthetic-user-191,prob-trees-invert-binary-tree,1
synthetic-user-191,prob-bank-032,1
synthetic-user-191,prob-bitManipulation-sample-easy-bitmanipulation,1
synthetic-user-191,prob-bank-015,1
synthetic-user-191,prob-bank-008,1
synthetic-user-191,prob-strings-longest-substring-without-repeating-characters,1
synthetic-user-191,prob-recursion-sample-hard-recursion,1
synthetic-user-191,prob-bst-sample-easy-bst,1
synthetic-user-192,prob-heaps-sample-medium-heaps,1
synthetic-user-192,prob-bank-030,1
synthetic-user-192,prob-bank-020,1
synthetic-user-192,prob-backtracking-sample-medium-backtracking,1
synthetic-user-192,prob-linkedLists-reverse-linked-list,1
synthetic-user-192,prob-advanced-sample-hard-advanced,1
synthetic-user-192,prob-bank-024,1
synthetic-user-192,prob-arrays-best-time-to-buy-and-sell-stock,1
synthetic-user-192,prob-linkedLists-add-two-numbers,1
synthetic-user-192,prob-bitManipulation-sample-medium-bitmanipulation,1
synthetic-user-193,prob-bank-025,1
synthetic-user-193,prob-segmentTrees-sample-medium-segmenttrees,1
synthetic-user-193,prob-queues-design-circular-queue,1
synthetic-user-193,prob-arrays-3sum,1
synthetic-user-193,prob-greedy-sample-medium-greedy,1
synthetic-user-193,prob-bank-024,1
synthetic-user-193,prob-bitManipulation-sample-medium-bitmanipulation,1
synthetic-user-193,prob-graphs-sample-hard-graphs,1
synthetic-user-193,prob-bitManipulation-sample-easy-bitmanipulation,1
synthetic-user-193,prob-bank-006,1
synthetic-user-193,prob-queues-implement-queue-using-stacks,1
synthetic-user-193,prob-dp-sample-medium-dp,1
synthetic-user-193,prob-bank-003,1
synthetic-user-193,prob-bank-017,1
synthetic-user-193,prob-bank-009,1
synthetic-user-193,prob-stacks-largest-rectangle-in-histogram,1
synthetic-user-193,prob-bst-sample-hard-bst,1
synthetic-user-193,prob-heaps-sample-medium-heaps,1
synthetic-user-193,prob-bank-005,1
synthetic-user-193,prob-advanced-sample-medium-advanced,1
synthetic-user-193,prob-bank-012,1
synthetic-user-193,prob-bank-037,1
synthetic-user-194,prob-bank-008,1
synthetic-user-194,prob-dp-sample-easy-dp,1
synthetic-user-194,prob-tries-sample-easy-tries,1
synthetic-user-194,prob-bank-003,1
synthetic-user-194,prob-bitManipulation-sample-hard-bitmanipulation,1
synthetic-user-194,prob-bank-036,1
synthetic-user-194,prob-trees-binary-tree-level-order-traversal,1
synthetic-user-194,prob-arrays-3sum,1
synthetic-user-195,prob-segmentTrees-sample-easy-segmenttrees,1
synthetic-user-195,prob-bank-040,1
synthetic-user-195,prob-bank-021,1
synthetic-user-195,prob-greedy-sample-hard-greedy,1
synthetic-user-195,prob-recursion-sample-easy-recursion,1
synthetic-user-195,prob-bank-005,1
synthetic-user-195,prob-backtracking-sample-hard-backtracking,1
synthetic-user-195,prob-linkedLists-merge-two-sorted-lists,1
synthetic-user-195,prob-bank-038,1
synthetic-user-195,prob-recursion-sample-hard-recursion,1
synthetic-user-195,prob-bitManipulation-sample-medium-bitmanipulation,1
synthetic-user-195,prob-strings-valid-palindrome,1
synthetic-user-195,prob-bank-012,1
synthetic-user-195,prob-bank-034,1
synthetic-user-195,prob-graphs-sample-medium-graphs,1
synthetic-user-195,prob-trees-same-tree,1
synthetic-user-195,prob-tries-sample-medium-tries,1
synthetic-user-195,prob-bitManipulation-sample-hard-bitmanipulation,1
synthetic-user-195,prob-hashing-longest-consecutive-sequence,1
synthetic-user-195,prob-stacks-largest-rectangle-in-histogram,1
synthetic-user-195,prob-bitManipulation-sample-easy-bitmanipulation,1
synthetic-user-195,prob-bank-007,1
synthetic-user-196,prob-bank-021,1
synthetic-user-196,prob-bank-028,1
synthetic-user-196,prob-graphs-sample-hard-graphs,1
synthetic-user-196,prob-slidingWindow-sample-hard-slidingwindow,1
synthetic-user-196,prob-recursion-sample-easy-recursion,1
synthetic-user-196,prob-bank-014,1
synthetic-user-196,prob-trees-same-tree,1
synthetic-user-196,prob-twoPointers-sample-easy-twopointers,1
synthetic-user-196,prob-dp-sample-easy-dp,1
synthetic-user-196,prob-bank-018,1
synthetic-user-196,prob-tries-sample-easy-tries,1
synthetic-user-196,prob-advanced-sample-easy-advanced,1
synthetic-user-196,prob-bank-010,1
synthetic-user-196,prob-hashing-intersection-of-two-arrays,1
synthetic-user-196,prob-heaps-sample-hard-heaps,1
synthetic-user-196,prob-bank-024,1
synthetic-user-196,prob-hashing-longest-consecutive-sequence,1
synthetic-user-196,prob-bank-015,1
synthetic-user-196,prob-bank-039,1
synthetic-user-196,prob-heaps-sample-medium-heaps,1
synthetic-user-196,prob-bank-025,1
synthetic-user-196,prob-bank-032,1
synthetic-user-196,prob-bank-008,1
synthetic-user-196,prob-bank-020,1
synthetic-user-196,prob-twoPointers-sample-medium-twopointers,1
synthetic-user-196,prob-trees-invert-binary-tree,1
synthetic-user-196,prob-bank-013,1
synthetic-user-196,prob-trees-binary-tree-level-order-traversal,1
synthetic-user-197,prob-bank-012,1
synthetic-user-197,prob-bank-009,1
synthetic-user-197,prob-bank-033,1
synthetic-user-198,prob-dp-sample-medium-dp,1
synthetic-user-198,prob-trees-invert-binary-tree,1
synthetic-user-198,prob-bank-034,1
synthetic-user-198,prob-strings-valid-palindrome,1
synthetic-user-198,prob-bank-038,1
synthetic-user-198,prob-slidingWindow-sample-medium-slidingwindow,1
synthetic-user-199,prob-twoPointers-sample-hard-twopointers,1
synthetic-user-199,prob-bank-036,1
synthetic-user-199,prob-bank-022,1
synthetic-user-199,prob-bank-035,1
synthetic-user-199,prob-backtracking-sample-hard-backtracking,1
synthetic-user-199,prob-trees-same-tree,1
synthetic-user-199,prob-bank-040,1
synthetic-user-199,prob-heaps-sample-easy-heaps,1
synthetic-user-199,prob-queues-design-circular-queue,1
synthetic-user-199,prob-hashing-intersection-of-two-arrays,1
