coding_score,dsa_score,cs_fundamentals,interview_score,resume_score,problems_solved,problems_attempted,solve_rate,avg_time,hints_used,quiz_average,coding_streak,learning_velocity,topic_mastery_arrays,topic_mastery_trees,topic_mastery_graphs,topic_mastery_dp,topic_mastery_os,target_readiness
60.728200084315496,57.29336614730926,58.90053281156609,51.847087510489814,61.86663528949801,91,127,0.7165354330708661,1761.7564912520966,18,70.24783328888105,3,8.347434669573254,80.6625166745182,63.19302740816775,44.84025854861555,51.19044463072182,73.00645625279435,60.96474560273332
62.42053305864425,57.49603518361844,54.796963648765455,57.158486063869745,77.04899191213603,66,95,0.6947368421052632,1853.4766067384082,2,72.71090426068884,5,13.06546607890683,82.59077650942763,64.76384198891367,40.87320658226879,54.49928224022625,59.0794125204024,60.519739377827634
69.84799916971969,73.8835952648421,62.13785485327858,52.12917916776391,69.93497227967882,63,81,0.7777777777777778,2256.6073558566723,20,68.76557852318864,11,5.943862004201689,78.16399770473812,53.423216816176975,54.87323793591827,34.09225709759508,63.48787783935913,62.93222716564336
44.01725906948114,28.78769269082456,40.97733464541505,20.14069050076397,32.19007019212307,40,67,0.5970149253731343,2275.197699337,44,28.36043480790323,1,3.6686170751018174,37.33390794693288,11.33863224672184,25.549245897675114,15.503997434166202,47.561908270877964,31.19544432353929
68.13285045373048,56.46771442215362,54.959932584335874,66.78688852681505,69.80597783152392,69,92,0.75,1866.6432369634113,3,68.65797727638274,14,8.987142493537393,80.97979227855454,54.52346506264277,52.506090858139046,37.32859111786668,53.693911044157176,63.07582428691686
62.60079833652324,62.5126256634921,53.4472285756659,51.93988954940372,58.62723616597846,109,144,0.7569444444444444,1471.6639890124243,13,70.97113853203801,13,9.81699838012341,70.01644621094883,69.65450779021738,55.528090652943106,40.87450494720113,68.18231193098921,58.66440543733802
63.043481889738885,73.81688104877026,73.14255778548463,72.57274345585799,77.74627437160214,148,204,0.7254901960784313,1304.9244526212547,54,55.56138810762999,5,6.342320545314672,60.588507106989745,47.91754421059092,57.99366083917766,46.595107172769644,57.80182545738556,69.6794946034439
47.615459222432875,10.869702246747224,31.086529285489462,48.05921629693957,31.178688053799284,10,18,0.5555555555555556,3170.0988200542893,13,29.86668362510079,3,1.9531445053160759,57.039119587353696,25.478350846788572,24.114384172428252,7.103294699275626,30.2261251164063,32.48765030746599
87.55575886313657,70.89078919263112,70.11101752344594,84.99411346669311,90.6909311769813,305,344,0.8866279069767442,1113.9612928652573,12,93.5876121275569,20,32.278513736598065,87.89320175899891,87.1643573018696,75.41480569460496,76.21317567060507,77.73581177423708,79.71040023520703
22.954510671510352,31.415634901013522,24.544094091589777,28.383148310246405,55.487763306386654,13,27,0.48148148148148145,3496.3169963517184,14,42.57183310338368,3,5.668250559057794,32.49566873656827,13.264313115008731,34.85469415808669,29.284778923891498,41.60764496343981,32.72597945777686
92.49746409289985,70.41178984456673,81.73430377206303,82.58922761186929,89.11789999835385,261,309,0.8446601941747572,1180.7886732041684,20,91.86824253470283,43,14.245231492308426,97.95591612784051,78.74738659118496,78.78293476657035,68.98857861300009,73.14505840865128,84.2677428662625
93.01979988113315,77.2038004925484,93.22640508677613,77.48691682861741,95.75240513518074,236,263,0.8973384030418251,654.7224421043653,7,93.43873874340001,28,23.8745158815465,91.61290451819268,93.39843120621398,81.80626718235487,72.03194878048092,90.24187590664724,87.04200414822856
51.71185364034226,60.66145248513776,56.39868375442225,51.11650072193059,63.37810666740562,97,127,0.7637795275590551,1585.9414190935254,2,67.5299311535123,14,13.325121685267925,75.55211264516552,45.935799436326754,55.49792548446721,32.650943900714786,60.09241083831398,53.665366193547
70.15378755102915,53.67303761575291,65.5041778330079,66.64513651151931,61.81076507313853,71,87,0.8160919540229885,1422.1335483775247,13,74.74437435369883,9,9.900906912143615,78.77676197120026,57.882385940786136,37.162111053790966,48.38419124331317,70.83073159969514,64.33120230128894
74.97053681038287,72.41388778279887,51.47324989328068,51.08987304481486,62.63526327428787,75,114,0.6578947368421053,1932.1708143915832,30,55.655127642633246,14,6.444756965946054,65.82430530195097,67.63723693728315,35.92233222276921,35.49501779904809,57.739233805955784,63.64543939957753
71.00235409856253,51.1335397869759,65.6281530298138,58.73162264619097,67.79569401656386,68,90,0.7555555555555555,1743.0961500882859,25,74.65172808753522,6,12.387758812075145,78.43121971891841,55.690686792184714,38.111020269023605,43.25436924417808,59.536726599845814,65.37660318122597
66.40986739451151,68.1947924936297,49.073031166852275,70.0659924019385,70.25070783688285,136,204,0.6666666666666666,1348.909339116046,4,59.489803927249895,8,5.7926617768317366,76.41326090470466,46.38932272121753,37.88064553273992,32.69665685791477,51.31210162056391,66.94326507715674
53.08125560676264,67.442557496143,53.84552150722118,66.3127443400171,56.061385893134094,150,235,0.6382978723404256,1857.2090984532292,27,59.386508690077385,3,14.725579630469195,80.47672062016018,49.282893845819956,53.002777971871666,42.13915009588158,54.67612909174821,60.955031340195085
80.72068405718437,70.40295428748095,70.00292806618076,87.13323059551735,92.76428944674687,400,489,0.8179959100204499,517.2147334537499,27,76.68603381661556,26,24.665882527980276,96.33586739148694,93.98980369023084,84.81656191879043,75.09507697109383,82.33353970130952,77.66493901778605
51.028389289365634,68.96887575770913,49.13853031405071,55.55965440492221,69.42837087173143,91,120,0.7583333333333333,1902.0916902430777,20,57.48744075430504,13,14.2395490982493,64.02774762964583,59.92655052357219,43.54663429841735,41.490291794340095,57.17500447697425,58.771728124481534
18.742263899173324,42.159684343199615,36.42904346313843,38.07408715842156,58.12473809084206,26,39,0.6666666666666666,3367.108513805585,5,26.39680918345606,3,2.0244330128071013,38.9095070536492,30.599465442011017,20.73933377594785,20.67826576453468,43.06011935676263,35.01981306499978
77.50951422971099,64.96214377914762,73.6964672618762,55.03616204114485,76.59892570287558,63,85,0.7411764705882353,1305.6511799732818,22,63.2894715460794,12,9.32642480604036,71.70210150469117,69.65889488764353,45.63270375752883,45.10180251497659,51.36349151687877,70.24209460163966
46.20488402315374,38.27695658200848,43.30420340972891,30.80046619000195,58.31063798244711,21,59,0.3559322033898305,3344.056901654428,7,26.05949825784651,3,5.981708426916851,48.18439550187002,33.493301525798444,33.34217593879541,5.50060976174075,46.03972068034348,37.83635828799842
39.71212435549066,38.334483198306174,21.538236196522135,22.656305228044467,46.890530867304165,28,59,0.4745762711864407,3118.1559432732975,22,45.51035634404255,3,1.9545064833983719,30.495588347998854,19.669697829616084,13.742315312067902,18.711726309587654,45.165813547006536,32.58086505249284
93.50152337258189,88.5926041933762,82.79474657118405,76.06695993977796,88.1857581659479,304,360,0.8444444444444444,635.8103565801453,22,96.27608503288934,53,23.508267262957894,93.81767953101645,87.42839514729523,81.21597391922039,66.88220533629651,73.90516421716555,90.83109100465822
56.38742729296919,72.58865107923026,66.08540121530547,69.21490986225687,64.42590895460631,83,109,0.7614678899082569,2142.1877877853512,17,77.33162652447788,3,11.109736467958811,82.74824247443041,64.77222357964881,49.08447395564038,31.905342119504972,66.31808598889182,63.99776919439643
68.69864001335489,46.76413601664914,60.883945559143996,51.1245284436377,55.7297710123617,43,66,0.6515151515151515,2170.59956724797,15,63.936161772951465,12,12.24522838578924,72.86299995720859,47.80298125406747,51.289815162018115,45.23667007766182,62.89104668501956,56.44880604634079
63.290148417890535,72.93474273331867,56.845229992950635,60.70439218655376,69.464001379978,97,121,0.8016528925619835,2302.2926913785436,14,69.02566813351014,8,5.356228657540987,66.88989836926622,62.33816068064971,45.65090406848904,42.921758791294,72.93238991537214,65.14379629502533
70.34869568842957,66.25684705745851,68.26704443428295,53.11388470998723,71.34331250315358,110,160,0.6875,2329.8950050813028,33,55.07548115242152,7,10.469223308068358,83.89632186168228,69.85584088774239,49.185198382588,34.345037223630754,54.076250500217654,64.82028657902035
85.18702425496517,70.88856531506828,74.58956186765901,91.2086582714634,92.41462762751364,379,402,0.9427860696517413,685.9551137676516,3,77.29227020776584,13,21.096040644728106,83.49300130910736,91.21978131939602,72.45487194688997,74.96410875395775,82.57107654997716,79.55814298650989
74.83300660734757,74.90719244114385,66.93418675943158,57.86304882294457,62.475299832302746,74,91,0.8131868131868132,1354.3424142926806,16,68.35938615544504,14,13.363431957858374,81.81544925491532,46.2315183677683,39.02258395131434,36.88225339417011,64.87164627219005,68.41016419275043
88.1367328683143,77.90478708364799,74.54313340710416,94.2231883142033,96.05079557364942,440,463,0.9503239740820735,315.43480372367833,23,89.34609095187221,41,19.105987771567513,82.65289155201906,82.79089294737693,65.1336540213591,83.4603435964536,80.37037798472367,83.16504351314885
61.671538459290296,70.16554752793132,63.69213100207557,68.41890863328558,63.727602886239524,56,88,0.6363636363636364,2075.411173199849,11,67.84433161563975,10,12.063792099030417,70.42588061282927,50.59231911911785,53.08898229986046,45.1955943035347,62.53357201061948,63.49264798986673
45.36838718217254,36.77175595785045,33.20851140919947,46.351629987579386,34.130583951598254,7,15,0.4666666666666667,1910.4094779826535,13,31.112987785959998,0,5.71943148367277,57.25241079831001,23.979245748352334,13.553963612768252,9.45269139896089,30.571289529055562,38.99096839722869
59.15096370160586,49.84187753234379,45.39350027320453,70.53280860823364,70.9163639836447,148,236,0.6271186440677966,1559.4258450132975,9,67.39010428010187,6,11.533399244188107,81.28565986037515,68.5614459633324,59.93301529099426,37.054466141230826,64.38425162064291,63.952274223378126
55.37873406563787,52.98263207606849,56.52045089181553,65.58147439231999,66.00082882510013,113,161,0.7018633540372671,1262.752492431698,34,77.49554810346312,14,7.512591634671271,62.289800853611716,53.40851596301917,54.323338508993885,47.90735826217096,65.27319056970072,59.019811421072504
53.83227202074621,65.06846626548234,73.8030691470157,67.43015234665737,75.08302817559344,53,65,0.8153846153846154,1153.3231298276,15,55.276473574076746,11,13.252763412727408,80.71986865927808,55.423238305087786,53.18232854859946,41.1809483944568,68.49148236166691,59.319533754522354
75.80879700984293,45.380617626986066,56.08997932482553,56.43161965302617,69.20081471936808,45,70,0.6428571428571429,2244.9014370824675,7,67.2214608678908,11,8.400092669079054,61.62198045234846,57.636041417945115,50.04089339558341,30.146040003037758,52.389384338463266,58.48496278610564
38.031891194318575,44.724752950614004,33.64972936948204,23.20137329953412,32.57832080185289,32,76,0.42105263157894735,2890.220670922096,15,49.42992736903514,1,3.200948985558444,40.27560672926653,13.069611325338588,18.420896122330824,6.712116611110193,42.478965749560736,35.28092693632794
61.45192119146636,45.66664322281148,64.08921817860947,68.52986069457161,62.356089402106875,152,185,0.8216216216216217,1739.262950155992,52,63.07472283021603,7,8.679109378160707,60.41540566817901,65.9880513930553,54.49908812329174,31.58135077185731,59.121690233010284,60.49454703259679
33.53121883786448,17.47433545745438,37.153516162919274,33.42031233217162,50.390266853684835,17,33,0.5151515151515151,3144.2437661235626,27,32.1827491219091,2,4.540739975553059,41.666916083705146,17.37858742083556,26.97456932286973,20.272280003537432,22.181540437182964,30.85823631224552
67.6412521779579,59.22189372463523,64.33926019819047,72.6736500787166,69.15954501525519,78,109,0.7155963302752294,1398.381477284076,4,68.18649256944846,10,11.899459106135572,60.16271617211524,65.02631936932072,47.31039035321368,43.01863403465482,74.04359220425918,64.7648907928428
42.2124158938737,43.06438120319828,24.693826784666793,49.56204621491099,57.202469559530456,7,10,0.7,1939.8837564871058,12,42.96486747739489,3,1.6357583229993784,48.42188035060849,34.308620817045885,28.8245607533153,11.154061500801674,27.22945906636923,42.39778206641775
71.73577713885193,45.771145803289826,59.92195054008289,63.20841780780063,56.01500254801499,147,214,0.6869158878504673,1950.426648103946,40,59.29414564484107,6,14.515421467554985,61.478485300389806,69.59405336422255,56.44417732166021,46.50681956905429,68.37488750661055,57.837441014339674
62.8642849053146,47.329975853350604,73.79180514116884,71.97480769396626,73.86706302170353,86,113,0.7610619469026548,1995.7981963049913,5,71.43756803128468,3,12.969115657426297,68.66237657942062,64.35996342543139,41.56140757462226,38.21480407570137,52.6976429305744,63.40223284801356
51.912007544339765,53.40875583398375,46.17346736411912,50.3472533741567,63.83449717330503,99,132,0.75,1363.750852133488,15,58.748542213732094,2,13.489045625556306,83.09222823501482,62.50423620390821,35.749987819126915,49.65582987822505,63.298496027884134,52.12061064845143
51.670868089439004,59.16550819903402,60.502819028903986,71.36708020232172,73.30872674119745,103,164,0.6280487804878049,1128.9928046452367,11,65.50867863103328,6,7.4708788480321155,75.99176688899885,46.90123425478819,49.3132468405946,50.48215590710258,69.16309441511078,64.78125222122135
96.00559979425344,85.9269101769653,91.21095780399035,89.47946110932187,82.17005149526642,151,174,0.867816091954023,1046.115959290942,7,93.8602904697452,50,21.706787982935698,85.90081415308313,82.15001234494008,79.42999716836377,61.09347680772368,73.07508237809364,85.74959856527292
52.84080665421597,48.05458252460343,61.4480084060244,66.29611546140673,58.82484439946007,43,65,0.6615384615384615,2223.4078914161714,11,71.96569644844905,8,11.886496766939295,72.12821279893349,53.82545873806782,50.66066232876803,49.245810991044394,65.89751966695482,55.85197011306153
17.86968309348206,33.969584415980265,20.29852727148523,44.05311473509147,32.00558260698296,28,52,0.5384615384615384,1986.3722914609275,14,45.81319939822336,1,4.52890145826012,35.94294147645293,31.483623913929836,27.71545425521717,29.943127452649012,30.96356865872555,30.310659527595494
76.56423533490567,75.03851738060723,71.4369446027855,89.7630150968338,83.40449653388131,181,210,0.861904761904762,469.5465084013857,2,86.92533842367153,55,34.83373268979288,95.67167789485768,93.04968689912931,69.87636805590908,84.01421340808588,73.56635878682906,82.46586620887695
76.87096255393917,73.29801566511968,71.4517572209826,72.37109781153252,62.22520110852379,66,93,0.7096774193548387,1918.3500888359426,16,57.27117452998893,7,5.62657986304611,69.66673211437974,61.19106244466897,59.792826841389044,35.91333628459866,72.94474774278459,68.31719340073147
62.06577580182794,73.63093846654513,51.17174482588999,57.792081421149035,62.694818888698116,86,124,0.6935483870967742,2265.616634367174,35,75.44209563447299,10,9.228701157301376,76.73701865964829,45.428792017415354,55.5038414671412,51.99495143279799,71.43000835811335,66.35836748153834
80.60410446946894,87.46051953393896,67.7878743313817,80.14094532864159,94.18223578926077,437,470,0.9297872340425531,1043.4608672272757,37,78.66399247423655,23,14.705927654891848,84.54714600192197,78.54186254742302,74.52273813777468,68.6580442147251,75.97638330493164,83.6452679565008
90.97801882965182,77.07577356797903,82.70692000607261,82.21947793880054,81.64847731987942,166,205,0.8097560975609757,701.4051956621602,14,76.99421987283023,25,32.07775422515739,94.64449772819123,90.16402869653623,81.46958416776793,77.30691411294632,91.22989128913298,82.7725574090934
76.94783186313205,82.13402114299461,79.46396296759525,91.81817420805814,83.98229653602915,388,418,0.9282296650717703,818.8251938019785,26,92.97462989807019,40,18.975575489533508,98.65109756838623,72.96609414353951,88.34373557503675,77.09666129588358,83.28930381716827,83.99811172672175
74.61289521254119,64.33291480543855,56.154029931518636,65.45055696703781,69.38602316326663,142,220,0.6454545454545455,1975.0648611077381,24,68.19996233876815,12,6.347559114066845,84.12881381082596,60.02994513725256,55.331328933625514,46.25422953969175,64.25094471963374,65.00116186926665
60.00381004291324,67.76162602520327,46.8179308938748,72.94904951753391,59.29031369872439,97,146,0.6643835616438356,1060.035105823907,14,57.138386209253405,2,14.087568169332881,78.49024996508317,47.67499928708998,45.95343928423917,33.285134295136594,74.69247981902707,57.3883600470541
44.983939800336756,13.443247625934866,42.167786889362574,41.47360235713262,50.68205584911203,14,33,0.42424242424242425,3170.8400234400906,23,32.18219953871646,1,4.439411824629699,38.233496642766944,14.59169634469414,25.799474658703645,23.993959521768037,23.98504266623773,39.91189282310274
57.31819278911423,47.34161874016211,55.33844378193407,57.480917437175435,71.88847319542856,115,140,0.8214285714285714,1779.7016580608208,31,68.6467956316105,4,13.778191725700715,80.27478182638099,46.89634464487302,40.04893685964225,46.44276672888356,61.087534563751035,56.421612869139395
45.50384947120149,38.826173451102065,23.978541102047846,23.2333062358903,46.31161585238631,7,13,0.5384615384615384,3209.9525783657123,15,30.649892757767944,1,1.5193146335047305,46.7968743238974,17.34497014384628,13.70986894394047,10.666667362918338,27.03060839779284,31.09657071639002
65.4719530532548,54.873278431881964,59.153415867378875,56.98196594746231,55.15001954184955,103,127,0.8110236220472441,1929.3562349412182,13,59.74884908933184,4,5.373656601386111,65.92657252744202,64.48048208430748,50.14965675662643,35.14426304885929,56.43604987806081,55.430984266559705
78.06692274827653,76.30615119115724,73.75080352164758,93.48619134105115,84.14695950894601,383,430,0.8906976744186047,897.3684647628484,16,84.19960942075207,36,31.908138062179585,91.544321460179,86.85094668562391,65.4165117811054,68.47361938371122,89.89150576653606,81.28579744642367
35.777322865610124,10.49094231606513,41.67710804179089,26.80030145718006,54.860922566801875,33,52,0.6346153846153846,2543.0965556091983,13,46.70396083680607,2,3.0629949842321436,48.4852045623944,15.354930399232565,17.625668597196345,20.97927054792885,36.22109041160198,35.18428161529489
88.68047393758916,79.6772101874557,74.99104615416195,92.69928616361176,86.89911631355963,313,387,0.8087855297157622,789.8285695023279,45,84.14130760867911,47,29.086274354362597,94.7583478670805,83.036225604172,66.71146798333945,69.2778234607532,93.01916521158392,87.50910885731038
52.97093596003141,56.60818623101264,58.75960849227413,65.70962630543762,72.68828253252347,76,110,0.6909090909090909,994.0082020529488,23,63.4189362564705,9,10.899606464760886,79.4091865449764,64.69740782611808,35.857128389830095,52.66037831601098,72.96129179817805,59.87012259404183
75.04512529331242,60.402263333270184,64.3432570184355,51.450764047090516,72.39326320080995,135,183,0.7377049180327869,1440.6475315207563,23,55.77627435188154,12,11.537061048017106,60.833219874406396,55.35167916442091,55.431470275346996,39.68940001001788,65.07902900342192,63.61728802917315
96.67855661256883,71.11377643309694,78.39160670789585,76.40007024266131,93.12622537244557,189,201,0.9402985074626866,632.6167794840958,26,83.49808448272175,20,27.104778148596985,94.17531310458308,70.20909204692143,70.4416849895134,76.54210720999642,82.09973420449367,84.5356449407915
79.0841560605272,77.89706031630217,75.10377833246321,86.35656222344632,94.96876933593937,164,174,0.9425287356321839,698.9280973274659,19,85.81220704438488,43,31.09407658899051,99.0122354948578,85.85631633628843,73.84764168029542,75.08313914111496,77.80003265271125,77.95883540795927
91.19054334179386,94.58751196332092,77.26781707270015,88.23939678901269,88.36738605463887,372,409,0.9095354523227384,908.0796574783997,26,86.68164056807777,31,25.19344073268688,96.43071155779373,70.71427294310026,80.77127596612779,68.7396298946098,77.31678614398561,87.99075258080732
91.92151369589652,75.50463624001111,69.3585802923736,81.32584697451249,97.56927054857428,343,388,0.884020618556701,897.4185528384015,25,86.90094887569815,37,33.9218660876832,90.3347208988013,90.47768315444219,78.67819106422252,61.01962533588795,77.87520687974435,85.3156507984632
43.110089022156025,26.612842384057505,36.02245110599526,38.77347064268695,44.965216649655304,39,59,0.6610169491525424,2831.010421846381,30,53.78807333895027,0,4.9880196471669285,31.709825535608,22.060865268499995,27.401055554864005,5.741518589107026,26.60278616907843,38.384937662252995
19.9367463568506,16.206411656411362,38.203006994567794,28.765733652819435,41.990558111285644,36,106,0.33962264150943394,2672.9294141761125,42,32.90625571876931,0,2.133701752616234,58.94055517329016,22.978461736587345,10.039770662894343,25.942957463127087,36.7905965161504,24.856532784089712
64.63540782230277,68.1579633671962,48.80268586876245,72.67276079573965,69.76338599205064,148,191,0.774869109947644,1546.4562637579243,23,61.15124453109447,7,12.877087308864187,75.64725538847068,53.45106039992599,52.516808621154,51.09095032114486,64.87075943397467,66.19617760934072
64.95957362485353,74.28544199184765,74.46665171412457,52.45173424765886,68.45331681907223,120,170,0.7058823529411765,1876.1957125801193,17,75.20823828121452,9,8.277033488451188,83.07830798351432,67.08800234185422,52.895632969850936,39.091702835929325,69.79740905986998,65.2672549462183
52.40215047133702,54.824291601438695,58.32194212182756,61.379634450859584,74.37024302105634,110,170,0.6470588235294118,1155.9486855950663,17,76.31893433902782,9,6.629364389690461,65.51614861697392,50.879255978115296,45.76854937203238,53.20363052239105,63.04461916787215,60.19853688561597
70.02971659604927,68.72752800834387,73.10304400116307,65.58426900552243,77.44875858455111,85,124,0.6854838709677419,980.9212152541684,9,72.0373374297152,14,8.046255695163307,84.93727902190442,61.46621742874507,58.0554400578613,40.894959371358226,67.75705711226419,67.89554172679004
38.99154547557447,42.96456472388222,38.40543104333376,39.78801493562825,48.41568208262024,27,77,0.35064935064935066,2303.6581054644266,21,45.793269020743665,1,2.798990532984175,37.60747472031473,17.685698272042465,30.511412188223467,16.576755435993242,40.02946488968545,37.497983157407134
69.189236036805,62.11701267772358,46.325303287249675,53.73909838729565,78.05628175838036,85,116,0.7327586206896551,1403.3793152822757,31,65.22015327290225,11,6.618320675862214,69.3306185805412,67.3622886218698,40.15068429802356,40.40481269187011,57.79023538247845,60.024915846093755
92.90715459816727,73.72132762426021,71.1363377950839,89.28128164447229,88.89166676835552,267,324,0.8240740740740741,399.56856325968647,35,85.5110050434786,24,30.337793412929734,82.99834854697548,75.73128488081603,83.05631420982665,78.00091341365186,86.02869082213243,86.49375419361002
49.93625623773188,27.254650916088003,22.385478020924992,27.73089368607132,36.989097609465986,42,103,0.4077669902912621,2514.182977749453,27,44.525063385670485,2,4.099869116405574,47.91755190804016,39.61836995152852,25.703599437328133,28.223978732529623,28.01519522607417,34.858823062279725
94.37651068072351,75.94026097384261,90.99282208696269,75.66646398879017,96.43017293695746,318,353,0.9008498583569405,928.1914243480132,14,94.24070499690112,28,23.400040180314683,88.42237808868163,80.2630696087857,70.78371783000377,63.40927762573646,74.91721395578033,86.74363806547298
37.70514785452308,23.92364056121722,43.03737310791772,36.09256398029201,36.3611750135036,33,60,0.55,2789.158422940604,5,27.23412396605607,2,4.238379095487745,38.934143389971226,28.990099283492928,32.819811125731874,20.61356924159037,28.50561144767195,32.049303495203134
90.9608142227433,84.1108355270375,72.55397176720858,81.91391987007839,83.26875890242566,187,204,0.9166666666666666,681.2371761784345,25,96.78751681107175,21,32.97260540338819,82.78232388286123,72.51986507539716,71.40038829634156,78.15238965156001,84.82407263147054,87.8231232726376
59.54070195990836,46.42482674046967,70.96725188091364,54.244875123391985,78.2685554570357,54,72,0.75,2167.9676719951567,22,75.79845924322615,8,9.073437521701873,70.82895548367993,68.05807653696672,52.31409978785832,36.191152926141385,54.62499243754949,62.153351871679
41.782594842945,26.04724117151891,36.07750355554808,27.193457859248717,43.97465267299955,39,98,0.3979591836734694,3504.076302094777,36,48.30150281826653,0,1.8024955942704066,50.919550181622974,36.19613319318053,17.75353495036588,25.76038102137316,29.297627535600437,32.938473804361124
17.70037316821298,44.93127847908876,34.25936530273424,29.484693351281273,44.77463116311173,24,66,0.36363636363636365,2776.3699252555284,8,53.84063342130784,1,4.638291136861472,42.73578793708512,26.310020246749684,33.09638348877424,20.79994012358084,37.99208951922451,32.761970336498834
94.9277332214131,71.55005045896114,85.76151659119235,77.79974753443526,87.48473422433139,229,271,0.8450184501845018,856.749260184545,21,78.10999821539566,57,29.68516102513687,99.88163309291151,70.27696381485774,83.25433633276691,74.29473289839952,80.85130440202391,83.64671760011362
42.13618640676246,47.06408472072635,36.42454681717989,40.971247841093046,30.60254430036288,28,47,0.5957446808510638,3075.4765524263903,34,36.69876573343541,1,3.588868299354212,49.446903455681365,17.603043973787994,14.554825467232307,11.09384052780035,26.50420374812021,39.78088787170458
71.13277866561512,66.08479846945218,72.01646593719693,65.45315449149007,64.7180035299049,46,59,0.7796610169491526,1321.5711014339424,8,74.5462684116491,2,11.860959915834789,77.24043289461177,59.30826534522804,52.23277020402648,54.54656374684091,59.629008440862336,64.88586162585918
72.7217514638173,64.3352251322921,68.91722061575106,54.76162911148783,61.93791350937003,112,170,0.6588235294117647,1029.1928382856138,21,58.66721559277156,2,5.795071620173955,70.61065653816156,52.51255751334628,49.798804569566244,41.81316582734532,57.41943477720875,63.92305606712882
90.60589259814154,75.15866263103263,79.81961540430474,90.83280144366125,88.56267340740301,321,362,0.8867403314917127,627.9476791258064,1,84.41493318029504,48,28.532589403830784,92.07264199786133,92.91055472918833,66.25055667291394,63.88191507943326,89.73109473380325,83.87779714456003
82.20275364208487,92.08788960268544,67.6696914456904,94.83392146744904,89.73805218069792,357,407,0.8771498771498771,478.6419671448142,26,77.1242921465617,25,28.333050732984358,85.45899989462976,78.53563174010746,76.21947009986536,82.8308170105364,74.73483544712116,85.55863834470605
75.72787996472692,63.272449650630406,69.21942902307157,59.59687383585694,66.79607437094035,72,111,0.6486486486486487,2359.9305749087735,24,55.464483230939656,2,5.089127841717489,64.7157877528997,62.23185956154036,36.64717848288082,41.71275124799561,66.56458160934872,64.39765206848196
61.91401256491518,71.15629141196564,56.856769521673996,58.33492819424084,63.463376925568234,54,70,0.7714285714285715,958.4585459526346,10,74.86893538772878,6,13.99426822173847,79.77051642036443,59.54968802375897,51.73675009796498,38.14610227062319,64.35571535819156,60.66813611735757
50.19095846007148,63.83615342808316,69.30888083089037,64.76920148941207,65.617841916918,108,134,0.8059701492537313,1306.2540565434988,10,55.1996678122051,4,11.230931273139058,64.69983299074211,50.248918006225296,51.73144709268417,52.898852124299566,53.97610617748104,62.113649271801805
63.862588599808376,57.9580027009043,57.309168406797454,62.61561707329244,64.17239154663437,110,133,0.8270676691729323,994.6034328961964,41,60.237070408794,7,5.9497750804984,68.37983587930121,47.86051700390057,55.85572058422423,42.40742729100704,65.53154389813874,60.222278706510735
57.91176956413665,50.427924442262686,65.0310527124793,64.49979392587792,71.2110473245857,140,195,0.717948717948718,1588.7963726700327,34,68.13614431761128,8,6.419390240582613,68.92706919284757,46.695584299279716,40.980780486498254,46.410021330338665,50.310757807431166,64.1718432412742
60.345404261744534,57.69718324470559,61.91676338487798,73.76704842017706,57.72151116616638,116,167,0.6946107784431138,2323.64563339264,30,59.61234345388247,12,9.680816210850985,76.1240942686299,58.89086893012424,50.85220144035296,51.84998563844736,68.65765423719023,59.88890767094529
97.24181133089137,71.34338676310699,80.14386794913584,89.369078946451,95.52752848068522,162,201,0.8059701492537313,942.9696872639385,18,84.12073468576915,52,31.901802454904985,83.14546416359431,77.74469648022747,72.25113829906093,81.78535085477137,86.81757485522245,84.72211514884022
44.54184582846024,17.364178320879525,32.695181876647695,34.712676193244356,45.01905887844734,12,22,0.5454545454545454,2728.6479395295037,8,31.2615849137879,1,5.726824457405634,30.593470682407098,17.823044736438476,29.12414229659308,9.334845872240525,23.12074332684509,32.65437210258207
36.151597680740664,23.9385344720069,34.40596967818253,38.24355048101215,41.05171842538755,25,42,0.5952380952380952,2748.607145197555,29,31.92925070744015,0,5.17092842561913,40.47096207018046,34.9296151598479,23.32969575852737,8.976273215073528,37.19793192715706,31.40807425028691
29.972663420636287,12.329305276801342,31.43807581308731,26.82804593686177,55.157536013525046,26,53,0.49056603773584906,3051.8855663539416,13,35.05950130174949,1,1.5222672735769147,31.419085980105653,11.350534556593997,15.421842380594864,19.47977790913346,34.15577446205137,25.812755343884504
69.24994642753033,46.700269960094175,48.29337724374515,70.31406775977183,60.82378154059079,119,168,0.7083333333333334,1942.1829543465967,11,72.83459641351475,5,6.863200101929527,84.1134064554556,47.366287760050945,54.224990294923956,32.163980596082716,53.58547769202788,62.18049831986059
90.43289560599726,74.16510674334151,65.23351910806902,90.05963234592234,81.91462699493438,387,420,0.9214285714285714,389.75358346803114,39,89.66627306141758,29,12.998135107306899,86.9695595159131,74.47949186563307,81.17675415647184,71.60680923310849,82.38294117334772,84.0083156159692
67.2981771818548,49.12846743144241,46.11841911326869,69.96199586136859,72.89615610879792,89,135,0.6592592592592592,2148.7385550842164,11,61.35228466828786,3,12.93456064715753,65.3044613777227,63.46062753107208,58.709610656815414,30.34359586727393,61.00909827946995,58.02389957828293
91.79957409545392,83.85478730211543,92.93077978925203,94.02885277774664,86.50637591297328,414,495,0.8363636363636363,1103.6681325343447,35,90.19673004151048,42,21.5628092123762,97.00753838599411,75.74255788405335,70.99272695606112,69.315127589427,75.75857080255878,86.96450157157612
59.019699998856616,54.92217430697896,61.90654742901314,71.30935243706396,64.6546736029866,69,99,0.696969696969697,1265.1845366579964,16,76.6017613924954,5,10.632647205206204,77.47256429735357,65.03575955521612,53.02496050112259,47.49571727706052,73.9638501987382,64.99180439792075
50.898646341401935,59.085066968230024,61.921700200313644,50.419442856638625,74.737229420591,103,154,0.6688311688311688,1125.900410141389,18,77.82053452195396,10,13.470711376911368,66.1651690920059,63.48532223494904,54.52576760834798,39.93588180967689,59.59883632208555,56.77972937753387
81.98756389193646,83.24655118394178,87.4152251161895,84.251266166276,90.82491600983715,262,286,0.916083916083916,359.33600042173407,22,76.4288927265622,18,21.929854948385533,89.05996201659927,82.82206506273934,82.8257864093776,66.83757164574267,73.03968373833817,80.79489127548436
70.31835298202826,60.155736862583076,62.7871602421579,69.01786569674161,70.18271857303188,76,100,0.76,1581.7500175806151,13,61.48828072304796,10,7.18382130256324,76.18841670677983,68.0758042699168,35.12350762512393,49.64426799324646,66.03297200407971,62.97353270819427
18.090856962894414,26.907775657576927,33.101474331912975,37.46480718544983,40.61606345178624,29,86,0.3372093023255814,1928.7885337184089,7,34.13739993616106,2,3.3285821811428753,52.23352449246936,37.30109390341824,10.226887088414243,21.55480685708801,21.947465509908184,27.75008880376612
55.10794719369518,45.66281241314324,55.64111274372627,72.95570139241516,79.91385270439702,74,109,0.6788990825688074,1278.5425226182795,21,68.58578136679179,5,13.704783373106219,67.2685680201041,65.17697890646829,37.84158962249981,49.170758550184836,59.673646248132556,56.373600069386654
32.043676872285815,14.211371519077751,25.48677454572094,22.91996265354027,37.274334830039535,22,41,0.5365853658536586,2179.6723227340863,22,26.982431147671953,2,2.635546082862849,39.15386675053347,35.32097049257524,25.598097541644776,12.335958119726438,39.9811441924243,27.068503563347782
57.72583148590689,55.521069822921824,51.50273133965955,64.637851062027,63.70238868769685,62,78,0.7948717948717948,1595.2165968460017,2,66.2573315697674,6,13.14796172659976,82.20444775945957,51.12026850152252,49.35924310597535,49.209124817315015,57.22073574799022,56.824795120413825
69.0220461178061,59.62582711214999,46.2155857631901,66.40322010918004,76.05096959013804,140,219,0.639269406392694,1226.686500018569,12,75.4444226120991,13,14.224496931836367,77.82910671893352,59.61168545145937,57.56306347540732,50.72830074120995,67.91941137085566,64.53600806025784
63.80681707244561,70.93919523938344,45.14310768534374,51.66638979366684,55.55973522321945,49,76,0.6447368421052632,1019.6546966252909,17,73.9586671370624,6,12.243274008140212,66.95835938658234,62.489258246135236,52.644169232690984,47.49915030261543,71.35651092732765,59.70022728753781
58.34020564230248,47.23658924556157,50.295132272687546,52.32155835783127,61.08531080200341,91,132,0.6893939393939394,1090.3399214746664,31,67.0374806490137,12,8.413892013205535,77.05871066211299,48.22572242097671,55.027196250397715,52.86434199968984,58.85261116594564,52.951517477822534
51.69266343814077,48.5682398056151,55.296832585060905,52.94133631667867,65.65205782656521,135,167,0.8083832335329342,2049.5499112250764,5,63.96189268326805,7,12.948942404500858,64.97121914019952,51.231792083955035,40.603952359805064,31.293247726229282,54.85153170250412,55.136272327642864
53.114697707705915,55.936168053545614,50.35989615993611,58.28704351002154,78.78160423486526,108,131,0.8244274809160306,1667.5904212799824,36,55.23831558278892,12,12.235031386421754,78.63880101479938,55.12148833527849,49.83230376949775,41.80115226743844,57.08407549277016,60.88091718283498
92.53001550517783,91.10697467712305,75.25547125751774,83.67388662640761,95.27249193931276,349,421,0.828978622327791,1146.8930903169935,6,82.80206686301102,45,30.5172381769461,96.90079297793285,79.87633344641989,66.28158647939995,70.04690678091849,86.84390574460224,91.23031595595994
92.77374265229682,76.16026644757287,85.32179389666618,86.31563109681993,96.72460490981038,251,264,0.9507575757575758,1044.1727048754778,7,92.83061319220383,44,21.62739256722425,85.85032850952504,78.30513927368304,72.34439765435977,61.037479179576984,85.92736752061106,91.52561341715581
85.12457695297628,73.83376569436338,74.84578260827935,83.6803873234775,81.59480773423311,265,281,0.9430604982206405,1021.2302242375671,10,91.87316409097319,54,15.990041708117015,92.7510652894046,82.40415960283049,69.45631167261604,77.14778177624659,94.77816079553259,85.12868021151144
24.529031349894964,32.733848611311444,46.370962959049976,41.77095526124942,44.165254205218346,35,85,0.4117647058823529,2526.342213477884,7,28.579343777710292,0,1.6894749164983933,31.74946993027504,18.244111167081634,10.4762548829211,28.315285696662816,28.51064644326891,30.262162586402795
23.026352941041594,39.21560282677021,28.143246514906817,20.067591630068346,59.9105226339465,28,73,0.3835616438356164,2179.5660620067983,8,42.99138203901811,1,4.7953920653600886,56.64251823582428,18.47776432884576,15.608006075714329,29.906155184370363,25.811628725909685,31.223477992016576
95.83453596998403,83.42244340320157,69.61247936308754,93.43453338903322,93.63444291301585,226,269,0.8401486988847584,480.3058389867981,28,92.33695382498755,36,17.05362325253913,88.77343393606098,89.55004563984853,84.59881295244602,71.3315443131465,89.80474845688113,89.53948424019438
66.7645831592138,65.69363974230917,65.64501352646757,67.61967467100663,63.02533609821584,60,88,0.6818181818181818,1207.3740487739997,3,63.046604457184266,10,14.758933378958988,83.4770326221755,51.79720804796312,47.74442111758781,34.386374254923524,70.15524137931084,64.60377199628692
36.948674126520814,13.872217130664483,21.94598380104144,39.998203324216206,49.72803431775445,34,83,0.40963855421686746,1847.7834053398974,16,41.53475241731934,3,2.206618884014054,51.3719285937341,32.1659484273028,28.243311264247282,6.6286583512193165,42.02936704473052,29.374956072580222
54.3778034534323,46.46339239690058,57.35492601562849,70.22060192725009,67.25739861997276,139,170,0.8176470588235294,1663.3091105344142,53,64.18112029874297,6,9.977967970337582,72.08608996036433,54.19846529194032,41.786534597479346,53.65500529941836,57.939916740859296,59.65958348875211
79.07289187413767,72.55902891663558,93.7016130166805,86.98719450084332,93.11581311625885,243,278,0.8741007194244604,452.5536826794528,19,79.11772766115642,56,16.779018682118902,91.75394036575092,72.80911204872464,73.29966178581756,79.54081395133117,80.9262880460547,86.53961540954643
78.81972160367081,71.53675134276702,85.72178945339789,89.57572444513153,80.84551383976651,339,381,0.889763779527559,799.2586229541189,17,90.4649656943702,37,26.761848886433015,88.21577619999223,82.24110190080081,75.38607501480224,60.60012612112222,78.38429015543656,84.67050703517444
60.67819130508386,72.96305879923094,51.88837669559144,57.99386124781816,73.67067938657678,121,183,0.6612021857923497,1762.6620589358959,20,60.27483442677781,10,12.693305888246348,80.7860444958462,48.32745672073527,54.796167321704,40.82446915143743,50.583467070766176,62.6594319681671
38.417234642993066,29.978893579720673,36.94835894197668,49.845644167092466,30.858381838253916,17,41,0.4146341463414634,2238.779829052218,18,51.42839060915088,0,3.100705761065875,48.54523560287004,33.66384831431863,30.25871362094234,29.811111237679096,22.457160323434934,37.33213408852509
19.58718579132,38.97611158551467,29.93477738460431,42.55897500179631,41.15087999788426,17,33,0.5151515151515151,2431.2412485684677,22,53.58859600263514,1,1.7133390041337728,43.7825150505782,38.89563461605167,15.352171697934356,21.22672717401985,47.51117034858259,35.19220527618824
63.912566967230276,58.85593377000509,64.18805245539349,61.392657110507436,66.444483781641,83,102,0.8137254901960784,973.6331249234859,19,59.71687643535972,6,10.226434331311491,68.6240521189808,47.62009973848973,58.95746207678252,51.366846756257544,51.96231061167266,59.47461137467694
79.533438892944,92.75944423741979,86.13480909235054,84.07693127613823,89.73099789784513,317,356,0.8904494382022472,743.9227437233872,12,86.83739905319203,25,32.72087779614078,93.48373897659228,85.83172293343722,67.48740565451595,75.10434845431479,73.0240165559623,86.73027371530407
59.18703971098253,58.17006652470017,71.59839428614863,68.35142760825501,71.69704846253404,135,205,0.6585365853658537,1423.1858827980313,4,55.77579247152754,8,10.638191250676405,65.11849540867742,67.89644354614477,58.079260893426664,33.65175959895885,68.1039737301583,61.68025857293119
81.92190235746652,84.02386226873172,88.29772687949963,81.42481755577174,86.41488374861792,312,379,0.8232189973614775,935.0578237621296,10,89.61551513123447,40,28.107046139327565,84.0339992526205,80.74363452689167,77.35107167339334,61.380440668760144,93.86593783400139,86.12722655050801
97.47339736018618,72.68115542260998,81.43354083149958,94.57915014082208,89.99891763390548,231,275,0.84,680.455773204539,26,86.95319804657314,16,18.078354052648702,84.106658774136,82.07599243897225,71.71334390169018,67.18654162243125,86.41890158686392,87.4671834096186
77.53941844656471,80.90735644277544,74.4950533778786,75.71164291586925,82.46123724912623,349,402,0.8681592039800995,508.4246921600994,11,76.98776654628647,49,32.66818044169983,98.82271169700894,91.68692558739932,72.18875098563608,68.32717828346193,80.6636424652519,79.35629343765267
25.428805487805498,40.85116784475018,49.25421817039455,47.39969769223099,31.277411094035973,18,49,0.3673469387755102,3361.8645301513225,7,33.77234395329205,1,2.0560914688021765,30.630722606187508,10.706448121409501,26.06278557060183,13.432002232596988,33.8851062652312,35.96817936560779
51.50932925915737,53.221081376313926,67.2379276954342,73.05624253125939,55.719270427986324,138,203,0.6798029556650246,1673.279873871565,47,72.64452134929417,14,5.0201126434543575,73.86764352384318,50.948886786273775,53.64022321249609,41.15874160956565,66.96504807619168,61.08929972018834
60.018288806951375,59.83901589059753,46.90570192517925,56.889815416099246,71.91918179226494,155,241,0.6431535269709544,1932.5297993103425,40,73.80321541970362,2,11.387105817628745,74.40772049722642,57.10651073616532,56.14898413557532,46.113128391759005,70.03280662138681,60.17028609503459
63.910155236031486,67.75634762689842,46.93152317786043,60.4206625981213,71.85600701660844,116,177,0.655367231638418,1613.0152106048292,17,77.33049895833673,11,12.738347275154524,69.85475216910332,54.6003081379823,37.57217019371264,50.40384309706321,69.21573773142961,63.39445295034437
73.379860621735,62.35795472034293,65.2616377273669,65.62092984240078,71.65657565479466,143,211,0.6777251184834123,1279.6266048321404,21,76.85746439624728,8,12.010671831098774,78.42564764475885,61.55618868803701,48.67787770821589,52.041198864370266,61.22316773172236,69.27553947691983
77.33066501512168,54.45197625782742,57.86771123220478,56.86862581100057,69.48409043316369,135,214,0.6308411214953271,1995.5594898663203,41,59.28951341831049,5,12.929822357248376,62.33252945893134,55.93684556927102,35.57658467493067,38.670184982947596,67.47453506526887,67.18755459027417
63.75564170692521,50.02118554620408,58.574101512430275,62.76957476288699,68.2927249145263,68,106,0.6415094339622641,902.9059637053002,5,70.2519609796163,2,14.215714731765662,71.42293375829345,61.441806246887516,59.318675760538554,48.59759407289772,51.68459935324418,56.228546159498435
79.42312760877343,77.68701808192462,83.58847780834768,86.99255136919842,89.11394556837682,363,401,0.9052369077306733,553.4544378950686,12,75.23654340652092,41,24.489492909935574,86.93771952728771,80.89111976141274,84.86202044633765,66.95322888716531,73.55638099442038,84.57139553811491
81.8504890122805,81.85381436257495,67.13620152623697,90.97374741860725,84.3794347036934,407,505,0.805940594059406,473.71348686512874,38,95.20589580847236,21,12.746583260532358,94.8911371420916,73.33380016884034,68.32496467686597,60.559163362360735,71.24519693958554,86.829264225515
34.063821922078944,43.886857312591815,31.531950258481885,22.44614820387528,59.846823656869546,15,23,0.6521739130434783,2539.1764753499983,12,50.8865220052153,1,2.9039692803113133,54.77433398727324,15.298161685133529,13.470368918754623,21.232328251197153,45.46068380267538,39.03501300878502
87.90315723754318,73.49674276888305,74.60558658212166,93.2688939695118,87.36605864345233,337,383,0.8798955613577023,826.2811275035742,42,93.56894928760848,21,20.943584418904678,80.9483127228017,90.02928758238312,80.1095179770702,64.96357147170504,82.37071141553551,86.6348385319235
60.10670173271281,67.22356688666096,68.72730220711436,54.41090413550573,78.4144021018433,157,220,0.7136363636363636,1004.5570240601019,36,58.29744450090781,3,9.739147504020215,74.13496212867412,62.64037406876817,36.18071599163669,32.01552380439458,51.52147879511952,66.16485830127394
78.72359903120424,76.48167910011989,71.74660340676596,85.38897572782476,90.12839760423313,383,471,0.8131634819532909,1125.710599701912,2,93.79696318671303,30,21.208178668209044,97.40791816451403,78.97904560701048,80.00632582333762,62.9513626815013,71.40687470278102,85.14706827981792
71.25454691908875,68.5288411436618,72.68084951863102,59.404127760776944,67.65629336243317,118,168,0.7023809523809523,958.4871070574926,32,76.83122934287367,11,10.400015631153853,77.6228232061036,61.972622363191576,50.30273943752145,33.65580630320521,70.92062236007496,67.72854954704037
60.568524003239276,49.09700780109901,45.49918392605851,68.78882640872565,60.96059251238389,89,111,0.8018018018018018,2193.0762854641916,27,60.49377723156418,8,5.307271796504995,73.43275647509026,68.08064696215581,49.90949581755915,54.29126511548733,53.41127795676147,56.20115197640744
44.38754334474124,12.653534793001578,39.65728996012783,40.31414241736388,44.74277490242869,26,65,0.4,3219.186679429849,19,53.83888086953979,1,3.590240073512894,51.98288111323238,31.867747005582228,24.131082977193728,13.06709236625962,38.6743049348557,34.962652345749106
70.4306227332794,46.66765400366367,60.417113878874616,52.282382947671955,78.93741072371408,122,194,0.6288659793814433,1134.4259377644405,44,67.68138199803789,13,11.829937462355694,65.68601473286444,50.37835158034677,51.6585267008697,34.6562546114804,66.53908329351344,56.699404344862785
70.05253276898817,48.06183310558269,66.88944625263657,63.177952264210106,65.9313625170773,77,112,0.6875,1906.5289537251404,24,69.17812327675604,9,8.81107636945117,66.46903681583893,57.968410894724855,50.55788130967103,40.50257578514366,71.91776706649388,60.99167434083524
84.1692496387632,73.80572379621847,76.02603266874594,76.36344618770987,80.46461432509076,174,190,0.9157894736842105,371.96885492337174,11,97.21390970652406,41,25.66868726292082,98.72898347767321,91.90262981495107,71.94381559373153,81.28621593878164,70.00831265301224,80.87783821911306
36.82093210587001,28.183657448164798,36.29373880499496,20.24261874657939,32.887442083303085,35,66,0.5303030303030303,1994.2407672743127,10,34.530628082413045,2,1.1468623181240276,42.316734099214855,10.810875885066785,10.009771396174576,24.8118437663444,28.819205634145707,27.43706536342861
77.51169013394116,58.49469827153857,70.42050084429266,57.54950567384841,64.29532182326662,127,185,0.6864864864864865,2062.6469454564894,27,66.74797721416286,2,7.015810862400354,67.43531591690768,47.752063979834354,44.25869678213556,39.22322988285987,70.18168641513522,67.70309651914678
49.004060101434,22.395568836055233,29.70223856623913,36.92421760660605,40.70228153079405,29,59,0.4915254237288136,2682.7960545350406,12,43.13143958834691,0,2.1957755007366204,33.719616198791016,38.13323640066892,30.039074865977685,5.574130257222894,43.00281156105933,36.893115093284194
84.02623151647911,79.41968124732878,74.55813113847964,92.89498441951596,88.94102886976721,260,321,0.8099688473520249,688.905458054305,23,85.26062906387932,35,31.14815202222479,94.29621384262555,88.25610415675644,77.81186760298793,77.80295140835338,80.567173387704,84.3701768965249
77.01750575955919,80.17996458964237,86.39965188503817,88.18846493699833,91.24461204931895,437,527,0.8292220113851992,1056.3602983404064,12,91.53752486997283,38,31.732092661602056,85.97095851964328,93.09357828166621,70.74515853556663,78.73791037891951,85.76398085864346,82.29164846382194
78.40900162828447,72.39456760918934,89.4582899327168,92.88808777297015,94.82491557436741,282,325,0.8676923076923077,376.550746940317,24,83.83298068299531,11,25.964111460322272,87.77452695753094,76.00747808625917,67.37413188070941,67.87296111472239,72.4161208571938,80.49000572998446
25.30600352332285,17.745254257605346,44.950650616246165,29.78978194978501,42.356059380015154,11,26,0.4230769230769231,2595.1066027780844,18,35.618006683334926,1,1.9021551724502852,57.84838801759284,14.509482073689917,30.123342298682402,15.606221668203345,25.208174522138336,26.417686984979355
60.45712001552537,67.28634227155052,59.70127560508732,60.75571258505205,65.17470221975313,94,122,0.7704918032786885,1400.1855307974708,32,62.2498264847053,14,8.302673883229161,63.142872694616905,56.884008936391226,53.77559647846035,39.44149777218303,71.72935355118358,63.97431152175175
23.93201706216196,15.427871241883803,38.87955231970918,47.10576354376283,58.66779967363439,38,94,0.40425531914893614,2171.367710898684,20,52.846380535575086,3,5.978943837220583,38.28517015941358,18.306648076054,27.473561525700173,6.080189017495206,42.97532211136631,32.15042164361263
47.900830623227506,39.11829091151372,37.50758036502947,37.07537744143832,44.109708870111604,7,17,0.4117647058823529,2487.3040168123725,8,29.374090374498444,0,1.8268041859017976,59.78048856250979,22.203006879749204,32.46718068193517,9.264233922131611,31.91010439754379,40.03040654005794
60.32603151705561,49.97351358686171,60.099637777361636,66.30355154028466,56.12066785383747,149,204,0.7303921568627451,902.3358522382888,59,55.81372194898636,10,8.35286376171862,77.94968903052796,46.55119035903204,52.737371786791066,31.707713021222325,64.67965839721705,57.482307953649375
26.311824410704393,34.82444665844047,24.123424687963656,44.731624545496516,46.2752383052854,7,14,0.5,2151.806174957989,17,53.49406273744231,0,4.29553260497938,53.350422228531755,12.204108766126271,24.509219383619662,28.304216925907618,23.021253745484167,34.56798151584895
59.57866016126392,55.05864951238412,74.56621442022117,63.045826212371246,58.51738559651866,57,72,0.7916666666666666,1204.0323038675365,15,65.63828166370091,3,14.904015345821996,81.9796686163064,46.140068095652154,45.576470229918115,51.48276448081931,53.36687044979991,60.603817764565214
79.61763476836471,72.79659618603128,78.20383089638979,77.4661161064285,88.75603901043885,233,276,0.8442028985507246,358.6797900355354,6,75.73270553814999,17,33.26632481037815,87.95183738621293,85.6230617447114,84.49546689057858,79.59813197854719,82.98200205988178,83.16308559541369
53.53662400874506,56.14901437718244,62.696473527510925,67.59857354517102,56.95599731085691,44,66,0.6666666666666666,1583.1042053244964,14,71.48062856453572,6,9.1037837538896,73.43976650338294,51.70537806901273,42.163925603628186,31.15084453903406,57.15172355746266,61.39582729132278
69.5079808098848,73.12018689374099,49.96324920056633,66.22973211591233,61.1059867022044,158,211,0.7488151658767772,1378.2806559223138,17,73.1949715951447,13,14.541380793838092,81.26826711465094,52.36545749212259,35.18852731789997,37.41642940295152,57.03276176176856,65.54918522683974
56.136523504663025,66.62256654832903,63.93867936998193,52.49154033888601,78.13466785813355,85,134,0.6343283582089553,2083.6109743225406,5,58.117443301089246,9,13.711703319609725,66.80618840926178,47.02174364580265,51.42055766285525,46.34511648460827,52.373300239140455,62.8977703633892
67.66984178869549,60.418995375679366,66.2611286764094,59.77083873168054,76.03270878749254,137,210,0.6523809523809524,1229.4668145768642,53,75.36026663685698,12,14.769275142337952,61.66629492820102,67.45552809773923,42.82469285451137,44.688910049646964,66.98288849915008,67.49099300084656
76.52888199481094,70.04120075612484,80.69877388666985,81.88150986740712,97.94837409485059,184,209,0.8803827751196173,420.1639962175376,19,95.41766115154638,17,25.12571302665551,95.2140961208779,73.7465699721638,79.29571927956727,66.34106185853439,75.7015454225005,80.05184951330673
39.708580422917066,29.334884724998027,41.14219972132493,33.828970286960455,33.48414898950369,42,78,0.5384615384615384,1913.8120708062538,25,36.02170680494855,2,2.7404016412778986,30.56811303280017,33.945001986374905,26.345331677687415,13.144636666727417,22.749745524186473,31.54645198473262
86.64331383009025,70.66643849699499,92.74242427593086,92.03673617637867,89.43664270226904,419,456,0.918859649122807,353.8871640492471,36,80.87485046406007,55,30.323104904796285,80.87531694396637,84.17364643699136,74.95524910294988,79.29911085874708,70.96064114097646,84.0739194389234
63.399597867989854,50.48683910842882,69.05606079613976,59.42778702639487,72.69322969516551,159,253,0.6284584980237155,2236.5912558788195,4,55.19288908233006,10,14.983848800081086,73.68492869084734,55.5029130489861,57.73888839438354,35.854607396732206,52.43814975742023,60.46198864625896
86.99986863362466,75.54330221611751,88.45186967014278,79.07510971699888,84.69190978699285,211,239,0.8828451882845189,763.1056113134686,18,78.8303858104372,53,15.167884274419599,81.08696196697313,70.46328083985833,68.5905344517204,76.44873714454064,88.18692694991242,81.97250849893581
88.24305985045646,74.25422400546609,68.747594322219,75.53353525217744,80.22366068829078,180,190,0.9473684210526315,958.0989988859217,7,85.76076764058568,53,22.034932748159406,99.24605966348554,90.85346651308963,77.24260079644638,79.06427781978883,90.8344406107916,81.20351501834192
74.66142032502688,46.047408438096525,69.86375115900587,60.26498554224436,71.44936438163029,128,172,0.7441860465116279,1971.039321880358,34,55.504402476014114,10,13.616055325893146,62.54750062229098,52.52558189800709,47.3782603800707,53.965120282488385,51.79908465704548,64.42354921695681
85.09767261155031,71.16690642829067,92.60341439967885,84.40592445383149,80.52194139804706,414,510,0.8117647058823529,696.688722907832,7,79.92825161413597,28,25.983027161723015,82.0952507290288,81.35569559517172,70.96914735009933,80.88911996428088,89.5979896216885,84.17917697700342
58.139594782113775,57.55901568143938,58.35598938811903,72.76380627053992,57.586457092623824,101,132,0.7651515151515151,1401.7029013293266,4,69.50465764606261,13,13.468129619628856,66.64481288885267,46.28057677572271,37.93356766009223,53.81387216847059,61.283098876096716,61.24313915145696
32.472604082360874,29.135841010629495,26.877962889614228,39.45162443520579,56.635264621867925,7,17,0.4117647058823529,2397.5081354012796,16,28.977451207107244,1,2.697345111098523,42.60146562633876,12.736825641886847,31.652928833061015,28.95172638345262,33.36759703259166,31.618558233931886
75.63324365205843,68.2992022311787,51.849925097799314,50.62023325106414,64.59434825889059,92,117,0.7863247863247863,957.6500892020454,24,61.759471913584285,2,9.322270754910422,76.69834338639356,55.73546967130633,46.032195069998586,31.64069988339351,60.036088731500094,63.35056679557206
92.10151820165777,85.09916563473115,76.64399243006748,78.41520566900772,84.0830678418589,376,406,0.9261083743842364,606.6168812173214,12,78.92558101195138,32,31.60839103968724,85.15879013573802,82.28785564579566,89.38818322552254,68.3310435137682,84.87615862309403,85.01378602060582
67.68325359907523,74.6785367192782,72.52689645872312,59.909105068643214,57.83634215676775,43,56,0.7678571428571429,1655.9379565270176,8,75.15925353074033,6,13.308351454680961,83.37081435679772,66.84281712264722,48.06078282624999,52.104104379837075,73.0215391295386,63.16488431773494
51.23084401994616,45.93233089447667,31.78167468919738,43.82949437830514,49.090900462016435,19,41,0.4634146341463415,2976.2450953359275,14,51.11030186134346,0,1.2852919184091351,41.31054569149241,20.84650892637153,26.84495282422266,20.805010227529042,47.13034599699184,43.808920497695105
61.39417928979854,58.23972512955284,46.81949971600257,53.468479677743616,64.83376066409157,85,122,0.6967213114754098,1514.9695888298502,35,70.98665489449387,13,10.54842190371608,78.05583140467985,67.59940429691443,57.09795991085696,42.71850723575355,66.07903627908354,54.738661582859166
69.34577596199347,57.640194498331454,70.62046591366378,69.28874838219542,56.616638596264266,129,177,0.7288135593220338,2085.248723896424,46,77.00843418055823,14,9.045164031151316,67.28784645860884,50.86014361020648,48.312871743913,32.856211331451405,63.731875203206215,64.71872137065
64.42037483351587,74.91405675003752,69.12965824302363,68.2448183029581,66.30031866734943,72,100,0.72,2135.2925639718705,4,73.70486387580368,5,12.221886124756745,81.37194292018955,54.68073949057423,37.86658015354901,51.06135510931286,62.45421039218363,65.83197134366773
51.223592275500515,46.04804426754478,57.8175480418889,70.2834869800378,71.77735160338187,73,108,0.6759259259259259,2395.2321748442737,23,64.73035533353948,13,5.779500694309188,78.57447836222391,48.408844877768935,50.56129686225863,38.11672194733646,61.43299890526777,53.78907314287394
56.79783389997823,55.1224987313989,73.27354334202198,74.93440881488576,72.14305265660273,129,166,0.7771084337349398,1307.9337690582743,36,64.43725768389946,10,8.102934192867739,68.58578454474375,54.23136185375353,43.607844466288554,49.67730743625819,68.69011669710946,62.011255582786156
75.7039264157488,77.36609471972005,79.95900519320837,75.90119163839451,83.34861310468301,362,409,0.8850855745721271,934.5310700369995,44,80.80060116418899,16,26.853178229286677,82.35199233197403,93.70773451075917,70.62032248775462,84.99089063563609,82.39334488256151,77.53122174673081
76.63356505593451,82.68479175594955,86.06492985944938,85.26439951655638,95.69790914743845,337,415,0.8120481927710843,1032.870885304429,21,83.69851603914904,15,30.216071900994507,86.48627327751161,87.90411345444028,68.3854712454457,67.28234368013763,73.617765903413,88.31203164780075
94.73289474425374,80.17583042745741,91.66079644354394,79.8045433279109,85.04389532583028,201,230,0.8739130434782608,784.8953275036044,15,80.26968211996218,25,21.9862916151598,82.62242419033,81.38410336403751,85.26174042673982,80.7014885683219,80.28909429752576,85.92075542078223
61.05929998724648,64.50537666654802,67.75846452152581,58.06840568040806,74.93786399013692,138,203,0.6798029556650246,2069.641582918683,46,59.5977953516713,9,8.071206948720608,74.95045912091592,49.29540445753192,37.60607997211944,46.971602227137836,69.47744849482925,59.38167257817645
55.39045966722919,58.18674567647462,45.73458332156072,54.10026319943715,78.52078086695028,63,87,0.7241379310344828,1145.1766634713904,20,74.20102325419643,14,5.695611834864147,74.60844090202805,60.18834478195126,36.55379817831419,40.05778302935405,60.35001707211812,58.64911583137044
94.08001412285248,73.47608701438534,93.06183469003396,90.02846635062605,96.94401907016423,207,232,0.8922413793103449,1144.3630552722502,3,89.4555499154327,16,28.118593614040027,95.30632599050773,93.23508709622885,70.12006022640524,79.9499508804806,88.4636513349241,88.99561102099712
39.24892222177683,20.090431717365153,22.32476107204671,47.45965881662186,39.010494082101715,35,68,0.5147058823529411,3331.4402177186776,10,26.51216632708099,2,3.8145696389533996,49.21819679419174,31.404644933121247,28.21924976033206,23.438939920546918,47.76694984156671,30.912897038336542
73.5160240951884,64.43267283858012,66.30514822209004,65.90004509972401,78.65490709871413,80,105,0.7619047619047619,2296.9584684553315,16,68.54636954415587,12,11.48825876500614,61.459905601478845,50.45041246329846,59.03677211311873,43.359110721484484,59.4588400815478,65.33247653417591
57.88328614993537,47.21073757111304,73.24276784505817,62.34962211730214,57.1381129394027,110,135,0.8148148148148148,2319.958090822429,33,70.74195186037677,14,5.740564844970365,72.04392272806692,67.39358612810781,39.7042898961531,38.2797193038061,59.90304912629132,61.89774127701701
58.88651785652979,56.436939350515495,56.4196032936321,58.93148834406476,56.21806265557842,86,119,0.7226890756302521,2321.2022555660415,28,58.35011889883141,5,10.893610519960747,67.01827342832101,54.17392781881137,37.25337161885318,49.65270744395594,58.09674419759529,54.573660109987244
75.21080765422778,75.23637667264107,93.77072527918898,87.26803693044343,84.71008459947511,180,206,0.8737864077669902,897.6906040331019,9,95.27417385054494,48,28.651750777420904,84.24089698765948,72.62743875534096,82.21003226773392,63.961311004519075,89.69192100839385,82.95087388109373
54.95761550991197,58.01087751024707,63.61013416331399,50.651665173314974,65.11479582614707,90,142,0.6338028169014085,1187.3924245266346,31,67.06934058839886,3,10.283989834014866,63.06848298860773,58.50268597304478,50.28016879645483,54.9425385452131,74.37981027678816,57.777274290185716
63.135525421018265,67.64905065198107,72.80731193635708,68.59984751698211,62.734171678407776,122,190,0.6421052631578947,1573.646588223739,43,58.87795654465883,2,6.213441569403622,61.46494089690688,68.80684899071719,50.31354433552739,32.59537282806229,71.43596396174595,66.98468592563489
96.45727183910246,91.51516431670375,85.9162814572891,89.28653271469994,88.31089058863614,150,161,0.9316770186335404,412.61273142757227,16,75.70973179908566,50,16.490533867999318,86.90683904489775,78.39026135674607,89.46313670972852,81.41343059369817,87.52924653975649,89.76538091999066
34.03664499942339,35.96662910328482,22.565632783789635,46.10351614421815,47.8123760533975,14,35,0.4,3526.4229409150557,6,54.90039217461329,2,2.6765281754170336,56.54388609132518,25.553628852167627,20.032037186680974,27.637410806271046,22.613646685357722,40.89038838555526
80.90510041512444,90.90648741047342,77.77813125400819,94.89368330392975,81.66500788290135,320,347,0.9221902017291066,323.12068038246736,21,82.0731852962805,56,26.193436721859094,96.9991866100641,74.90614291765414,68.13874474746193,84.08699868685818,72.70111398441017,83.69663373598104
45.406653752053714,20.845149132527297,45.432624846651485,41.13693188259768,33.75786988064596,34,81,0.41975308641975306,2016.0500807957621,22,41.99782810714581,1,5.19201996748553,51.894454953165834,25.889860271435992,23.026609245405957,7.675078471614622,32.1636129150479,35.57395614131469
46.74853246005368,15.933880469505239,45.87952825635291,22.60149525329419,57.19932899551901,34,81,0.41975308641975306,2802.1107873880037,16,36.701668950208195,1,5.400801791978187,56.61819964927677,22.244920026991537,13.435853343795328,20.757091395554703,44.46489075543829,34.41098154930498
47.161048690149386,36.00859703904578,26.055430056311312,38.286653049370294,32.72838719169423,29,62,0.46774193548387094,3429.4354876363254,37,54.37689447605242,0,1.7687291463294517,32.4500365083263,19.565900793369366,20.891165520079333,17.60614806899686,43.83954156350981,39.427820609842556
51.063502186885465,51.25458620228368,53.582633346149066,52.82316478222187,56.64226073351617,106,151,0.7019867549668874,1558.5648907041796,38,63.46399221330621,11,7.254021147688002,66.00806921229668,59.36773007168938,49.01607312864965,49.21823070030203,68.94533264235665,52.47757779541052
45.44973608656464,11.034714015830307,42.00078692271163,43.51445733890713,51.01288318374711,17,26,0.6538461538461539,2595.669591508031,6,45.4446361811475,0,2.147339602859674,47.375848210583854,34.129907186517514,28.810191071479643,20.47225292450198,20.523353271336006,38.29113369025295
71.58929072908592,61.71037559318816,62.792568843753294,58.322796094295235,58.14863244460689,117,169,0.6923076923076923,2099.391931243805,12,60.01501095176718,5,11.70310037667066,69.78872994039526,56.5785757564392,58.03911439343362,38.999101157443675,65.29897857477097,63.39617741417286
48.644053543356065,13.390550610060878,46.657332075100314,20.07863797755688,45.65933619056726,44,79,0.5569620253164557,2726.1141805411294,20,44.6080947740706,3,3.0677577961744404,54.91161346931713,23.32986850707391,14.229384773735262,28.87150732547742,27.455715117941068,36.958706477900684
93.65830284323123,75.78888011589642,86.5221066621563,93.86596794491305,89.49989976323978,252,276,0.9130434782608695,337.6394614078188,26,85.94006571127309,53,34.67780615992517,98.75529118636449,91.55382395732805,87.22826339262146,71.69622958230107,86.43610817943662,87.70656433140564
54.764305042870724,50.42905689607226,45.86569099540442,62.81125097083654,71.36468892181793,133,160,0.83125,1500.5020229639053,14,72.97514903066707,6,12.838185608326084,76.65855289166979,51.035663853935496,48.118493156004554,31.232266766311113,59.48971675848253,58.886138337610426
45.903266839869275,13.83232916736468,38.94438156196375,40.320437879277804,46.7361827996741,30,50,0.6,2347.282790707336,18,33.758393165920396,0,1.6770470782694726,56.828289705729205,11.274769687571597,26.018599001349557,20.387023305077697,25.827391567946297,36.102177725777146
71.9299747622589,54.50709013284643,60.48478940149217,67.1639565993035,59.20182868260951,126,191,0.6596858638743456,1620.499619715215,46,66.34596086841852,3,5.1736560823064215,77.9592620360334,47.49110678879608,47.97593942185768,44.14612632156424,50.042244357557344,66.8066580391094
25.1870362435877,45.07011171518536,25.628120697664997,26.118886238531456,47.99932189370373,31,53,0.5849056603773585,2010.5585340623625,25,53.27094539726568,2,5.767228359271166,34.975005585152765,23.818108776451005,28.576159866301264,10.338708031122513,39.17094881135419,28.80371894281646
22.677247911779293,22.430796814911833,32.5692875395948,43.82976854811767,44.807286031715854,10,15,0.6666666666666666,2133.7192819376314,18,52.69214606838294,0,2.851964241544368,51.19664381789708,12.227346249128143,22.163681891523957,17.466092034329705,37.24435399568865,31.78151099675032
29.96851400864197,12.487833951268966,48.431620028452784,30.137013252756994,43.36953638294334,13,23,0.5652173913043478,1816.2012705547497,8,27.23206173185472,2,1.156012439942637,47.34526770686948,21.149996394025244,29.87438248026129,23.297194096468132,25.191732786795143,25.81706832313079
68.2864430267785,64.45493253507321,73.49684940055872,71.43910350997814,74.84876717762882,42,52,0.8076923076923077,2010.8932303308047,5,75.4055256346096,7,10.621912254200911,70.0603930839063,51.47870496648,58.15002511765117,53.2742597124666,60.402363490230655,63.557057786336806
60.625911327181186,68.90517194054063,50.737617343360306,68.13412882109256,67.2807125528627,150,203,0.7389162561576355,1689.1362566756418,55,62.87408453761255,10,8.56736268892108,74.28300628890088,67.74677185201118,59.407822502765995,35.681202279598864,54.82077914283354,62.00439650958647
46.234604814665104,44.138886508646884,28.37566659694611,20.690585485332573,55.79300841498325,42,108,0.3888888888888889,3491.5383519574957,14,37.470892719029244,3,3.6837955998789855,40.52110949433005,34.83143038411592,23.51918595590648,10.752579483093069,23.83127382859419,35.53999693957188
75.46398957169218,60.315568431897,66.56487860315589,72.85038730091378,71.0655688737004,125,183,0.6830601092896175,1400.3507725205545,44,68.40159111848703,10,9.522966839087212,79.34687027654992,47.11288772903046,54.74383172079452,32.65205905273239,55.18647570197655,68.5129536449141
40.24600940849568,14.758585451462876,30.627191724396063,44.05066147991978,37.1027470379949,31,47,0.6595744680851063,2056.1356679207997,16,46.84931326143477,2,5.965198352666923,56.01960823833166,29.05398966346114,28.073085751435556,18.07052485051713,31.83122098614377,29.77383686976175
50.85046860560397,64.39763851586477,64.04961269587322,53.60212902628656,63.72469317491732,54,79,0.6835443037974683,2157.5958727232,13,70.74208424512491,9,6.161069198548841,73.20267814937638,60.50285030421563,45.09351991253716,37.21667069170415,70.23293439063893,61.71749289741794
21.080623864633846,29.110562592286385,30.70405190399905,27.99387295376642,59.20263932082315,35,60,0.5833333333333334,1947.551254115976,23,48.83294303707065,3,5.275639183438006,30.09003314799897,35.30916368812792,23.027310145975186,28.053638608950518,25.729115204403314,33.90048935022922
93.95613999138325,88.81384538170673,89.98049670860154,79.01657500349842,88.13678797843643,306,342,0.8947368421052632,1125.3886546546148,12,80.15794281247832,59,12.10027033900135,98.49302210810362,72.81260333095229,67.37210575368937,68.32519082630611,79.33915715097702,89.25218585664324
76.88706510564025,52.61008377365089,71.24931175872354,73.10194513235673,71.7603878664739,135,210,0.6428571428571429,946.5924846345503,24,71.16400617481742,5,14.068728318190528,72.11182022582982,56.508174619445825,49.16166514949086,33.7346136692807,61.72915121418497,72.24796076608358
51.326660525569416,72.21722051332179,71.20095268676153,61.459977673627506,59.08055214861497,93,128,0.7265625,2261.4464300020604,17,70.69695671813432,9,5.733164521207654,65.58428594568423,45.832138731586426,47.57109276607839,37.85226138083945,54.51207520170332,62.492813764337896
81.51554128032927,80.40813374049785,89.3559837203114,75.2772427182572,91.6888187642592,158,175,0.9028571428571428,564.1813132127944,16,75.46317052583366,44,24.820314179226305,94.14030588545182,86.56419794346962,85.19294549953699,82.14784988743563,90.40197605858378,82.008943498555
51.84318530340267,64.34911455182075,74.52363231075803,71.97020247486334,69.77292310063571,104,129,0.8062015503875969,1052.5776660594436,4,64.85955066367774,8,12.17281617225717,65.00026473608409,56.50179985495407,41.63224694372295,41.28820537197717,69.22742731463259,61.772656858176106
15.996359937104739,10.6394993670365,41.12800543743158,31.006097449305898,36.892232366244734,38,112,0.3392857142857143,3028.8408823730965,20,50.38336152961263,3,5.798281039806282,31.27586052807161,34.196120659846855,28.114779848785258,12.052239428189333,23.313039843463194,26.149562635029113
45.65220610151773,21.41051652079308,39.06300240970786,23.23700723447675,59.09794333126982,38,87,0.4367816091954023,2142.1383914818957,23,48.714453359900915,3,2.7873479590120898,52.053756259317296,37.58308544278384,19.30035147420837,22.203317024830902,37.7773550523396,34.10602465498733
51.96550511941598,74.40966218183478,63.48875370763383,54.58660634922121,71.97672747442421,128,168,0.7619047619047619,2275.8323177132675,14,58.46684536781882,12,14.487967125586596,68.9289397394057,61.296623691679684,53.57133077785991,30.572554036622808,73.97418365393116,59.66822773887923
27.17645084908198,40.9778898573211,23.303958150063476,40.48395350476359,42.197672126277276,15,44,0.3409090909090909,2626.181498896082,12,45.21933182248338,3,1.2134748482832411,50.54417607067245,17.875458314319115,33.97325515806442,10.261118634419793,34.82575342319038,32.022713117652295
73.73166576663394,63.96219331701107,49.96683810926403,57.86871748646157,73.33400706711011,91,139,0.6546762589928058,2373.881717327701,5,68.02311393064491,14,7.872442351781955,63.87191509485523,53.76275400241901,54.80590418110672,32.11752036703289,65.00846645922711,63.42904051956235
48.58242209358701,25.563183133159164,35.42255224361231,40.85867666811888,45.6168192328638,27,60,0.45,3545.1790151456744,5,37.97840491651893,3,1.9760573177982095,54.59312073079954,32.49342230548086,34.80066499444167,8.324877698353134,40.02827108654506,37.67291219769929
57.37019928027977,66.30818545707749,65.33732837538801,58.83423648854377,75.21520079773641,146,179,0.8156424581005587,2329.5698792397675,2,62.838785684010396,12,6.122727583289096,78.16851413073299,68.6083058937073,50.26871237385774,47.89625038817027,69.04924361492884,63.341699361644544
72.53080529995563,67.09482626150337,72.75989210623794,61.170855762998215,59.328135979128895,50,66,0.7575757575757576,2018.8831792384105,11,64.56329510550009,6,5.389337072893712,60.8997457217167,65.78923745912154,49.78624828607562,38.95213254733446,72.35570106850616,64.92300809701092
79.8836814085985,73.17219275299911,86.04149856679071,77.26881634207834,97.9443659346084,309,354,0.8728813559322034,1135.9735948610091,39,77.90688771533034,35,12.314695539495666,81.63197440009677,76.4647897783696,65.69630602052686,75.78438315120627,80.65995892004057,79.16706854719705
73.14510705785506,72.7999067818341,57.36337040894304,68.51291998893637,56.86682325495156,99,147,0.673469387755102,2315.01622403304,4,69.80910078137572,14,11.478801735123026,68.96305447007114,58.93428894295055,45.31009391841481,34.22423138799549,51.850499756397355,69.36241193398568
68.86400498726843,54.399736989024746,66.04559331335444,59.6982634413718,55.00438789644808,80,116,0.6896551724137931,1786.5931170734839,23,57.596937793754144,8,8.685766938381377,70.37994097854772,60.71710833561512,57.86321909092159,30.90461993832313,56.09152531354612,60.23863569219896
63.0649754459331,51.00147699439125,61.745767058992726,56.62529466209169,55.919722917970766,81,116,0.6982758620689655,2029.7815557722613,19,65.97508500955766,13,5.620701367085111,62.24644795000117,65.7356351046583,36.49179139206242,34.23497814081518,69.89581647376104,61.44943528653302
69.11201376858939,47.78231385372388,72.27782124932975,62.174356290042034,64.82362347416385,113,140,0.8071428571428572,1048.8902239637923,16,70.06813897674623,4,7.154219036072814,80.7215643291888,68.0961656048174,50.887075388662204,32.646975536845055,72.38237035390847,64.64557391767727
51.79221987082072,56.96115379718696,47.58518998940944,59.02592517022602,69.26213885892959,57,75,0.76,1931.9880279535203,10,76.34290186420954,5,14.472374752363327,78.69102288956829,58.64514410467929,41.29241997890404,39.49263056609722,53.91733334631286,58.09560585474182
45.94301761602668,14.985140190704369,26.86106553630492,36.842470587013565,39.19744466266831,34,66,0.5151515151515151,3428.766339474425,25,53.74368833685313,3,4.611410030022407,33.18674448192726,19.883288937516,14.733907228467748,5.578754529831779,24.845138906605094,33.193054291997136
75.40583560247234,64.10327565107902,58.16126704477577,74.55474758538892,76.550352672791,111,146,0.7602739726027398,1440.6890806601273,42,72.08871256499698,6,13.08708644820744,64.75803057890045,66.79365942981393,53.93873392859723,48.06625836653888,52.17011434286588,70.5759650624443
92.97362804135831,88.28520792104374,90.0337475856829,76.12427810919758,93.45537146143708,252,312,0.8076923076923077,569.9446408182573,0,82.22572746825035,10,12.759274525707527,99.07873505052817,75.24795114370129,84.72317559872198,79.36430207935912,75.44322249207333,87.39704560862447
52.600561305845275,53.529734751316276,47.764885250949334,72.34905563738504,76.35878917001327,74,116,0.6379310344827587,1901.025568456924,21,76.24042267160286,6,11.906798621824969,75.4864525164427,65.77988640809492,55.89652027964703,44.74482499612813,65.81269123324431,58.97327598210523
33.50280429655071,22.008380714845188,32.834337034763564,42.98710311306907,35.45390643786306,40,85,0.47058823529411764,2382.6534327896056,43,52.981502920257526,1,1.2883803680882624,33.55557960964338,23.798788584794373,28.087130690713487,14.27092411839023,35.53292412469284,37.593605147894884
65.58815117652867,57.53302634529611,62.26105220931136,68.38119764921598,57.58678431766948,98,144,0.6805555555555556,1258.0705377731006,3,72.5494137153207,4,7.340979190239994,84.37436406507275,61.61992477576146,46.31067216166764,33.93818313883791,63.330525057703284,62.41636642097235
81.1145761430492,86.79834321002521,79.98001504935854,80.32038556010761,82.68628000310316,345,421,0.8194774346793349,519.1301715643805,17,85.94841697548163,50,26.12387015724893,97.19130463293891,79.80984303821187,88.9055547662237,63.32862510445242,72.55373824143845,84.47693338907611
24.516876320885117,26.44377937314235,32.94048133598997,21.08270056780216,43.594746241010085,9,22,0.4090909090909091,2729.6152440978194,7,36.02685475725471,3,2.0662435953126295,47.23941882015527,24.936215369440184,10.479876564101774,7.155895794147389,29.96824027139889,20.836487560909006
66.08194196850857,51.65326529342672,57.100709152136254,74.39082663413764,70.19433059693505,126,153,0.8235294117647058,1378.2328441590882,17,63.28250903760778,11,13.514710138868773,72.68408858061409,57.021686465905645,43.50716167745992,34.4274173573521,73.48119307187773,65.09018359229565
97.14650758609486,74.56507421850003,70.32673759139668,93.3033427594911,88.37369779619007,374,404,0.9257425742574258,447.65722943880166,30,97.36801739957423,38,24.875301610134578,90.4023082900479,85.2682944911155,71.60749381934387,67.18103369937101,82.78347724490332,87.96823871455008
16.057115368776245,27.549703843505466,27.277266034254247,35.49106521607565,45.77499615934311,13,22,0.5909090909090909,3189.810776007805,5,40.8893974519013,2,1.5286756825305283,35.94434643290453,34.98884289575952,28.0271902174448,25.148903195701003,47.71287889742182,28.056708494382363
81.18363083079045,79.57967191783105,91.86038267459509,88.3292609505367,94.17296648154199,407,478,0.8514644351464435,523.5452478688868,59,94.17379208531105,49,22.17854684073915,92.98644649153763,93.40701553672316,66.60015866521552,80.61858093367519,77.30957776030483,91.8027094809576
64.49343912837674,68.87129157214166,65.28890024373452,62.72922523943501,75.71896780372889,69,95,0.7263157894736842,2102.145609367976,25,58.38097808475714,2,6.0175475636221885,83.3027879696395,49.74945617962443,43.33240387654869,43.22879247374833,58.696678315078216,62.96164437997833
61.96910807455657,70.20414493169848,60.92285850465069,69.12142622762603,56.96428955729179,86,115,0.7478260869565218,981.4251446348806,4,70.99975698205857,11,5.144026263481533,83.65722753473334,49.82190955912625,55.70153246113652,54.111764993928105,63.353029989219046,59.4970776991896
66.61607939741552,70.3046926678203,57.53214529331288,63.30961782686119,79.78260148527778,126,188,0.6702127659574468,1399.8063481887884,42,77.86497577334477,7,5.10895473025343,81.75282602772162,50.46545828147148,46.398081842509384,51.30869502381595,70.59780318641572,71.74544848222276
65.47471901340336,64.26401385882347,57.43950533385612,72.58369625915145,64.06887903002942,51,66,0.7727272727272727,1265.168451043117,2,77.72418498550307,6,6.436027256547114,72.05530704390523,62.73820158941495,50.3100727025743,53.777704552065316,70.4444470992907,65.84032501071914
69.23347940312996,68.20632554207442,67.13481982031362,58.539576307239635,79.9862630747991,90,143,0.6293706293706294,1455.6209295441113,16,73.33149099650927,11,13.507993783196138,79.45905659486337,66.2811530876469,41.79892787275821,44.8365305612959,57.08122655693436,68.03336610744186
42.005800740817804,39.86558728307911,22.720802725800045,37.44609677809892,41.27745579555924,28,74,0.3783783783783784,2447.0093086815536,5,29.844673158693183,2,4.231117810490479,36.88338809802317,38.692793800419224,10.822750994177504,10.583744500233351,21.029719853039385,31.5859924309377
78.00500390793965,90.55325465114701,68.74462441900545,90.88421325098811,84.96381622852442,195,206,0.9466019417475728,1172.646954163286,18,85.64153891650405,57,14.154465676235935,95.09242443197184,82.29827750264323,72.5611869572345,72.28545443821392,83.06110363513662,83.68772937915799
85.0296210450442,74.07946822779913,93.4269537897213,90.33697795635547,84.82916960769991,393,469,0.837953091684435,1147.1510360161183,55,86.28863692916498,37,26.210933051476843,93.31715532432554,79.4668552493196,88.86056950802684,81.85422303705171,87.69852289349987,83.77646459598789
29.775083822870336,37.78514204691945,24.143395374034736,25.30295316723727,49.31128492236601,12,18,0.6666666666666666,2957.223794677654,23,43.56755927003245,1,5.34865415869706,48.25337178003653,35.01596927825631,21.763392519217405,24.71215611156088,38.10293946712024,32.729491863367436
66.00864471248903,54.36549650464533,67.37346474003814,55.16990915894016,74.48720866178834,102,126,0.8095238095238095,2134.153652261003,22,59.4270576587197,10,5.2884840029002165,63.09320220467846,56.14314713530957,55.45845839086176,49.34174428412624,55.88244404440783,63.28885373952597
75.5426152589583,80.75705533708857,73.97745257780481,89.96211335774979,83.74899815276382,228,248,0.9193548387096774,682.3147631982706,11,92.82335486303697,48,29.524490642091234,90.10231111488012,94.70926416803928,76.63193828189809,61.45594577050688,76.55685804537463,86.4904399438631
66.73149200506822,54.064696632714586,47.373681812301946,73.73336936781092,68.38943510041533,115,153,0.7516339869281046,1497.3154629511528,43,75.54561866060826,2,9.407776525463927,69.94636689448093,54.12628173399263,42.086708034806335,32.142416578926486,56.70511713806251,63.958013828482045
75.74029402920935,73.38698701333581,59.524173813538354,59.36377408508244,62.06954514007573,134,197,0.6802030456852792,2267.6618205362142,53,64.65610468658606,9,8.877831574463789,65.99449347110118,54.31066877939921,37.77615968229746,54.27763770911886,64.34793609898946,66.77428117121858
88.86653629992502,87.00973201275434,94.94599722996853,76.49920086940025,84.01417682360719,188,234,0.8034188034188035,1178.0417272409873,26,77.11088494883704,56,26.86512847411977,92.94684268746182,73.20874816536737,81.25467916114133,84.5620645150312,92.79546423848618,85.06484836878938
53.63337260434389,64.03676570072395,54.83864791438771,56.87623221480984,69.80148323391168,42,52,0.8076923076923077,1777.0525568039784,4,71.29259258396556,3,6.514850546120749,69.61434866013124,46.08007160880435,46.73179615907323,48.827086491830144,69.74931778414029,56.28683876526939
78.04013212833905,81.43624663255972,84.3186973834284,82.6190369004695,80.98217734908859,408,443,0.9209932279909706,713.3982967204885,37,79.97565388550902,42,31.21356819653766,83.93775743551367,81.0287638057658,69.98528994396338,66.61179541667977,82.58867453779715,83.62229208083598
84.68992027756738,91.80982275589703,91.31361402986865,79.86359960528452,89.91027142174455,170,187,0.9090909090909091,867.9444539431985,20,92.480802741473,29,23.822537507159723,92.11507461041869,85.79700398117213,78.1762539123141,74.5633444360184,87.09470502224687,89.09186176035355
64.06486711697065,68.39348645902075,50.61268278591724,63.69107532589619,70.90499856764166,74,112,0.6607142857142857,1029.6050407078142,5,74.29879807535849,13,12.095601049748137,67.58037233251193,47.33320282802058,42.7774796703812,49.275729514512975,71.93502573353433,63.679146068241835
57.4786043390286,56.79084774849041,53.94110582391294,66.09808369523415,57.52908853065992,60,80,0.75,2226.206944932472,23,64.36740205498775,6,6.676804765299091,62.21444149824888,50.0580714530752,37.56632455029526,43.02459870505314,74.70537382289453,56.642183495594935
71.76028143042527,60.17778763476511,60.28205608592911,68.13276438851751,67.46561158165709,147,185,0.7945945945945946,1947.764823601965,30,63.85787663114211,12,11.247801006840636,62.92283930438978,64.26029091778183,56.649148837520514,53.61841975709816,66.61192407265979,69.1379971513859
65.62378481701667,72.78522132209261,48.06089683924471,65.02906344277667,62.55441828531644,105,140,0.75,1714.5187650215184,23,55.26445336513785,9,12.469746046867705,68.62551666526167,58.057236832779296,43.99933795441674,30.400910000766146,64.06122353178547,62.372106330995955
51.371972106082765,45.837738593032554,59.55341202009975,63.65807139284541,56.99782301456476,97,124,0.782258064516129,2297.1059225642944,29,70.26151375155384,3,13.289539343066295,69.45548042248616,51.31879431153013,57.791383479094826,32.30546189197136,73.57221990141011,56.06738302203303
97.70735097424372,73.91083916869174,82.82392146056405,82.61781713262043,97.45845916066285,432,502,0.8605577689243028,357.1606466310012,0,75.31445519102094,15,27.909431134884976,90.68692550058927,88.7477687367493,87.82914380644107,74.6287383081368,88.1530211017962,85.36420649723593
56.58863514611038,50.261710049208375,65.886657450146,74.42432906813798,73.74887752760195,59,76,0.7763157894736842,2235.588202450249,23,74.59818541508204,8,10.889754347615202,66.87397775992258,68.44971319305141,51.33288061922866,54.26191616104456,64.50292582605077,62.068181107685916
24.60672565343016,14.484762867186328,45.53711498065539,46.324858351562156,37.98868843769442,12,21,0.5714285714285714,2208.671225646346,13,36.13172588731931,3,1.7497077159277858,30.371135486007958,13.14553493010452,17.844229789695344,21.729079752792792,25.673445493299504,33.1384202678214
41.460907365982955,31.002313245492118,41.482549397216275,31.193995002448858,38.86107228331139,13,27,0.48148148148148145,2152.6419092124424,5,40.771366060347525,2,2.0592565044986357,30.81642833147676,39.11805274844373,21.68223459869418,9.043946825698491,41.21871246742043,35.89988326668112
54.96186263499471,71.1910680457841,67.28192591289958,66.48497699763428,65.1716026884825,99,119,0.8319327731092437,1069.304126470233,3,61.94092213213436,13,7.8928242444196295,81.24188268502812,55.94039071845875,59.20570127404359,53.8538917360925,69.33190556667037,64.11348848584623
28.92229253325445,31.357264096857477,45.16418828944005,45.167930829154386,51.78683664546692,26,42,0.6190476190476191,2733.3039702011924,22,33.72788898436473,3,4.373383639280725,47.124311977227656,38.22246585148162,15.238923287423884,19.77646166819897,31.586313385189783,34.67877853632282
17.70684679158704,38.04777633769549,48.95603880133118,39.44871584522248,38.29383705643066,38,83,0.4578313253012048,2454.070727124233,28,31.956628630216787,2,3.9630090562778504,35.43224644206255,11.032331377135737,22.216928283197213,29.703965181244623,25.481277318535763,37.27934221706401
75.69231795283555,70.92824281022126,74.8383454227483,54.56528531440364,62.6190450306675,110,150,0.7333333333333333,2110.743042095807,16,56.70035239239214,4,14.60874356021272,70.13792109565986,50.62031204247115,35.482843874052186,35.93247590233963,67.49796937096056,70.86886186113185
49.01463679642214,40.16921997806152,35.40502187513336,32.49702173695319,54.227098170246734,6,10,0.6,3170.241364298819,11,31.981277315889578,2,4.90468630899082,34.358017437813835,19.676342253571846,21.29317293227865,8.166320142744876,42.065091284538795,37.4299109660582
76.78951008201581,54.31090127652238,54.89702880447193,54.73972327744293,75.17126502846914,117,155,0.7548387096774194,2023.9912705236834,33,61.45601897285013,6,10.037436953747285,80.36282199041008,65.48212601855056,54.95782834408367,32.52812097791219,69.99197008187035,62.27092883507986
33.233794464159345,25.455360259656644,38.442607735236166,39.72978532546646,52.52687465088499,7,18,0.3888888888888889,3014.2074075997543,15,35.19736397302179,0,4.927216144676292,30.92337454163049,39.77500275284019,30.711462248491998,21.772765199532625,47.064989611924695,34.56749576996639
16.04929997502806,23.875432533247334,27.29304906895281,39.091924095678934,45.565734052551086,31,89,0.34831460674157305,2210.918519288098,19,53.78480790484018,2,3.5385594235581586,54.71010252462187,16.0725900778193,16.08911544597656,24.589328377699765,32.385806356905476,31.457618250347057
75.45823719891611,54.08143995071312,67.619502306755,61.850225543691565,77.46589386681939,100,142,0.704225352112676,2102.351736436574,12,70.36745993867278,10,13.438545669795145,83.02547535002239,54.31756459386098,48.708885435281466,51.00415738733501,72.58750085756864,69.83241160083338
72.78756438474792,60.64793878758803,72.30444286239046,61.82718592867961,59.45216670239611,91,128,0.7109375,1672.6453989044385,2,77.93365584937834,10,7.863292802341379,73.8324085628491,59.302397956928665,50.751485167339496,50.883834314313674,67.78035379220069,65.16443774182088
68.132954296288,65.6509816248609,67.70639257442039,55.17942318716026,70.55758783086999,80,101,0.7920792079207921,1901.6454335194198,17,56.350627490609625,7,10.162876079989436,83.59696129023955,56.95410668306955,45.82718205815853,41.25132030994535,58.9932155068824,66.62126109214418
68.33471640085001,65.54563437536747,72.97337867055043,53.669922434426226,72.30840412274308,118,167,0.7065868263473054,1057.4087704919243,40,58.92723836708664,3,8.942463748405945,83.12206108169231,66.1939574532694,44.4159962949299,44.34785772365656,50.67935090734804,65.85634631952506
57.537316953452105,72.77537846200971,53.69252666336861,59.961017371557666,76.01697777886451,113,167,0.6766467065868264,2044.9168273904656,5,74.31979749994959,8,14.037299762136376,62.460746724733504,47.619096442027974,54.90999971926615,36.30931191303677,51.46353554875195,66.26676176376843
76.41851542328202,81.70166843080972,71.14158361849996,86.3303633117566,91.6917732548659,295,312,0.9455128205128205,863.2570754841382,16,94.23811395965083,43,32.367867202469526,80.20020821118273,92.06022966109471,79.29197195874346,68.29144610442543,88.07642813650824,83.30812046624278
88.72894588257309,95.9885002845114,88.08346682246142,82.95731406034855,94.89595494093285,418,495,0.8444444444444444,986.6040019989277,47,82.82946579062798,49,17.215047241359727,93.40065075615134,81.70825464834533,84.33881854662218,63.08502038013991,85.65805879140488,91.25456825936156
27.038683953845762,35.780679937629884,35.336211219271114,41.153278185647345,42.92936883645704,20,59,0.3389830508474576,2855.3597729998874,24,41.71255053493698,1,5.686466400254446,38.64919777128028,39.97806055588948,12.107938171413812,19.20285452512968,34.432582084891436,31.69498761864282
63.717035979663095,56.360719899990066,65.8466125742184,70.43986367378865,68.60624286239096,105,152,0.6907894736842105,1593.3464488617037,43,69.17619544277757,12,9.02865739150104,76.26933474454026,58.1746554581607,44.36124693846087,54.744360392002235,57.55463774998542,63.38760450538193
74.63347426146782,58.20938927255717,63.756249652287906,62.26025902842013,76.81416295894908,77,100,0.77,1772.6226269222907,9,71.55286070904316,11,6.22705699337307,60.93251369653696,53.01468264979334,41.864293766243534,40.17339780078367,74.0495655000085,71.38894330288198
52.61843910914246,61.03139446029778,59.946712208046804,58.67936265840723,59.218845194169326,130,169,0.7692307692307693,2027.8346874629663,24,60.617182672785695,9,13.283690072301976,79.78827677912638,63.04213998269245,43.97740958840978,33.0576079073431,55.420855442324765,56.653207368608506
67.7278639810487,61.98081391697012,54.80268381163216,68.20499883832252,71.3313819267084,68,93,0.7311827956989247,1712.5635373108785,3,67.08561682382573,10,11.720586913854891,69.4281274964063,60.78421322751592,54.476786214969394,49.02506569400059,59.382732765892285,62.29919461272744
58.21907348463834,55.01952654798005,45.81399674604199,74.28510382917399,75.33631438076961,111,174,0.6379310344827587,1905.0121129120653,28,74.63575867318082,14,6.939014150906441,68.60271168307422,49.706016388988814,57.6616266162885,35.422263674936794,63.9295928582624,60.256689838563645
28.931877113051243,22.51484134036699,20.268960080987167,48.656046173543594,34.169876524094214,8,13,0.6153846153846154,2682.977681082101,5,26.985072739578943,2,3.20448461794248,30.671245373147354,33.126946641584446,26.030653588860623,22.492466592678753,33.225418105080514,30.181065192779787
97.89889664148063,76.56923805645334,78.10331507969958,85.4036147313352,85.30876044446956,449,496,0.905241935483871,699.2397311863684,44,95.8797647288803,38,27.5734464225144,90.45145640523619,89.5488154243038,68.89119981903977,69.79852974471093,82.25010626910858,86.17296517064214
73.79079051234757,72.47983503012435,48.385813931557145,64.21928943975836,77.96021056183086,130,191,0.680628272251309,1001.1219407142718,35,57.60995724622396,14,6.219744343025951,63.8983024077005,58.60008309388802,41.854435991858594,35.551892498598235,64.39533579620452,69.48209927243117
33.769462551372726,33.73666424269378,45.63715420687939,26.969601805301462,43.32062040768672,41,117,0.3504273504273504,1828.504819883025,11,34.71385715181764,0,2.6330634013089713,38.45359861262037,27.70416356686716,32.14050660636863,20.924446026809736,26.762743650722058,35.777214631820705
95.38014901220379,75.11299320877693,87.12278257312032,80.73039097854246,94.44752562235273,328,346,0.9479768786127167,1107.6292792118388,46,88.86990976622552,17,33.63778589285852,95.51823065614612,73.19842311279459,73.68767706062953,70.88484115439338,79.89903971869012,86.69513966131616
77.80856486625862,72.88956583063232,84.44315103602369,92.50236089116095,94.22936918489012,297,351,0.8461538461538461,1041.9154025244145,17,76.04177680310079,32,28.97287179014462,87.20949010283108,86.78177063072832,71.76609854954414,62.03074087016682,94.81454488719409,80.41212260637508
74.2057069966728,63.21973776773178,45.00722009228707,70.13684336699562,63.255308418153646,48,59,0.8135593220338984,1388.9685656532183,9,69.45861757110316,9,14.721565095347499,65.36898499906181,49.6727991197644,46.373376794936114,48.69413192850081,57.040015255881286,63.00410316849307
67.42477232876458,46.6786758124388,71.55897333813577,62.045533385354936,72.43682079939501,73,112,0.6517857142857143,1668.4271145753196,6,61.55427011195665,11,10.732229575562435,84.59614807118865,52.273960762949045,54.85880823119188,42.26196018020168,50.995142080552185,62.051790614778156
92.70939321875181,72.70294377372213,93.87095949363585,92.80441341109112,84.86627462892052,227,261,0.8697318007662835,586.6067701252239,5,82.23198443366232,46,28.95246090581603,81.40202960534884,91.6135335395521,77.48916158439832,70.96270041747425,85.27558528854811,85.5239566654104
75.11732686988535,72.78474991577605,56.36548835766567,54.33901700182047,77.82097145484937,77,112,0.6875,1191.9288814868478,24,63.95589765735692,12,7.46617422690674,76.70901755293485,63.50373484243977,46.203217486628986,53.438149668989574,68.41641838046976,64.78668494987838
55.60201602284609,63.81838373077275,54.13093184001083,71.46260748599711,58.48542467663987,111,156,0.7115384615384616,935.3920707948026,31,58.98058796055857,6,6.819956213541093,66.41396265622379,50.48827549539048,36.763948881635606,38.696433028502256,74.47414416129848,58.88472492965309
57.06838896478309,62.29547371465913,73.91528554781578,55.00166844043915,57.38131137260813,109,170,0.6411764705882353,1089.154043981114,33,60.16043703692473,11,14.062542367378683,72.65929183862863,59.85261595688563,52.70368336496393,50.818966711317856,53.03777923844165,60.37656637944989
41.8579525797826,32.40906102603128,21.5370024104758,46.987572525450595,59.93946261383627,34,62,0.5483870967741935,2797.937269511488,9,26.29948058365047,2,2.5053711607392595,34.41617714491091,10.22413556630857,24.312860105801654,29.216763070044422,33.55572434758474,36.32438644354146
41.834783682691864,21.503471129706142,42.3675203273837,30.302472117856578,57.085154352800885,44,68,0.6470588235294118,3308.4867484702545,41,48.27551671444293,1,4.076810770136001,33.6928917789986,24.871978231661675,26.735322863562804,8.712675820850775,33.917411416887134,38.98090725652041
26.081711602979887,16.103567882037616,22.102753346007997,37.249293257347574,32.74284301199639,40,104,0.38461538461538464,3318.515972086618,12,36.348420781873955,0,3.116895431165597,33.36268993752233,32.04804295574253,11.754685788227805,15.406046925555101,30.984097897173204,30.873940947312928
63.70946727948488,47.67857696753808,67.40249647546042,71.18640046408382,57.704666433116515,52,66,0.7878787878787878,1312.5101493326572,15,70.87665918847242,5,5.797570417210284,63.453884748813365,54.30947970977777,58.11256074619655,39.47575654114951,51.51605193629188,61.730066729882466
96.70316616385477,80.91291024007919,84.15577842992256,82.95188795925588,84.93587364227606,406,452,0.8982300884955752,951.9804053527052,33,79.90140819257692,58,26.988336983645354,87.37052687447522,91.60895624599092,76.83024766728893,84.20483569786805,74.63813789257803,84.61433447337473
76.26010210224162,80.96041045366889,86.22606313236331,84.25375663375654,94.51692702989442,235,253,0.9288537549407114,300.7105599838969,25,82.85610155771833,40,26.578545830912454,98.29232909030384,75.21629782896078,81.63182090592277,61.96746441768774,85.09387859594032,83.79992963996263
28.581150496635757,32.95783188528375,41.895285809539736,27.36389774058323,40.9882163725257,44,131,0.33587786259541985,1954.5797707616443,20,39.39495848992419,0,4.003711266662256,46.683569573297234,30.13630189210938,19.277266010393213,14.789720148782664,35.27610251603103,34.8188692514945
21.00783546034706,28.01210188616151,21.20596935495479,30.63655018665386,51.9293653010886,19,31,0.6129032258064516,2712.822391683016,10,39.326908292434126,3,4.795688734012954,50.87428593793965,35.36236624884552,15.572661607050996,19.244168655412402,30.082670007797105,29.0915557322635
72.21408034262704,59.651084608645526,49.2638111074763,72.11255203066231,63.466548655911815,123,153,0.803921568627451,2388.486981020174,21,64.55539079461902,4,14.772513952392783,61.75539807151816,58.3502227435126,57.9006379837987,53.642347122063136,55.8027240719944,64.95290458393735
87.79238593049027,90.26743423702565,65.48601192018401,91.3676084955907,80.7224994635366,374,429,0.8717948717948718,475.50808239475424,46,79.83732679457326,51,30.203661440458937,92.0493966140691,82.79096456297535,66.52517857513487,67.19578247129014,72.33178616945425,85.67126572074626
82.41198905784815,95.33192904087241,94.58984520680379,85.25210106043176,96.81685624634979,306,339,0.9026548672566371,540.2093592888947,39,96.56365776036878,16,25.331546538641817,91.11050136125439,88.49054211632487,77.48107268811937,66.80714151770336,74.23491249078947,93.89870143688445
56.707437774607484,59.242128449619024,52.40966985857038,64.50584558588325,73.0143442014992,141,181,0.7790055248618785,1190.5953171646754,17,57.167158558783306,13,6.597183966870974,66.42007442613131,57.60192013264712,35.49095493299185,40.60313970248434,66.9515350913435,58.581552339496625
68.41829542072098,47.80223045280648,67.06872450652527,51.07216899598527,59.76475752802065,113,142,0.795774647887324,1208.5676391256088,17,60.46913368556614,11,13.190574556693498,82.1895012147392,51.48689123929546,56.235289698732984,34.86984459094005,60.33355660372038,62.715191017311064
64.33025766763335,57.501698434080026,68.67788990973855,60.62097995273176,61.73354999374387,86,117,0.7350427350427351,2216.885418349991,17,69.04891076477031,14,13.002566793044506,65.87652512525104,58.96987788576505,44.631267959048046,41.492774211209216,53.84890755309077,63.86392554049409
61.76175474822452,46.83438543143058,59.67992494872708,70.3335832261277,57.46882421704221,138,201,0.6865671641791045,1824.5548967018735,34,71.65189383532898,14,7.22207206995982,63.67307567751516,59.32837336635176,59.43685695751426,35.923333729293624,58.883403733878794,57.76774431447072
80.8744396795924,85.9517249882529,93.35112396090813,75.96543773915963,80.01840139270007,161,199,0.8090452261306532,1051.4725945330672,24,82.5267570818338,19,22.56065999864596,85.03576906693769,79.25800438626305,65.50590581599876,73.09982918661667,82.62644500676022,81.68670342258092
51.59157461908431,51.19983021692147,47.6945806038322,60.100165577005065,75.52079475936894,84,128,0.65625,1097.3911155772653,18,67.72815849159532,10,8.718979905749412,71.52633326317971,65.86429892177368,51.48699195716964,31.48121130999319,73.94010927790427,56.62471543989446
96.56720615372546,93.71861858863005,93.38226854206493,79.89431194047401,82.36817551950838,239,293,0.8156996587030717,1174.8481271611395,8,87.56698074586993,58,33.790843955375244,88.46716054701572,70.23275726905884,76.05984351870484,61.15172924188669,83.59694802902794,90.18411610138996
65.9728216280601,47.772687507152106,57.90557600335539,64.6658328243254,77.73793291112631,94,143,0.6573426573426573,1335.7224084134155,27,60.57142018174356,8,13.774791959088326,64.97544230037468,64.67401817463522,46.5451633504905,54.977269194932774,70.97728746630264,59.26042328930419
70.80144768936648,63.99128770427169,63.00049524263943,68.4902721850192,56.41951848140767,150,239,0.6276150627615062,2321.5429228380945,61,60.57301487801967,14,12.480777016323756,77.58486286605545,62.888989447445056,53.02609188394905,39.48547529653871,60.589060401314605,64.11103274795745
73.09814745394225,61.36034952004634,51.59931241962059,58.43872032750813,64.53847106183866,63,76,0.8289473684210527,2138.3110372610317,11,77.5506176075261,11,13.503588473542644,74.15627169680018,48.213789946511234,44.66356657935203,32.13854168063909,65.95027017319505,64.21371566946769
75.58301789807058,87.94121909864569,74.48303934640911,76.11481707174883,90.97662970786611,266,299,0.8896321070234113,372.52273105786225,39,79.76231291780975,42,14.064468512883614,98.2165252937263,70.15117607959947,77.09650547160778,63.081186453313784,77.69197723694872,78.93325738593317
66.1013206604306,67.35683642493218,74.1398910063696,71.95646728597866,57.95918098938954,129,165,0.7818181818181819,1188.0529110523019,48,62.58585168961496,7,7.2724482788806135,77.79743125766714,63.322857479237626,35.52449987084833,39.893942593057915,72.25351603004053,72.5349679471028
82.15384334698776,78.49922483944577,65.32395177168536,89.02022534190081,82.03885555516435,258,277,0.9314079422382672,780.632501884191,23,88.43031040154806,35,23.085883107855942,81.40921355333917,76.95359101122277,73.11266622922368,83.62806121862218,77.06668401352897,85.42457484581045
59.30101899729277,70.10152096423869,66.4981882669515,58.754038299200815,73.35774166521512,125,154,0.8116883116883117,1359.1559402364253,16,75.04930495063792,11,10.421956448860737,67.51567266346622,61.681491149558724,51.127112588245744,44.44553765679035,52.844043042771915,63.13146198513103
23.256373180887916,20.828945492339418,30.32526838508194,39.01901144733455,33.44618034191622,10,28,0.35714285714285715,2223.128219235984,7,33.346662607460686,2,2.9093849730675023,49.568509551065546,22.054091809532302,25.408257647930093,14.556984093195195,28.711589116283843,29.568974600063868
52.999381982460704,55.72338147206774,70.0618373433856,53.213516937541144,61.685701815230175,60,92,0.6521739130434783,1226.0776564159114,4,72.87830532473092,13,11.613430716714742,62.8272072232707,69.80667582958748,47.014607943849754,45.97019670660946,71.90429746703634,55.06914433319194
18.728148891987416,31.683039240389967,31.708374550887914,21.042988263357152,43.03343644832266,44,70,0.6285714285714286,2328.0657505107574,43,34.671694641204255,0,2.8323748458766453,42.89314514364733,12.758743831736687,10.131944556871682,23.400182179991713,29.445700583959862,24.712500216189596
88.94265183303763,83.61772091037409,65.73440797439599,90.81405807492227,80.2141609804128,305,351,0.8689458689458689,845.1835404230749,2,76.45269214777521,17,22.836968865697262,91.46803251795407,93.19751574655068,85.70945364004116,68.0744683340952,75.93135909142843,83.1724486544799
56.0157582665675,73.050923200074,51.15763027892825,73.28238068461211,71.36552338000786,65,84,0.7738095238095238,914.7852448953022,8,63.812522587495614,9,11.641088904830289,79.20920171476908,53.229442230028035,58.10909904214225,53.46165785047191,51.01726092877858,62.33991725979789
40.61025044117025,46.97843406835653,20.86682127068951,29.422548509720777,39.90179409021361,16,40,0.4,2984.6784332748925,23,25.561871470773735,0,3.169612445661749,52.009832897370615,28.55183635772657,12.146514765656676,12.692448797181001,33.24533012492327,35.82165780326509
76.23424622091486,45.03385867580948,71.82713488906585,57.77613299378264,62.78738561819005,98,125,0.784,1735.3359574096417,19,75.67754572590744,11,6.428584288664925,81.55046597526666,54.97344427181865,39.23179193348196,42.76673506091418,60.416701248002376,64.62558351404233
70.79260916998244,70.43813273275886,58.80309897528787,64.86192102646099,76.12225169565725,147,229,0.6419213973799127,1243.2874137352455,43,68.24594744247865,4,11.725113692974059,61.108306270057035,50.526646626180415,46.39209166253291,38.27510839957954,67.81552698370805,65.9629585638795
34.172154914321816,14.256349104527253,30.495260428950786,24.914888254774674,50.207200750696536,43,66,0.6515151515151515,1910.8924456778316,32,38.290097954465345,2,1.634180500302453,36.14322303175184,37.22879184606616,23.653437615060707,20.521241061930496,32.76145207022222,28.11958271545977
84.60131052961864,88.99765429973814,80.65586885996537,76.48352391188624,83.45629251742308,154,184,0.8369565217391305,1105.2857883112456,17,95.39966855030595,17,12.270937154592767,99.94845878107108,77.02684713612783,81.700486312814,64.41705785440763,84.50571330497854,85.04219053599937
22.203768371709963,34.952995927111715,21.879115750926328,48.6886275600272,49.426656165126865,8,13,0.6153846153846154,1916.2061102824302,13,49.30791898457867,3,1.8828948624473199,54.189149417495805,29.74388414461637,18.352981741210954,14.40490679904348,24.364868569237352,34.14885019770671
33.818531062556644,18.606378680388083,40.98966970699843,20.8890145771008,50.71891417648358,29,73,0.3972602739726027,2658.7451351547343,21,53.16192299509662,1,3.2710960339245605,54.66412876589101,33.68848209150994,30.005254571898433,7.368464982562992,43.026239596116255,29.34643016017233
54.7519756590575,45.28674558444206,52.11394807149969,55.87571967795334,65.55013127114307,69,84,0.8214285714285714,1134.265995661481,21,64.45069781481155,12,11.060100737471432,68.98337998468149,46.435586985056126,50.99154960116353,44.25301212787642,52.822580276515396,54.69971050051726
65.76313857731768,67.85245490786656,68.58571782195474,53.699838110760226,68.13762857876985,92,117,0.7863247863247863,1912.6062716370475,3,73.50024576073565,10,6.993324597142136,75.00360096081285,59.28871937123133,39.943545020028786,40.9971709716135,66.88846928856987,63.37632965483617
64.86073661693239,64.5771234581239,46.585117133789545,57.32382927727483,66.52265779422167,45,62,0.7258064516129032,2303.726288154832,13,73.44020098133586,3,6.508420046585298,84.4537933262553,59.612406427459675,39.8089155842125,47.04132450736867,52.30121274575845,62.98501794506609
55.69299613702894,71.91383506741212,54.498177769660344,58.16989942687603,77.94133239787166,61,79,0.7721518987341772,1141.5428506798924,13,71.11659604813444,6,11.69411875167149,82.0005507102666,48.02576030733142,48.05404240546926,48.136942227562216,65.90296107310411,60.95816269448662
81.21904558684409,91.91050945617442,74.40043752755429,90.77864943552015,96.05369860659323,290,328,0.8841463414634146,639.5822952656913,11,90.52822140644237,26,27.801443129574583,89.87628080913858,79.69122013639118,80.81779696871502,77.59642729085829,70.10908174125773,85.56684025402069
71.46785934143885,68.58129629201893,58.79180471847606,50.48623106230078,59.303424337288256,153,198,0.7727272727272727,1152.1602918092005,58,59.37429011893443,11,6.387896337360144,64.61970287685351,58.21170848769687,59.38028657435379,44.735787075015175,63.06720164116607,62.597645674045914
38.39169225538579,39.55572058905572,47.73814745632556,39.07106144310751,42.61985260013019,43,100,0.43,3264.025473359776,22,44.59877085016901,0,1.294954258523814,45.021850554279155,10.675997979084391,14.515199091691146,14.685691742257237,35.436632433550386,38.197082311968174
68.55281408064798,67.39954298512785,66.60736202324946,66.48799886674888,74.15597254366057,56,86,0.6511627906976745,1270.5966611844667,10,55.41892271143549,12,7.129238823717109,78.65488373248951,53.61459486649081,53.70484316087904,52.691156649708255,74.54096078218232,63.07592352562985
64.3991198137353,47.690347699781405,64.28200635810913,53.8842588984208,65.35957923390691,44,66,0.6666666666666666,1228.6190035012942,12,70.44527116825647,10,11.9159711410201,66.10913728231793,63.49419469376595,58.76609462361522,33.42686106713682,62.77572663271738,60.31455685743555
77.01366973840557,64.79566914448645,50.059786747412694,61.203970699896686,74.35492102364748,63,78,0.8076923076923077,1143.8858336718686,15,76.51965409608127,14,10.455026263868252,79.3171859223871,53.52455672660227,53.722255682969326,41.05748186573899,59.42950469435517,61.44813934194169
59.719143199032885,70.10815358319726,70.76496513755316,51.237736721604186,64.96548534810198,78,104,0.75,1835.9163251939406,30,70.49893559078025,2,7.930805445914376,60.802786556945534,63.585572452173,41.46789005470847,33.10595991591499,67.47823539908589,66.51262099037261
29.879822202227313,20.270349739332985,26.46456171619584,30.665261222924798,49.18250630290736,41,104,0.3942307692307692,3203.285552902036,35,28.140774481841476,1,4.77046579132431,42.46854559105962,37.41178026930062,26.10398214483494,19.108577792793564,21.97279753512456,27.51649140534247
40.22909966547814,15.482865524531103,49.61465421281806,43.119221990052665,51.607125470510596,25,71,0.352112676056338,2653.057399477978,34,46.582446393705965,3,2.05875980493203,57.22696892214344,35.630309532009036,21.622784235728922,9.76643554081625,33.90211545981051,36.58935999076873
25.759216771605615,13.695042825632104,28.8602660680672,32.843063472632025,58.92085217861951,13,34,0.38235294117647056,2385.917793396882,18,32.701598257399894,1,4.956674657133048,45.76553739789228,27.271030811384065,24.014823360097502,14.969376464057413,47.45353236602014,29.077130493998325
81.49701111147161,94.71193843495769,82.4486687896758,83.73228379537532,90.44159902405018,248,276,0.8985507246376812,1055.6936901379113,6,95.56416895826476,16,31.454539660579258,88.01883524946093,89.07770909003271,85.57902076772149,82.22218560009074,83.6126442262307,87.46553280888548
87.81115654520195,93.24328937903516,94.23048369572092,75.9252383468,86.40393351561188,378,409,0.9242053789731052,920.229021282304,22,77.75742472412844,58,19.350556803979963,91.83615815326652,71.80573370681195,68.6863252316545,61.831140102684756,90.30793331785297,89.18140593907165
66.09168970974565,57.466799833114266,48.532919768298555,58.257175312302756,73.12176264285166,61,88,0.6931818181818182,917.2387044503064,5,69.73686726407125,14,13.303256805947012,81.03626683267034,59.15999236901171,54.50184839058227,42.30987813701298,73.7882459104575,61.901427429708576
52.11162146346278,62.349641959275026,52.386049303453824,66.83245152549208,75.25539590505917,40,58,0.6896551724137931,1167.0981574870982,3,73.25498922825975,8,6.3499556933063515,70.5640666254837,47.2742462106714,41.58109140683116,39.283333960683656,71.29660436285374,58.679226632993824
18.784130554276018,33.74841195065433,41.201822592218385,31.17755178811042,30.410405207816098,30,69,0.43478260869565216,3270.953616689483,34,27.601879470573774,3,5.816126431641888,34.31999533164191,30.39698279573946,15.830286295339484,10.517617593908096,37.739514232903986,27.684731653178744
58.502302080652825,71.9617834083159,62.80550676341592,55.18693319141177,61.55327626113571,82,99,0.8282828282828283,1819.002794609219,29,70.64141210220299,13,6.100582004376215,75.24663869752739,56.08266983424351,36.449966361425716,43.62004945689942,52.07010686786364,59.46520778549655
59.975085201166436,63.4168752662374,54.34953301828955,74.76487450526642,66.1277758680032,62,80,0.775,2045.447873320701,4,61.191831331139305,14,10.45488148056962,63.68184521245817,56.31411258588957,57.029933488891025,40.52978449563477,70.98916766188555,58.77143220442466
93.21385038371145,85.15848483354755,92.26753232364362,93.83982893767744,81.1577460174845,437,510,0.8568627450980392,586.3369672237441,34,95.94828340172882,49,30.167371972892383,92.69069866732215,83.31779055097464,74.81315496044567,67.2846096505183,90.56841215108578,91.14368487262556
60.69410876433722,65.68235125291538,62.94758791551156,51.32446983256492,56.95971067425646,41,64,0.640625,1348.74762459622,9,58.97337406178662,3,14.185423350991888,70.47637626472724,50.58073479652333,39.07827287454428,41.42538423181204,70.01693589325374,57.511130776905844
92.32466307719137,77.07984822272779,91.92291229456653,85.53156933318587,94.41349588675018,204,220,0.9272727272727272,944.3750059626577,28,84.38364339339142,12,17.31472032152564,93.43785487197457,70.4927634438591,67.60271454961435,79.99790213432973,74.46361655135834,87.551977392651
78.99632993207403,90.04220682206574,93.41893664769015,78.32755173864544,93.87771726557844,342,363,0.9421487603305785,367.2249759820686,17,95.04534654150466,56,34.284190671570904,94.9930366348585,73.2521560032658,83.95657989822556,60.61467291147004,70.55308878822493,88.76534402752421
16.150500711512578,33.958668343115974,29.496336151467943,42.09128203142894,31.377454088088168,7,18,0.3888888888888889,2352.163264422101,11,54.82410440744971,3,2.4639490738895566,36.51069161743522,21.97302271675718,10.642605570658725,15.035276767034546,26.206553590084447,29.647735934586663
75.03473078369282,50.438774160417374,58.76199981410226,64.70119295864095,67.85102728946332,71,85,0.8352941176470589,2089.3753451562425,24,73.2179388212009,2,6.050664812484188,82.27421589744138,55.891444935162625,57.99229334521705,47.67543584486228,53.03655655245133,64.91539528422692
15.901619428389038,31.17461696731543,31.51550885594326,38.117125866814305,40.805161493141405,10,28,0.35714285714285715,1949.1398254826738,11,49.937907992272415,0,5.421625437317449,31.38633448552878,15.563185582280187,19.69708600345227,14.024855880077274,28.078720574552293,28.360068861660366
79.82782864119847,93.34941152545855,71.15418921446022,78.81375441327333,80.6578940212657,435,529,0.8223062381852552,828.7082438106669,0,92.83713518398524,56,24.135897793330074,90.68911782514493,82.02719870968966,77.42529872053123,79.13390702665602,72.57453698328288,82.33609586052508
50.12880848099425,53.89144570484157,63.709909433559766,53.00664054971999,56.77995736213831,84,116,0.7241379310344828,1668.4031261766781,2,75.54752200923348,3,6.861300661083845,67.40357911003551,48.4057596959465,47.13674551964286,49.97442225097646,73.77954527124261,55.93580595130565
65.71172557804985,63.584867489830486,74.38445485699387,57.808653592964795,78.90827999759851,47,61,0.7704918032786885,1825.123288849956,17,56.797013987598284,2,6.849595874023397,82.82407704795452,47.98107953855859,49.47290749616986,38.08701739982684,63.882832268165316,65.03534292009186
63.95993807497955,60.99980528258809,64.78470513262955,51.04008083388303,73.03692706835042,145,218,0.6651376146788991,1802.139877837201,31,59.30179547093111,3,14.850338450059597,82.23213655185658,64.28284083062535,45.28779007248026,34.596143172232445,73.53527953546254,64.76477385364268
47.959317088258175,35.348014124261695,45.70170715013066,22.55613292674309,41.31380828555558,7,12,0.5833333333333334,2934.8866281643236,14,29.245709024246104,0,4.320690535042834,33.114648157686055,29.945814727401395,21.358667934229775,21.286005789545584,29.13284706683517,33.18743431657758
78.84403626383809,87.03734265198311,94.75227851503516,76.45341743220033,81.3874042151263,216,256,0.84375,761.3892778305476,14,79.89082065653521,44,29.552571698954456,88.16612685518902,88.98121832652107,87.59019610866987,65.81907867753222,90.18490075849878,85.64566892560728
80.05730876326903,79.57606993425503,75.92082407643699,94.1887919148233,87.99100928588093,304,362,0.8397790055248618,988.1568606122565,42,88.15300285554984,38,23.156272611987198,85.12586324589215,83.2134965089072,72.26979860554619,77.1875523201104,81.7572119175794,84.74664333548499
66.47911581611042,70.93288036052392,45.767348238695746,54.900743518232396,66.5046264817605,85,130,0.6538461538461539,1412.4662189561295,16,66.93812050771845,13,10.780839252116897,71.85615516255972,66.49493110617897,41.805645885084196,30.330881632109502,58.086717973555,61.420181036925925
31.67784721816785,11.971974962058082,28.15975343684085,41.1033916301362,57.61219446089317,20,46,0.43478260869565216,1934.4638896128495,12,52.62236965372111,1,5.379134237286147,43.03191747543653,19.84463858429276,26.103098003602554,25.17469870638812,40.48717837745099,29.535122376733288
61.02484366931976,54.22155142460103,70.67268578737081,64.19788214987261,57.23805532256138,135,163,0.8282208588957055,2238.0349585666336,23,62.77089370380183,13,5.545902770511965,80.12063409038699,65.24651582013398,38.013045994801224,37.53801009721592,69.50065161434723,62.90039205729395
58.29064927357439,60.04735949719368,70.99824686787477,69.86823351840697,79.06851465142111,56,69,0.8115942028985508,1409.347268345293,3,76.93409837215523,4,5.998863179976067,74.04180517748894,55.28711780297896,52.877533469061675,42.175384792506826,60.63336489851132,66.57709424307832
95.87695524601656,85.3891072093534,75.50654740100941,89.16362391166399,88.67000578335407,331,394,0.8401015228426396,523.8517389872592,18,77.55754209304148,12,17.83468999908219,88.10404173562834,84.28682563012526,83.5243465227667,79.1798713277143,90.56975879691733,88.28722333103934
35.78692036148668,34.44434623460036,23.993248331199528,21.113342058801273,42.80400862320491,19,35,0.5428571428571428,3006.1716975015065,27,28.66292868704469,2,2.6866701103931208,59.3371012344323,18.35319139812087,33.71655842808176,8.905603342118294,30.89821968262562,29.478682287209786
67.22697774607873,55.8835806896099,50.754143749037645,65.79489052011934,77.18888252365889,141,218,0.6467889908256881,1580.3930050305407,14,71.47780689308954,14,12.992380999762858,70.92292488201328,66.17103895251086,41.368347373151636,30.284451408320805,65.81720989930938,62.47150083528783
56.95122719404365,73.01800352564922,51.81443779345964,68.67404464912013,56.552947521499256,60,86,0.6976744186046512,1951.2817167137473,14,69.62407476537147,5,11.266764306204482,70.20622029124769,49.83919512123008,51.436275213603494,32.909165098070815,70.7129206730442,60.801369477027464
58.81692522739919,60.72076149571546,51.18357234781439,70.95431680519778,79.99243024147673,113,163,0.6932515337423313,1917.2366634717523,30,77.90969714141283,4,6.586655434671148,63.45651902795006,60.369275328665225,53.92291376457411,36.80816075599206,63.146180139327825,61.950854725728554
55.63642965978256,73.74258886351726,73.48549841667538,74.83662412294002,69.20951448865843,80,106,0.7547169811320755,1530.9594863479767,18,58.57866949867059,3,6.0870939980014285,72.97167299449426,54.198057423956996,59.75245298040129,51.54660040707263,60.969646355973026,65.68640464088323
55.829152716817475,58.688403308208876,51.242555714437955,62.46001064155048,77.58770263392647,48,63,0.7619047619047619,940.3445828652856,9,73.52736567587483,13,11.865071850502412,78.30228100556823,67.38639445587378,58.409450721453155,42.28243874674264,52.74468474270686,63.956820618644656
97.91836161730205,90.46850786940344,77.26223110274367,91.4669495389228,92.25086966214477,230,245,0.9387755102040817,860.6755989192861,27,89.85688521557704,31,24.133965591206525,94.7180397173705,90.96252476107864,88.73966918911462,81.7338211980699,82.08278621743234,90.46281423503873
74.65034953525532,46.54500898396401,61.6482866775341,69.49278812950962,57.92086841026703,126,177,0.711864406779661,933.3755278894964,2,62.07134068411109,11,12.893796334619244,64.2025637451295,53.63615964513784,54.03178574063401,53.85578393691054,59.28584876616831,63.215107110974344
20.991050384582593,36.40717374756042,41.923115856184694,44.039297018263476,54.529458047567665,39,99,0.3939393939393939,2504.198406342223,9,42.572828747039196,1,4.999203572322957,58.63171584154533,16.143347248529892,28.773079144908504,13.041465832986425,40.308240930401865,34.512492131618544
61.45867511732894,53.503375785163364,47.94795617439961,61.97729802623073,78.65742301096104,131,159,0.8238993710691824,1800.9670516053268,33,58.3009522752719,14,14.3697608971048,61.14930968001199,67.29273316962347,44.547437191063274,47.84786854256265,66.28871068369838,58.51136429303673
88.008881138205,83.1017386598956,65.40540926918548,82.25731633990208,90.81964101313345,422,518,0.8146718146718147,735.4649730299009,53,81.19710726498407,18,19.87028733244912,83.88927038364628,84.04870274983098,72.86410377318413,62.109272410962625,87.12515216657947,83.80291747618793
50.80683122950096,66.44332096303869,70.86104841770883,66.52802519155374,55.76310539837581,68,97,0.7010309278350515,1253.9939937567483,12,62.55849594125656,4,10.970544656150173,83.89257275537761,58.22711410018873,43.87537204933099,43.12481891853545,69.65584958177004,62.101488512731066
39.143570130618244,41.96526835995488,26.92220231961897,45.41570672441924,43.458405552753156,24,57,0.42105263157894735,3390.7645185964084,20,30.04855406851163,0,1.1728060941719833,40.88643103018422,37.56499876518037,22.49860214932731,23.165331979587105,27.537415772585852,37.10705122263906
21.491837068919402,34.70674958517358,24.81310900472473,34.446186594303526,50.96865046429156,10,25,0.4,2845.929710966074,14,51.91736436652783,1,5.576862244330236,45.398379967569824,22.02334092664023,15.44056888514831,8.613404862760747,42.16952680515034,31.18677607604366
75.5613021536416,56.36600037432443,56.176157245805896,60.16768677429478,64.3952367355362,136,166,0.8192771084337349,1099.3567610570483,21,65.09756581582104,2,5.288071377846199,71.7710737883512,50.148863979957326,46.31854537099335,36.943749665257165,65.09272175701084,64.00939717012812
75.15225922593268,49.8158411534596,69.878133952636,57.440197619686295,68.59507898295674,127,163,0.7791411042944786,1837.7523484948629,44,60.55986037767067,10,6.09345207313503,81.0959786715835,47.73984436417184,35.98438423382469,38.69826452616182,61.66764712303994,64.52622239822465
76.66922035502834,92.10826041209756,71.38550258115072,88.37506508899628,89.77180638249449,270,290,0.9310344827586207,801.1365242504768,25,90.67358265478126,48,19.519668305857984,92.13378646395772,93.26121501362577,85.9231958211156,84.8870902683305,70.56421458005943,85.10499466440984
50.19010360680883,12.315925671817359,28.24021782514542,46.79326629649636,44.40107872521851,9,14,0.6428571428571429,3014.649189469736,12,30.574662820585708,2,2.9015655521776442,50.46279512170649,17.089116312181638,28.326784254187956,16.45605455408175,43.98507454804695,34.02869028535704
58.92290430452024,57.29652392625812,64.02231183625696,50.60279598315994,77.4440894379797,87,126,0.6904761904761905,1214.2293340793995,4,64.9733194987385,10,6.724410792932307,80.39273175005182,55.08151053056218,58.388638487794154,53.74747459577458,52.87072579303424,59.64675051709472
32.79704638740945,17.987798218657453,20.706011437354768,34.4966165509405,42.74500819832121,41,108,0.37962962962962965,2480.503731257977,22,25.105214554320835,0,4.5369020229914,56.4783577260536,21.79526548211097,24.536755529949453,11.816379100773155,44.797900494683894,29.1005566295186
73.82247284618636,60.30058139184095,66.57051463535805,70.01958533434731,67.33721784345872,66,104,0.6346153846153846,1117.347988961019,22,68.7227523240559,6,8.927609189247192,60.109349557075234,51.84679549263427,49.940724829889,49.981649148999196,53.33471542733149,66.64014350463417
86.00529461246535,85.22465694862585,81.24123262722316,76.72064314065886,81.02648445206515,188,234,0.8034188034188035,726.7478666447878,22,80.37603821684512,35,18.80029590324724,98.65089178704902,83.08032637427188,71.79466290200322,69.97916986277549,84.96487768511678,81.14921863463695
76.66443876883099,68.78980954177534,62.36101943076727,66.17014150872743,78.26405067588931,57,83,0.6867469879518072,1502.0956744690413,7,69.65002521447839,7,9.637805973609229,70.37695322519498,48.727391966785845,58.945483095331475,40.10781078049397,71.8832270659477,66.370651830371
94.97833286297904,90.19151817258529,88.12765533932156,91.89566456233776,93.69843183697398,330,406,0.812807881773399,1170.7601372524,19,93.32035769245206,34,12.028332208827795,91.96654530244854,85.18266120656678,71.18849889008438,73.96031681457995,75.63850356109339,93.37757415978724
15.804654933674218,24.831734537258257,32.511888131409094,23.49891445970411,30.295714183061186,15,37,0.40540540540540543,3523.986763005239,6,27.069411934093722,0,4.521467243463634,57.85232322114829,34.73667474359304,28.175988944833904,14.682729951434707,40.09748537165527,24.691116038703445
51.307538900783165,73.35565739278633,54.41205776533962,61.06472558311147,57.86599858964267,117,143,0.8181818181818182,2139.59816061695,2,58.22655529412324,14,14.236893410218702,68.49567561683622,57.57235194851048,46.57795084876126,33.9402837265717,64.75780026226904,60.00551027789594
21.26369777312118,35.43150244658545,31.245850814671968,38.70264205768615,59.92362501402802,36,65,0.5538461538461539,1804.4795506228927,7,52.140704758881796,3,2.2177380342894755,40.15536286925763,35.05899264549079,29.322489573472033,17.30620252593407,37.16334643129197,35.306341166455866
90.85769429015711,90.81525417683616,71.0045073273443,78.3496516451814,81.8822211260192,272,287,0.9477351916376306,1142.5910216193208,38,89.09771602190894,50,28.308391947371078,97.41938247492172,87.85217330331069,85.04320207674479,68.48625481357016,90.3706278436628,83.25332641374598
55.200193194027094,65.85924324280592,47.11976378023159,57.11714214498611,71.70908368213605,68,104,0.6538461538461539,1187.316115556699,6,62.13759016409495,2,14.054609393685173,73.0216205961553,69.43589161671994,59.596029291730396,44.96460648657457,71.93738348869527,59.90342167604006
88.41535253419923,89.10374151008384,74.64599026515023,75.69301419628034,82.29004796486619,186,221,0.8416289592760181,893.0116259173715,7,81.09608761041352,51,24.145565861437817,84.04161872173042,72.75184400452643,74.58469659079996,80.92904910487565,91.63236398002562,86.50129874122199
35.524134390838356,40.269284525134566,37.39369917886122,34.81337875987793,32.161781923196166,39,85,0.4588235294117647,3356.5013382142715,26,46.51778181096533,0,4.764405005211505,30.383666827562664,37.42576232208649,10.460449702880075,20.7747261720176,36.932942920376206,37.56674264934824
48.627018755006496,29.208173710591165,30.485813902991413,44.57136738858622,30.78884739585692,16,33,0.48484848484848486,3475.622303248161,19,34.36260252048899,2,2.710943581218885,32.124701948787774,16.412335258324603,25.69833032543211,5.7069233463639355,36.582966830901825,34.37025317930868
60.942415496882944,61.58255499705378,68.28931958935937,52.119950406158665,76.46613667906209,145,199,0.7286432160804021,1989.271683000023,46,62.516005457292025,8,6.428879341922672,78.88355038585334,63.03170733713543,44.45076917185776,31.935556583321002,50.30245054246131,62.27074776896822
75.79852770678806,71.64595712739191,69.69662933857308,59.41687868739336,55.112331170723,43,63,0.6825396825396826,2362.211650875116,17,74.31855745195259,12,10.824553324893943,79.46196922649706,57.36412175524118,36.04157501074905,33.880535694979585,53.20561273099175,67.03710736729658
23.836157849487634,12.192854456179873,22.318791155422545,47.44949285548287,32.894613211486515,9,25,0.36,2047.9228804308073,16,30.138128507611817,0,4.395232120583959,42.352384386023076,37.15770631369337,23.198875745221265,14.280188198495184,36.397471721809026,23.852504327662942
82.95650482858015,79.64700783759967,94.62948691208173,75.80218382824965,95.60656693020408,245,286,0.8566433566433567,326.4550011808566,33,86.19338565276817,11,25.74764200088488,95.85912189211263,86.37523347080271,89.80333290851681,67.09636321521613,78.97877574165578,84.06829469775134
83.83569743292963,91.7343227404292,69.45899646733655,84.12317482239645,88.86243670153081,234,282,0.8297872340425532,615.8780615334822,8,81.7255469293377,42,13.407983137302157,91.81832185654454,94.73041708551466,69.17074262375657,61.16712049748185,89.48829204559833,85.80804325634726
34.00868258439615,36.28701473222951,31.460869728013652,46.811128884968056,36.366568065597846,16,38,0.42105263157894735,2063.518527755031,11,26.038984541910747,0,5.324670701851408,31.576018751991246,18.098970008429927,12.74266867428396,7.670882797528584,30.931837425667908,36.86140724484942
67.22345211024528,60.06713921064684,45.50792250772974,72.50242028657794,75.67447068710078,118,161,0.7329192546583851,2266.699216185685,14,77.54143325390754,11,8.900470651638448,70.91086103736868,61.74989683823196,36.02719457418563,39.73629157560876,66.16386592286128,66.14653869210662
95.47324616010833,88.40075510695571,66.86609678494108,77.94606088557941,80.1411486338945,397,427,0.9297423887587822,1162.1407089510935,26,92.50503103854913,41,23.513882136558273,93.59240665470216,71.90598044933911,71.8675953761973,80.17413727209984,81.49162176006654,81.86348163115862
75.15003662345846,67.5922397580528,55.9652481369595,65.9681089164051,66.43118054276735,136,168,0.8095238095238095,1294.55313343468,9,75.29385188149638,6,8.341145118559744,70.34976866805002,67.5931056437845,39.89039428750053,54.2939743980304,70.2538302474043,69.71292011073743
55.55825067948252,60.130269897248105,65.07775628968699,72.45552576151204,71.31116459275336,40,57,0.7017543859649122,1395.1062006737318,8,75.75449258859612,13,5.290346626756125,78.3342387876901,64.7920219214283,48.561645738883676,40.071874631570516,71.27832094507497,60.98175762205144
42.24204309427189,17.108269381386588,23.06340562970739,23.06167673699577,38.816059857711046,32,69,0.463768115942029,3504.7466098269224,31,51.79199690750846,0,3.5125012250919716,57.67141745516516,23.201164165695577,30.93544022102422,17.39609302971393,22.990726962881105,30.973677237891852
91.7709902136373,86.95958286339044,90.3681308896972,88.84985653338451,87.73875939302266,248,264,0.9393939393939394,788.2809316790263,37,93.14665867817826,53,30.362747831922107,96.44844747336558,91.4390584415321,87.91588089603019,70.7746305128324,77.97167045802847,91.77120276812794
51.966055677262084,24.8947359935015,27.642110862023458,25.516531780604865,45.45561323374028,13,37,0.35135135135135137,2314.4925944287597,15,30.04817690377385,2,5.0139832751916025,35.59034001791054,34.28153173183709,20.044063698620732,19.44392541426008,27.551845861222247,34.391291875342155
20.800482145540997,32.53793869381325,31.69760519613977,41.67712944114305,50.13223800921021,36,58,0.6206896551724138,3079.0568968332254,10,38.441825191551544,1,3.7012752928697488,40.452972546621076,20.469727809691694,13.285946611316229,19.844728839728916,36.30067979148902,31.32033792063088
73.60198435121205,45.59626787585336,52.00799312223675,73.63080812173959,64.63135339831938,125,163,0.7668711656441718,2233.837712758045,25,59.92449346974391,14,13.964322885091256,84.49587556582253,68.86272018179095,56.30070349568185,51.17219769127438,66.5271366792247,60.972618070466886
67.64795310589761,61.18726888686184,46.56917316249963,68.57011718149616,59.30904789713438,107,134,0.7985074626865671,1906.079288560572,3,65.08276063424142,2,6.099792357654171,69.09147785829016,59.5042967497826,39.825303349647314,50.049100125564266,68.83242801372705,64.62869330002492
28.883820101696372,17.316789715198617,20.920954603573236,36.998002401136404,47.958007105009855,24,70,0.34285714285714286,3404.3781139966172,30,54.348868299692185,1,2.4436468037619656,43.117123292990286,20.798149516381734,29.34672807249196,11.4446971974581,44.041839240632974,28.265627068733032
84.69276466362746,93.20946448800134,89.52330685215323,81.83634703395752,84.66962180176327,344,401,0.85785536159601,541.2572767405886,4,82.93941933226934,39,20.343431577316743,97.22136039949443,75.48776312702397,89.36368162997175,79.49396936970078,72.85594814800992,84.7777091070564
27.7673630487822,41.57858531603161,27.128046016015535,33.83517121020821,35.82976956066749,32,55,0.5818181818181818,3400.889958310697,7,51.30104667175641,0,2.8380850740470573,49.93922136305511,20.3573479347224,30.18113957483684,27.423068525569395,42.06171406361401,34.31053691399542
60.1815769655924,56.20392650378166,74.79512368794998,74.87032573259431,57.86965696651531,58,73,0.7945205479452054,1973.1854330397248,4,57.42267956763418,12,8.001921843056644,78.91113690918829,55.851631529940725,48.961819790403375,50.411346390013954,55.54987612547439,64.07027259630011
60.44815903468289,57.707321567451615,61.426142011477,74.79148864369905,60.52454308332952,151,205,0.7365853658536585,973.2538060204705,42,71.73648319308018,9,14.36177277906472,67.53095906616902,65.78566486745285,51.60548731147977,51.53208579973912,74.40294966757243,64.59204771138252
82.9810537144806,94.25455994329246,92.67935418810717,85.0474363994419,85.90191189232866,443,468,0.9465811965811965,727.2921054392862,43,94.6008849976385,15,24.71474214152203,94.81327162133252,82.12544968810103,67.13507575406804,84.31153475069755,82.95026078440245,85.90121628133095
30.33007794059579,30.0551798888122,35.13619676152266,47.62917407633457,38.78004321740028,26,53,0.49056603773584906,3174.1044140029726,27,40.92674873554232,1,3.782760692211555,33.16473181122764,19.964331742444294,27.35582705043408,18.69847260749798,38.89890993186167,35.745844850159365
72.4954191445098,70.98378177282511,62.51284262633957,59.150013693763015,71.31574090188059,99,132,0.75,2382.818903269006,14,59.97153803494673,3,12.53340220747769,66.7809307839034,60.746097416864515,35.6145403449891,45.714569913604336,73.79020711833904,67.66141192583531
65.9476146109818,54.55656412509309,57.5396407256662,67.8202689278941,55.23167073641575,83,116,0.7155172413793104,1036.6305998818111,25,75.98008794829911,5,10.270885849096398,78.34554717674081,46.186186871501256,41.025565963942455,50.80369468359281,71.54976532944703,58.54831378046226
97.45954539385829,86.76147943787939,73.33600700431683,94.93345217105585,96.0787994528074,187,227,0.8237885462555066,1034.2384709366702,15,94.46531429396009,45,26.804622427014785,92.18607437913015,81.68393220829029,80.66214099926893,79.88041466325957,94.22594065756383,95.62582731504034
85.8208863525746,83.72299145252958,94.99122913465493,91.86605932304323,86.51186010391365,229,261,0.8773946360153256,765.4087993019974,33,89.96846187329773,50,30.16688628381739,92.36692614090914,72.82749348559557,68.90828595982096,70.92584313624427,79.92223482722599,88.27526479564821
66.97862540007294,50.06944107666535,70.73320787907342,73.2741278754136,74.37476623737271,52,79,0.6582278481012658,1358.8786646103765,21,58.77009566770245,7,13.8730210575551,70.32220074663395,53.59819241380195,47.655074931652706,31.53729178007274,53.85501928023303,64.87976867347878
49.020356858483,26.95372973478186,48.098812857057226,33.888794463350166,36.12764173255003,12,32,0.375,2889.2239764403757,15,37.52959296295235,3,2.427847832648112,56.67348430807617,26.02027962031905,25.810876288123872,28.059777597263324,34.35951770699682,36.64833890923543
81.03539265925394,80.96452805567382,66.19767597691254,83.98157028269752,90.39703545146841,395,466,0.8476394849785408,615.1788129208971,7,77.45234323554175,53,17.321225771966407,88.08483284214078,94.83162991074366,86.71392570623652,74.11599644740505,82.91568979635689,80.33842132761363
51.31017182150235,60.10597877690108,46.977409401117626,72.0924981149384,73.82592404877285,68,86,0.7906976744186046,2099.0779874327945,17,71.15876470014098,7,14.406883663257773,74.3112868561868,47.46750014301346,36.36876515443849,49.89680899689402,65.65209130936087,62.72793909958618
58.39932468951232,48.80105535103995,48.40002256343118,66.99687035424067,79.94042090101375,57,79,0.7215189873417721,1870.448526031963,23,67.09701328316494,6,14.895632818291398,62.89586645853424,48.248872601923026,38.25810283900303,47.029427401763186,59.31690238739595,56.554064637941934
74.65850459636354,52.83382384677241,47.85290008047342,53.42298882214025,74.82008836915611,89,136,0.6544117647058824,2012.6749963345549,22,58.806953918912924,9,11.417432542251749,64.40082002700002,48.967567808958414,45.308355390833064,31.879821192543908,68.88942988209682,58.53341790747355
36.20990450338297,41.58171448174349,27.900287526357367,48.67762075578569,30.395196561515874,43,113,0.3805309734513274,3405.550026306817,15,48.55732157396858,0,2.6434361447340735,59.56614639522134,36.273231387100736,17.410070721665416,17.69865577497621,26.46353717092284,37.76322055853209
34.44773165246325,13.211557416597579,20.276542685016718,41.0753687719308,42.01532208833098,18,39,0.46153846153846156,1930.3072096016474,8,49.62247073233867,1,5.000945697161739,35.24562023056246,32.689507105844086,22.51006331394176,7.047198727135677,47.15099935407386,29.505042362177857
71.75127834455208,56.142507359796966,46.181704886690596,59.08115446405443,70.26606877304113,111,158,0.7025316455696202,1151.432956133102,10,76.39015455616283,5,5.408870974906695,61.950796766346386,67.11811258286411,55.38880635080321,45.44836138778234,73.62413022465344,62.85043001440744
35.95256235762553,13.668931615280737,46.274686253870875,24.09579201233891,47.62167997318354,18,32,0.5625,3067.4539735131057,8,54.33539937235101,2,4.25403121681494,58.843079277003426,15.784714517900403,32.73257077790386,20.151198731850414,36.54645628528793,36.507851090150425
80.92965010253677,80.57738883236009,78.80192350242686,80.95357517124744,80.59306162841953,386,455,0.8483516483516483,856.7266341649039,14,75.87344725410095,36,14.091515347999946,98.46447493970457,87.23198303064592,68.17756534426852,68.91807923272266,84.81207484753992,81.77674304269391
26.43199021607916,23.121070374989884,43.73180781426737,29.00081424778256,54.44086393240801,33,74,0.44594594594594594,1928.1681094616886,5,29.152748515235476,1,1.8005077785088677,55.82384535824732,21.5766893112815,34.548004487842064,27.492698725944358,25.45469958795791,28.217956774603973
20.720690028733856,16.22661605621135,37.515884093857586,30.004056193544237,57.30742125734908,28,58,0.4827586206896552,2848.4383151715792,30,39.96545656187869,0,2.4928637335401715,56.23439119368165,29.047242174277088,10.035562118553218,13.171794127657698,29.518473012309904,30.13085135695109
47.235038521617064,11.682007381596481,27.982632900628005,46.50451814178359,41.66227460257843,10,20,0.5,2957.918286887772,10,35.59948362485244,1,1.862975737164533,56.47725163962971,12.26945791994535,20.32505100303143,16.412196354138864,41.788310986186914,31.620282289590268
57.63887820537577,70.63477840187008,59.41734758066035,65.51770565837647,56.980663447023,44,63,0.6984126984126984,2049.264599204867,8,65.31676168905122,11,13.27276954871939,77.13516557600803,58.35005764368748,40.92390906470392,48.59720360296548,61.83594669595686,62.4619667947875
77.33805478967656,48.53468557859803,49.28123007641755,59.22175991752451,75.905478443883,68,106,0.6415094339622641,1000.578910423858,5,60.992033541252255,8,8.15453002844789,71.27564027982596,45.5022715636074,52.337450154046,52.08200328780032,74.42149119532387,57.93640372937436
22.919485825419155,10.975850026643322,26.53216159053234,34.37855314099498,52.26334079734296,20,55,0.36363636363636365,2432.7485379780906,21,54.51694109080053,0,4.843026633972576,39.90943161275255,19.81636929117481,27.21711288686924,11.321724419319857,45.45257362477581,29.213920614594432
78.40060607083483,94.46278295486243,70.48679159206006,86.34886416046459,86.7861388152574,310,342,0.9064327485380117,659.6922018771783,27,87.33881899733488,20,15.290424912638255,80.28029035052114,84.17146083235237,88.30667209802431,76.64867915201161,90.56643671201068,84.48296175836718
38.28181989846953,35.58181178499707,34.61433423875453,25.250219878928355,33.04181815881622,14,30,0.4666666666666667,2955.97497032072,8,33.257299299030876,3,4.563559660626383,43.336134194775,20.302193372438552,31.057714116758966,24.6146870507807,47.53173047849627,34.16762121037201
41.789239110353975,36.82610926462726,24.082133511436577,21.468070956887786,55.198895207850754,23,62,0.3709677419354839,2334.717445791987,12,28.09874553177218,3,2.90835713830346,42.350941852086656,20.5267719835442,10.870564330351373,22.191514780693236,27.636511379125526,31.90311866699899
73.38608329704553,51.29216981815698,54.84926131073736,71.7511999151598,73.65665153330512,143,185,0.772972972972973,1825.0949030631086,6,63.986158665826515,11,14.478896591461805,75.96194791533098,63.79141693025928,53.789510382070944,38.26756970998277,50.373949864835886,64.76625127773913
53.047585039171295,47.12793205113028,57.88636346155809,68.54243440949196,61.73411943871372,156,204,0.7647058823529411,1482.919591339561,52,64.64898735049599,11,7.856556343891146,68.58291987202762,66.32941520849008,55.949686915188394,30.28893049958503,63.306965375127305,56.782929206115774
88.46182705168916,76.66673872017249,93.01933922433558,77.6211726160858,94.35309844234001,388,435,0.8919540229885058,1181.1286567125007,50,86.8332608531769,33,22.7381962798314,87.1943972382054,83.4038846563184,82.93406882590918,71.08908363746256,93.47192437855682,85.36313021054295
31.032747475899082,23.937270750236095,22.557739262659666,30.720673557847164,48.05525418567499,16,30,0.5333333333333333,2975.1517166047415,15,29.165886854784915,1,4.282695559386848,54.76743915434379,19.627765052300404,29.971338913912533,21.943811506832063,29.762893602212795,28.711737752054372
51.07427759651307,30.066908769576056,31.205228891846073,31.502766645161607,59.01100525775192,21,57,0.3684210526315789,2564.7537843711507,22,52.945898925530585,1,2.201007629269749,56.866568580423134,21.494674262878405,17.069679061784946,28.2930099152092,25.52569910077151,36.490850077698916
86.61212074719207,93.06476932548543,75.74434343587417,82.57284766808188,87.52635229347676,281,309,0.9093851132686084,782.5730513539837,33,82.03802239241286,57,14.096158799063266,94.37207481380392,75.34341719954777,69.92384075521804,70.31895800693484,75.69445854044504,86.12970207649016
50.4394581895885,53.68142170817084,64.24341488264129,54.64880245002011,62.56776422810678,82,118,0.6949152542372882,1180.3643022406159,23,76.57941241187955,7,8.234673347304966,68.788201039922,46.582981174308024,59.64904211003544,30.788365703280604,66.56242182960696,60.05827805511015
56.437904579275695,55.13704277325189,74.94524213677394,70.63536093934528,77.09754537400272,155,243,0.6378600823045267,1274.1769004286484,26,60.38343732915772,13,13.10153735276698,60.35216030407175,67.65268999654685,40.666182470826755,47.64831347915158,63.82682768418039,62.36690381705263
67.81182285198767,50.625841438396826,50.12196228339149,71.7581898426173,65.49237308748992,64,90,0.7111111111111111,2232.4828899728527,6,66.0225746259046,8,7.984349382175756,71.20327149686919,53.11508008614828,37.731652783872434,40.42471508208762,69.1071807959304,58.831180599981025
62.036002412489786,62.93750575203734,46.85999815014324,59.96873273127646,62.563095524742195,56,77,0.7272727272727273,915.585999062754,5,69.50609555358695,7,5.440257958003077,77.8504327702669,49.80789682651005,55.96549486016215,36.61172072036075,50.808177662271035,58.850919376743164
24.930851791612618,44.0652426751283,28.353825233021432,28.68692939822263,42.617528153723306,38,75,0.5066666666666667,2374.0722950687136,28,48.8670727348435,0,4.463531267327066,48.701457254073745,28.194082242862205,19.91255561786647,25.582882721287497,46.04111982998228,33.42014050529949
96.6242133987979,71.21643196926598,74.58956165876188,83.7635343333271,96.18668646064441,199,213,0.9342723004694836,619.4079151378986,12,87.2282035465831,23,18.396288846526197,84.33912491727759,77.20013364810103,78.90820018142698,60.72887965055222,92.68122360891014,84.59227490833165
36.22037975684077,46.56537411211739,47.25327042972205,36.909281919670626,32.09730580517493,24,38,0.631578947368421,2386.2290967738318,9,41.80472160568982,1,4.597993423781798,44.944818819687754,36.57523309273026,14.5170172034771,16.299139635837363,39.89736851099538,38.6180317508099
52.44719129494548,73.30827285314817,68.58996118771478,55.02403912239727,70.93191421430093,151,186,0.8118279569892473,1417.544434517588,48,63.0909346202011,10,7.413608548470712,79.052391764543,59.34673042268014,35.79518417694857,43.5729087483235,70.14851007473388,60.94074625368912
94.39309217501533,82.50548639720454,71.18071170746254,91.56889077108771,89.67990484296158,325,385,0.8441558441558441,813.5052641621459,30,95.16737823328043,45,25.783752025141013,89.52676586988733,93.32115553400747,66.90211816913768,72.5279925206337,87.17381103463596,85.20339667016488
65.19198937770679,74.46245703226313,69.38701793012235,72.59281079075978,55.74098957940094,47,62,0.7580645161290323,2238.4573265526183,8,58.57408117144644,5,5.25786943285584,71.24989467924851,58.753045509180595,43.49461527200829,48.745443681875145,66.89151242094847,65.11199485827238
17.022938207059198,27.76083058610042,34.25934687397739,37.10367192072549,35.927825894820444,29,85,0.3411764705882353,2788.118805608779,27,27.316605123168173,2,5.940864496141401,52.25638445241532,20.0111342067924,15.900507329312479,8.915475824238989,26.57829327414271,26.69555133896444
51.15589361687856,65.45234957630394,58.3238547758618,71.85108738863116,73.45344842053568,61,94,0.648936170212766,1691.9572647125487,15,59.58721090196954,5,7.225623945086459,60.12441299845943,51.16989433972865,40.23803314770626,30.108422717172537,69.59813420250545,63.32636640853788
89.8672399433134,84.17943415547468,66.53619047570987,89.91006170705545,89.09597660004584,429,486,0.8827160493827161,863.5615076320632,37,81.41041544824643,58,34.37847974966701,83.06226891544397,76.73176060763019,79.76474144346463,75.25446440591605,73.84935324359573,86.06616190999394
93.81018697202549,73.12543543963582,81.33467293882549,75.11517320996244,85.84254493820487,225,263,0.8555133079847909,807.0950346136129,18,83.93683632921795,34,25.719165924664697,90.91373776990947,81.11048631878003,65.3666764261566,74.67654269252877,74.211109628568,86.06140324508026
23.914175455058984,33.62431329734254,46.162886528788405,48.03231271719224,59.813708017310645,24,56,0.42857142857142855,2853.904963796076,23,51.569106256107546,2,3.6552248398747915,39.580578463524276,12.835370349295445,12.626986138915097,8.411786765628769,37.21719576933546,38.040375195491194
50.13828479930727,42.148284130247475,45.67803297080448,39.56548862352396,36.61269324284977,31,52,0.5961538461538461,3474.263842006626,20,53.43658489173956,1,4.595946738047113,47.622985766531755,28.370497274441565,17.649698243495855,8.88167025278003,37.456597068558395,43.871650416876996
51.292689328858025,10.466852634734092,34.627955302378226,35.132618609835205,38.799663993628506,34,78,0.4358974358974359,2562.189536974896,6,49.073799419937,1,5.106853012875164,51.88795374705798,26.219169835392435,31.926517064649925,25.721545536701388,34.89150304937398,39.61984799482106
63.12431692919703,70.84049973295886,51.54500610604504,52.57307933780682,70.4452115705277,53,69,0.7681159420289855,1376.5620055792765,15,60.05186790973724,8,14.00302702633374,62.69444623824888,58.91733913875133,46.6910323550959,47.08534992604989,65.07544151345836,60.647122885625976
17.388503381528963,23.007280148178516,48.54498853381314,21.52600799838365,35.24652974897478,16,25,0.64,3272.099001734653,25,53.683028879093854,3,5.896604457900491,44.43963784587118,12.594399634943985,29.317582040930823,22.724586802431407,36.22917505355448,27.33683994501533
96.66963209168985,93.08434309312437,68.06792842991348,89.8825337142874,94.50427158724823,244,257,0.9494163424124513,1083.177021443018,18,79.04046285327745,41,32.96768986391198,93.04969456812316,89.34501871422584,73.95906339144571,64.57995612816588,86.06934154045732,87.52956866183855
97.91568976542669,79.57604779317806,78.45831892863627,89.44141876405475,95.95152404837134,376,405,0.928395061728395,896.737804050443,53,90.99921736942656,30,12.668641747910936,83.33770235709741,74.53298199813763,74.69183986875986,70.0581781171639,91.85656176525595,88.52850049149221
17.53256466692951,31.507861383571274,30.657709686808566,36.20338828411202,49.4139138149278,15,32,0.46875,3373.8467128774782,21,28.278442561405125,3,3.1178157862477374,31.215361075439837,29.434376753013947,25.85003642829308,6.785700803906281,24.784681138672006,23.507615841829356
86.67829949284128,82.97682511079776,68.30426848756899,82.79032051890817,84.33915822542126,411,452,0.9092920353982301,383.264959064785,55,89.78455159498199,43,34.99653262318721,80.04368285714497,85.96681590301013,68.53109245066393,83.0157034177694,72.34082233334072,83.58359312814314
93.24044965252509,95.51228153384201,92.97466770769405,93.67731885692498,87.24002722724802,419,496,0.844758064516129,927.3217494038696,30,78.26586796509795,33,15.202677425664518,92.2401705991891,77.65752492218844,73.15269631281434,61.77289898719948,78.7449015451898,91.1924801868998
66.89353762606234,73.81654448414281,71.5557807586546,52.722700836262206,61.649509784834834,83,105,0.7904761904761904,1614.625689484597,19,70.45685971051071,13,12.318198248852413,61.07317117762625,63.55743167509347,56.99431567806619,40.63125351533337,60.34032157462718,73.0275372243554
86.81045311086271,73.61816028360701,72.10940955166954,83.95950384277053,83.39964889067987,186,202,0.9207920792079208,576.8895786207029,7,84.24231277086818,32,17.716322110323137,86.0831050897093,89.27036304160802,73.18052957903635,66.05489730032855,74.22644372834264,80.33738327971142
16.05985197487727,46.05279136700801,45.82758734590061,48.60222171779665,51.94097803682447,31,79,0.3924050632911392,2518.3034891187654,8,29.34748745163315,1,1.0511821564523878,49.993952591064215,37.77130722568703,12.077422579517021,17.355768185342225,37.52389818059116,37.39911354658977
89.12628361933726,76.15185435039518,79.50494255320412,83.58298983916643,81.3481251560357,393,478,0.8221757322175732,515.8379569859312,26,80.87312705526473,51,13.424769927316722,91.53615839276512,72.98026107101434,65.91152627064046,61.31859880405543,90.85410270521103,85.55234630443816
86.37556489422572,75.49285704002797,76.4595040907091,85.87187936930339,88.42373658987096,236,275,0.8581818181818182,974.9882859419777,11,83.69847771086485,55,31.74070071772144,86.19529166370374,94.2824365076648,67.94650271699426,83.95627930581259,72.27529517206293,86.27244197842118
59.80719305449668,51.8283506509744,67.41973705355169,54.24900156390436,61.16231312675701,147,190,0.7736842105263158,1793.7728917456293,17,62.770334238721496,5,12.788638089812295,62.021801636467025,49.28599153230175,46.778750990485946,52.29341744812739,64.37898886319869,59.76224149461355
96.37637401961476,86.33899355185949,76.84835558064387,80.08062035597972,97.67843331985071,367,438,0.8378995433789954,700.0319801800119,10,82.49292950614922,10,27.408930289762015,80.0080308805068,90.14727922992135,66.98124015324822,64.78724037270298,79.65590988247723,83.50181333591263
88.55462783379775,83.65366214601038,71.08980677573592,84.03738089304555,94.34505507228162,242,259,0.9343629343629344,698.4884611757051,4,77.34035415552336,31,15.511137784438025,94.20346533180322,86.9335461520379,65.61067207351583,70.29369168975607,78.32375617405933,82.09755585055387
71.98825066823485,65.91424051477196,55.640124798309316,72.1851868492241,79.39579724456767,58,73,0.7945205479452054,2290.2245308925976,13,68.44363882761623,12,8.934926711186097,61.40674860536777,55.81678834794236,54.44753736217592,43.84930136465318,66.18605304540507,66.48422554324097
24.214816915923812,35.14979982972632,39.7512000083333,21.11201533830785,58.43096658047662,11,22,0.5,2696.5392205916046,10,49.665918389979225,1,5.433585778073256,52.11750901682393,12.36826728773212,34.03230978774836,28.684952158676158,39.9277062472699,34.04980893830773
33.83851652445362,18.213174022214307,42.08645446562079,30.726257102779694,31.156150001908127,9,17,0.5294117647058824,2121.843820165206,9,49.19609165711215,0,3.7899953450568122,43.85177746234052,15.813142872025033,15.91579666588877,28.9632250754933,20.57131447378697,29.84769711732381
61.45221662861565,60.71922608057142,49.04624539224143,50.64955734314451,58.82014523295708,64,98,0.6530612244897959,2103.540826473717,4,62.77063937099199,14,6.104143946744447,75.8642627133559,61.81015733988939,51.996937180577206,36.63377929188477,58.2586272941248,53.438142978623475
68.75224421927221,68.96247446856003,52.71343989012435,65.45107030204389,66.50165597394877,125,178,0.702247191011236,1676.7620829102987,39,67.1329640317668,14,5.6662208736746145,72.90127055854482,53.649312195175646,51.80563451367937,53.77582311871515,62.14020794992118,69.38507513784758
17.51376349363557,42.383416212095945,39.48737303890729,28.4857131835194,38.234080605676034,24,63,0.38095238095238093,2395.8153663098483,31,37.44375708209598,0,1.7162784504476978,42.81550281291915,32.34360026555582,24.345807939679414,18.850003587310578,24.408975500048705,28.19407819320603
65.03073274087795,66.53763970178157,51.21544415683319,53.975628269160666,71.2978151683238,152,237,0.6413502109704642,985.4293009435218,47,57.5667314601602,12,9.315542899531073,76.02229162093018,68.6177262706353,37.81011778194872,41.296466628356015,54.81027594717848,60.10738302530227
87.69453630439072,76.28779308079918,77.77992558405285,94.35485649667432,91.8397768989068,353,413,0.8547215496368039,926.4718754103352,14,92.46414966845472,37,16.694016206582486,89.38081495036307,90.02346803853575,69.50396619331548,62.746577843519574,92.09209919219974,89.02392878466554
75.87799743722168,46.2210732546013,49.53720888323736,72.87599859591379,69.55394112251574,154,206,0.7475728155339806,1029.268241142054,55,77.64270949630846,8,11.936495143896549,70.16463524914523,64.54918907676647,52.723773108353924,34.80124415990094,64.07292300300251,64.83008465028983
60.351229916638424,51.39411312919365,71.54618521638926,74.5259656670303,55.50036732932332,141,178,0.7921348314606742,2364.346885051462,35,69.69418839780262,6,10.86267843193268,77.4798299495344,58.1293947483556,55.868448869424185,30.828336554830273,56.709459131928696,62.95696534921685
54.21843049568971,71.35892778519022,46.22016055110345,70.18342926799521,72.0105406606412,139,218,0.6376146788990825,2384.902427194499,34,69.01726736504045,4,9.591299077754364,79.6900286615411,45.69313311904623,36.422185958903725,31.67894455957053,68.27589395820777,58.236993465179694
78.59805198143498,76.50631535227947,81.47679994118361,89.29191845400125,91.88355278091916,421,485,0.8680412371134021,891.4001956501502,4,89.06957716339011,12,17.697812758526624,87.11945357302523,88.94615276160923,65.3598372157439,62.9018160126729,71.15006605054381,83.18661289710995
64.914976344555,50.731064332802305,63.97601306413319,63.804643479266204,69.64400895927228,92,143,0.6433566433566433,1932.2595480400246,15,77.95563883262145,13,10.663892295770253,82.17651404318019,53.081286900014774,41.19429572255421,48.70477613282698,65.05228416174569,60.31623354451237
46.806280269751866,36.2993204890049,26.195656321308682,41.47222270400741,32.4870040060163,19,42,0.4523809523809524,2737.8493503952814,27,53.49708747883133,2,4.363863407092113,51.258588336223305,32.82520160980768,32.37176244878976,21.373488203739146,33.769535113261185,38.461356479103706
44.02726812813266,30.269212184719485,36.10268716000449,42.79162409187451,54.51092586673222,24,40,0.6,3048.47493965608,15,32.02376922755738,0,1.6215813452949344,35.513363128837,26.1304602566085,27.891454679640418,21.572804569352233,36.092341953084215,38.651753546489765
52.943238992370134,47.90785351322798,68.8058085502345,60.648144483951924,75.02846770746912,42,55,0.7636363636363637,1249.1547843578983,15,69.17134940738214,6,9.264627207239046,65.8820976650806,56.209163809861906,54.804955854407325,41.20780883107943,73.86529676774289,57.935222610201734
15.664382573975253,26.274959418314694,32.3299512104649,48.424278099779066,37.231107528725786,43,73,0.589041095890411,2736.256903070092,10,36.191864405753165,2,2.615911860767714,33.83885256007064,21.606273691631017,32.075890433063876,15.138163835526568,43.34157622930414,26.859864446071615
18.173347077002685,45.65534422844916,22.41284625692414,24.773288195097663,56.030340388100086,24,62,0.3870967741935484,2113.460150924604,32,53.81519166520626,3,2.569402063951795,46.443060564665984,36.43729961093322,20.652315419434135,17.969954696124255,20.12917900757778,33.75266175278779
58.727821534951346,57.98911191824762,45.96862097839405,72.26510707038457,68.79403897917196,104,126,0.8253968253968254,1118.4953277955137,6,68.64032080729024,6,9.263456613659942,66.46186948588337,45.79510642798849,56.05075080380135,37.3119660426999,70.9602684713753,62.93888082546971
59.86014089355447,67.86946175012466,51.25518144420647,64.78912156510611,72.49484855312042,102,151,0.6754966887417219,1960.0493835431444,6,67.03068546183016,7,13.785904243758395,60.54517656287767,52.20507408308208,36.21639454997829,46.28009899889601,52.519759268290485,63.283727101184745
84.37820641506285,74.19168911135318,84.69228810501971,94.42301814736572,90.11939859916146,163,198,0.8232323232323232,501.584291278573,11,77.6762451587834,28,29.79215833980657,80.88080758776928,87.33337884336767,81.20589743455243,65.78700239782471,87.03382533103371,82.62707250600312
92.74288974683753,70.05678645714448,91.66239214254927,80.40004089561161,92.02286140186517,338,405,0.8345679012345679,1014.7464379538486,41,86.35822663499424,43,23.555264250042917,98.33957498037006,87.66913204654078,83.06083557556033,62.12609053265178,75.49977817242326,88.14260961354493
58.408712393831756,73.38963532993625,52.894537102026355,66.82944672901576,59.4532126965814,112,161,0.6956521739130435,1220.0578610322932,38,74.85604184049281,14,12.087298186064551,62.56990057453422,56.172627295087686,58.54336324705561,39.92429156035563,60.855025699435984,64.90355914727171
89.01863549311462,84.77923081259308,88.75979100217128,94.73375223234048,84.51572249088998,244,299,0.8160535117056856,1104.5401596029915,26,89.14660434233805,25,34.12734547565108,90.17918080844095,81.32062013210817,71.96735789821315,83.97179682976025,73.57035761182168,89.41016270298749
54.873189414159775,45.66901158061962,55.71268493297897,68.1528104348609,78.0255466839601,63,77,0.8181818181818182,1382.2948537710618,12,61.50770068630484,12,12.35476892170923,77.23467623906423,45.54658881478447,57.76739491065947,35.38888167289354,65.72653511731694,57.01455853031134
23.411941594701965,46.761916966851864,39.29715186134737,25.00926411784195,44.64123778201102,44,105,0.41904761904761906,2414.5311675549947,14,32.2837296407992,0,1.5133240076912815,53.30730457153,35.31999092280989,32.63254162956427,18.592351686659,39.69553797478669,35.18764410582704
15.0908846129993,42.022207514479405,28.044219620973923,34.164922062388484,55.24704771135552,39,69,0.5652173913043478,1866.5810916177916,16,54.78211572331428,2,5.820658664527197,37.926867494329024,38.300505710183295,33.437937837547516,25.985257823132763,22.74600946755074,34.913675731005085
41.1068175450296,29.461573879810675,47.584768355461996,22.73076306051161,50.63127565923997,39,71,0.5492957746478874,2466.390556609581,8,35.19097741821262,3,2.326442576776468,45.05672318265416,35.13138885879931,17.107165087016032,8.943552916434765,27.619597190076725,35.504670666768405
70.78056015758116,69.40256749292043,50.926316655946756,50.890817205993244,79.3671464622098,118,149,0.7919463087248322,2352.616183036727,6,59.39154604006761,11,6.972019988510333,75.16159212938912,63.53127926791217,38.271526658116514,49.94053786711335,55.214833000313945,61.53398422268744
18.347842196903514,28.449951018793335,43.975397966029284,38.84027536747158,33.141306603116085,42,120,0.35,2384.9222901290295,13,38.01679845727842,3,5.710118843149111,45.26245598846207,38.798974411361925,14.983563763255152,13.638418942391999,41.87766672269184,31.070984460600442
67.95358973050014,72.70808003933753,68.48965071797207,54.51939887101817,75.0039559166199,42,52,0.8076923076923077,1648.4715077906424,5,68.19795359134562,11,14.364767867076473,67.93540334290964,48.88780910197592,36.84571605484706,48.458865067707066,69.8789563178858,63.896653980191395
44.74778507232213,25.55706439689816,40.51300903593449,24.96808999439702,46.15662751969262,27,42,0.6428571428571429,3172.6199301963234,26,38.57399586306444,1,5.178749430070615,49.11116171597443,23.724730736002872,14.098331069580771,28.48161988776113,29.309369343156675,35.56192500398076
60.858863193106075,61.66395017726018,49.234254044272305,59.68147600636085,66.17438923506847,159,224,0.7098214285714286,1842.439842722329,37,58.160556496008766,3,13.715420140012304,78.26837256014215,52.93748218986423,47.61445007243073,33.39360461129596,67.6790073495215,61.36450323822283
71.86312333550599,68.06739630273785,55.62662034102828,67.35692792699098,78.53224875985693,142,223,0.6367713004484304,1758.9258679715017,23,64.03989207788213,11,10.166604958019402,69.62851840778949,46.42516486624231,44.519593364802745,52.58016669789474,50.52457490715758,63.87536682869547
73.38699171245455,71.5081123368926,57.48451368292822,58.65065710066868,56.44058454210405,137,186,0.7365591397849462,2276.6414047159496,38,63.696491002708505,4,14.233611257344634,82.84968119423992,59.61639409561731,44.53074997273995,32.47258815830935,54.344605095308765,66.79517958810526
58.93590643495741,48.141154705872644,66.50239148730233,57.49244578450011,59.15906810779305,52,69,0.7536231884057971,2391.8158381359062,10,59.31474829074161,14,5.969084346778111,67.26258117996548,61.4926120536773,37.46287683671335,44.016421337517045,52.997146770600104,57.2490746715734
51.66107731912111,47.70972411165863,52.8414250612909,69.03622692866988,67.74979569490708,89,127,0.7007874015748031,2235.334670193279,31,57.01204460098337,8,11.350671590369197,81.83793966430655,65.74238913096949,54.14993860097016,30.98058827810207,62.911676914588504,55.923956784837195
63.242372179168015,46.49436899409614,67.25249414871826,59.08128617803658,60.612367210060526,159,235,0.676595744680851,1395.4915340498314,52,60.892989439808574,13,10.05063784179996,63.42527571721071,50.04740140332225,45.204116622538876,40.220285309807885,57.93895349049212,60.57268757427361
93.74361375643241,90.22865632176098,87.82553992792344,78.75444811384504,81.59092904572134,353,381,0.926509186351706,495.5077978077097,36,80.97025833332613,15,21.55054236368293,97.76928219845841,90.60817229698173,80.75099696199956,81.45300985627759,89.59430972543123,85.0091067235552
97.27635862909752,85.69456721454375,67.30938401194899,76.51167227708135,97.1256179752202,190,202,0.9405940594059405,839.1401284353434,19,77.11819082435676,11,18.150246640723452,80.3022136842895,94.1253842363618,71.27232614227756,76.90065720131369,87.66574674696774,82.05558348462934
52.59966242285738,60.50401784071872,51.40343643978127,63.41073864745894,75.88405885447231,86,112,0.7678571428571429,1956.0614899661052,31,76.32710955052241,12,5.200343840772152,63.52448342475285,61.97115962572154,53.68654008704385,32.88297583094692,55.69273876027992,62.443139232774
54.61372483115931,57.884750360935314,57.261375682185566,67.99849110868651,59.80957953060624,85,134,0.6343283582089553,2339.194192483894,4,72.76384243773838,12,14.98015815824459,82.13141869496609,46.987589580153454,45.65110258660655,43.35299952563355,53.102064640391184,58.62423545188814
65.13018656194855,54.78157650863142,55.15863153315235,68.92029548105876,56.66120692153205,69,108,0.6388888888888888,1924.8435766772436,6,57.07216805286811,10,9.868485751034733,75.18145513400518,68.16148593340684,44.59878664472848,47.576800547678644,74.02522122277054,62.14121707617359
40.3630185779363,22.65472165623556,32.87698821684426,37.48693605298646,42.64666861547177,16,44,0.36363636363636365,3274.4087973035353,20,45.96872221014358,2,1.7804159110520188,59.068918291213336,30.19677442022072,11.064269695080982,8.419481376127365,33.602401822826764,35.62991101301291
73.70633757806424,60.55655268206933,63.11542095543814,60.934581062324746,75.57738950739085,40,59,0.6779661016949152,1821.0654104588452,5,56.35707668197931,6,10.932710929879923,65.83488629321016,68.5314766044412,49.71986322950574,37.77981110885941,61.24199627212893,62.43810547001804
86.99325084800256,71.6546636414527,89.94120543157129,86.97957016354421,82.06879394707221,350,431,0.8120649651972158,902.2802366442706,16,76.48779855084803,41,25.150764097111413,90.34892703510083,80.76068525802475,72.92366469477798,70.86489902146779,89.34699139325392,85.24462730455396
75.95587651026194,75.37673957714775,92.75193669341165,82.32226235857502,81.86546107665433,309,345,0.8956521739130435,604.6561914829256,22,97.95348147783999,40,30.985117602218462,82.93216600720007,73.99165873417877,84.75208124928594,75.40726870885362,71.12151394069292,80.3153120419436
18.09247172401308,46.93797633968192,32.32882348756781,29.48952422862126,45.755894396577844,8,20,0.4,2129.6199577189896,7,30.35006234307936,2,4.300717598235396,38.11570880711737,13.664050046407993,11.061835623681048,25.947879497982143,22.10397458790008,27.624456276048306
56.88347345505449,71.00365794450725,58.08826966918699,51.10526859839251,61.11531675173813,46,69,0.6666666666666666,1293.7266820747152,15,77.21320519246025,7,11.337320050576368,65.55727634573887,46.335344081238716,50.37816456375779,31.1849644482791,65.31805129854392,62.12750436998286
71.5294643073293,70.8991285930618,55.94463126652549,63.139652317482515,57.93510155909,86,125,0.688,967.1283287904052,15,72.49750731442884,6,11.357393575301872,82.2535660869972,67.79921449658065,54.83099249601421,34.403528346854415,70.43578523034674,65.8706907787799
82.98005585868448,81.2269844728022,88.45339477786179,84.68346064326815,94.29226010478733,363,438,0.8287671232876712,604.1833954228525,19,80.48066242272111,58,29.263764505114906,84.71993211818474,73.58861889859419,69.63522125935135,64.55157822204639,82.82157198442478,83.17643084016338
84.22028910794194,77.73222663361173,85.45174551237027,79.15580929409508,94.38107411729071,353,418,0.8444976076555024,1022.8909109196838,31,86.09270045191283,35,27.222787180945126,87.11059594304015,90.22146347583913,72.3675342471382,74.28032294378792,88.63494347853849,87.60743031629308
63.779843382372746,54.062187023675094,62.46103041674877,73.66640077214612,77.19959634957779,58,79,0.7341772151898734,1422.0584151323085,4,74.28635536534475,13,11.864341319025405,78.54916763285732,64.47184120639906,44.36830033632803,49.11589985712434,50.16290789229688,66.67369295696236
26.03243749807247,18.481822072130257,31.566224867644166,23.809190242531116,41.62815196408796,21,58,0.3620689655172414,2957.0946712624855,22,53.751106986481574,2,2.3896445216465065,45.00117678061843,39.29333436974295,12.729612174208441,17.5128023607949,39.102842120108576,29.692882968943586
74.52849475022172,46.544270522014095,54.03059028081364,64.2246461991115,70.45782703440459,153,208,0.7355769230769231,1484.6162754404625,42,60.11035105279092,6,13.283262460927457,71.62505032566732,52.39035900527115,54.371506717416295,51.360510234534864,60.510723903511284,60.95234054304676
90.42553708379349,88.22255853239723,71.12073997215737,88.07988184679603,94.73065219666407,260,311,0.8360128617363344,312.37099861021073,32,79.93134910884278,14,13.774338876410383,98.22336570360159,78.8715207686537,75.61928826062632,65.38360953456382,84.927394254668,83.54835870457957
90.26589029596059,87.31039443819064,73.58672921719983,84.20205253115375,83.48205010421488,208,219,0.9497716894977168,1107.07189491697,4,94.79864984179497,34,18.43083295083803,82.54816143390858,85.98157207953408,66.87857382943966,63.355060658158756,86.11891816475233,89.06706937049637
77.21737101372,55.844350022828266,56.823997284849355,55.044989533554755,56.763357380933044,146,188,0.776595744680851,1170.3690559667145,5,70.81877981754607,11,10.185314333167083,73.46272182535284,51.36051227988836,36.806854251029996,48.61601990863015,68.94938371405749,61.74802214583956
73.25493377076137,45.953287872716345,64.55561904530428,62.39148115784675,78.44738733034788,58,87,0.6666666666666666,1927.0074925787846,22,70.34970870943897,10,14.6467723636654,74.45291819416481,65.99947967530659,58.5552469030515,44.26344228121985,53.978856152004425,58.587402154025824
53.39964142873472,48.12833273494639,71.8931230715621,64.63675072557223,78.36139216906953,81,129,0.627906976744186,922.5340113568119,5,69.22182729743865,4,7.631615251457738,76.57572201109153,68.62352266067535,46.25534827391443,48.73548763502976,66.15175648178646,57.334632686647595
51.49478435434285,38.942826082168494,20.111143889660266,26.709397544707763,50.10372723851151,10,27,0.37037037037037035,2708.7494010763166,17,42.911121927834415,2,5.609809936214195,41.28264681397887,22.499475117913462,17.245238234780075,27.282250497352045,29.648373524099974,36.80437629730711
79.87356960012251,78.08606486304969,70.00793212452504,79.87458965048684,84.81681437951073,267,292,0.9143835616438356,1163.8765224421097,7,97.68367345488224,18,21.562827381036406,88.57888666860289,83.52262509595202,82.41074517590268,77.55365240454574,74.29234769263624,76.04653694429788
68.05330002635846,71.11375249875303,66.27808632516602,62.984377630270075,79.49293750964466,40,53,0.7547169811320755,1148.4233536817567,7,75.75548746731816,3,14.610369280667573,84.70173280625427,68.16010987563385,58.61904407273862,45.391370435409,67.30296623921575,68.25089494537009
38.98513243420504,28.833990992332247,33.58159881472304,45.43933151716569,38.84113245115877,44,124,0.3548387096774194,3285.04311549213,18,27.14005615982066,3,4.377668215242355,32.36282710906918,22.712642666164257,12.146558038500778,19.94774188321907,20.76183474666964,37.19410168038324
21.174171591896982,34.105235830678,44.57090365115758,39.84852349186643,33.043566150484146,7,14,0.5,3508.3292879596693,10,41.59337617521929,3,2.3649308557892113,46.95188462241286,26.752317768271343,10.40485439992404,21.351558098932664,42.0725988847407,32.16611744198227
39.19432643934635,30.40514470759774,40.37642986175957,30.682953601570578,36.1583335975308,18,27,0.6666666666666666,3346.684686062713,15,36.91501516918598,3,1.8970454209581158,31.401749167312868,32.34598898465744,13.123921366169586,5.642922560091466,36.442449191375474,32.21977875510764
67.41150842183254,55.7056545941387,53.85021783731571,68.9283297929593,60.76498587125458,131,197,0.6649746192893401,1584.6801047935926,10,69.37779412630972,8,5.68497074762679,65.25263623762554,48.86150901383664,39.764031007143416,32.575351978451266,64.05204753590182,61.51635095855852
74.33331886935088,64.29972941027364,51.8825602954714,53.94300792708124,70.69061752307633,41,62,0.6612903225806451,1602.4063953967388,13,68.50982269117888,2,12.023145183857498,79.63039687813058,57.81783703982488,55.326648731391714,42.431430931790224,73.91585807159842,63.12363472216457
56.01412108469912,53.05044201745649,60.32751789955858,58.38870323765774,66.37529464724803,62,82,0.7560975609756098,1005.474889076631,21,66.13630290755113,6,12.569001354287387,68.73879470508365,56.859932973494836,42.28152598653067,47.411031777684244,71.11366048186768,56.95604274488707
82.44959770934872,73.54251469239142,91.62689215448574,84.41524784775206,95.80607354574262,346,372,0.9301075268817204,1073.3995377513766,39,84.15526133561556,47,30.76467088215088,96.05129068697248,91.14271454291818,67.88794750267455,84.2340311248944,93.99065384474328,87.64266651345798
65.97053360976706,52.51525307657504,54.33616077984924,71.25099637482984,70.07972058511297,81,124,0.6532258064516129,936.9955324470162,11,64.95911339258704,9,7.369278615111822,77.34087101819121,69.37754752750502,59.056951503811575,35.87322982572858,52.50827633030172,59.86121466496737
50.568693099333835,61.86433363525727,58.95835716036022,66.41828015558656,58.6675143958415,46,69,0.6666666666666666,2348.92530766886,8,72.37543761448093,12,7.99913048477067,64.5456749060288,56.14379052048634,41.10918071319267,43.19609778850793,56.88144661110791,58.526641124273574
37.353291295977584,42.229481397283756,41.53309049541228,46.884234926268405,32.481680134637315,42,123,0.34146341463414637,2560.114088038734,32,39.44893783752819,3,2.4670505369432814,58.101689607016624,33.839857751629104,26.23984460333609,12.112596187838214,39.63552022436809,38.48406772748921
74.54046687494687,56.59277579539451,68.07750540468086,53.97263587188741,72.52963913604754,83,122,0.680327868852459,1451.423949676999,15,67.81337741519117,7,9.397641950284424,72.77479624949794,60.175805956577406,41.90179780914658,40.686999274645885,62.11344375535141,65.03077152246277
74.66204990641442,69.01535120902417,72.7787914086419,57.87223816577455,55.53819500154527,151,218,0.6926605504587156,1075.9341858382081,7,73.7983869528727,11,8.119087627863237,70.97699965844473,51.79562125413602,46.53303557507071,30.23991611236317,55.30469931878318,71.66298680905098
52.29220331185568,65.10796034141354,59.093250295160736,60.96143201353534,76.49998046954502,68,100,0.68,1351.3957849301787,12,55.81284402602369,11,7.899269758796414,72.91024615433611,61.680975754504246,39.83414663342738,36.154686697171556,62.67809364655641,62.818039115713184
24.012439809003588,14.635996034764132,45.06271918039606,47.493393091587315,36.44585827337681,5,10,0.5,3171.3646965515136,5,44.137522087343946,3,4.5016693722946775,39.04268490189418,34.47344800213334,16.60714896443868,14.119681081253791,30.96113737988594,31.69889429763531
80.94827920242489,74.2823651892397,74.90645194614493,90.1350301137727,89.34894547107088,381,466,0.8175965665236051,1091.6236694563763,27,80.87634692707891,50,24.884191942622973,95.01459013998695,83.949518469566,78.81284036956814,62.353797753142445,78.59157981522758,80.34937005641889
59.80848554596328,57.6883683017004,62.95977166459481,63.110632793550636,72.97541481012935,106,152,0.6973684210526315,2084.3437752314494,10,73.88681814236506,10,8.584183552029865,71.81952575277657,67.38566459171571,35.56101569738978,43.980065207419635,66.06306250155987,62.979679176372464
88.41193993941599,85.05309832769092,66.63535782313478,81.28087613836865,88.98558104314398,396,474,0.8354430379746836,1127.2872279483527,24,90.90256932280249,55,34.11566683916402,88.89704865655082,82.22621001123208,73.79124680854764,82.73871182530345,84.22388708204628,83.93895712175332
30.528547497503364,42.56685025035014,40.39911089237999,35.00077525071356,55.02861065778638,11,28,0.39285714285714285,2178.378709122419,17,26.2673832876344,3,4.174994096302886,57.63281731547095,34.389472806915634,15.540591482338522,24.966921657759013,46.68965820508694,30.630692365742632
36.47144778876149,24.41124529425904,36.31221226099759,34.11605580702162,31.444467750770542,36,60,0.6,2680.1425661233457,8,46.96199558575439,0,5.721265342412357,59.5709137492443,10.457389473410656,28.236174461100696,11.823720254413406,44.23730339153583,32.679711138113284
68.11308567299756,72.57827273253604,56.22001253175275,54.16371124463957,62.06993207326383,97,147,0.6598639455782312,1946.980205974594,32,59.58529590629161,8,14.006551489185505,83.73586303012247,69.75256985280335,55.23775461017194,33.546388148503816,67.65417608062965,63.15984131383267
77.65479156253778,59.20304709701081,69.07355236444481,68.41714689673414,62.43294273780117,79,124,0.6370967741935484,2317.253179531106,19,71.81791785991447,5,9.54960317393011,68.90446335821052,68.67718867438889,50.07272028561714,44.47681319214986,55.79752804422287,67.03716483094522
65.89948489750056,74.31116260849326,53.18468006640607,53.959325513230006,56.30094594236401,116,158,0.7341772151898734,1148.430089115257,19,60.62814243844215,9,10.829529493645202,61.738038506329886,46.19207860624408,36.52807188314417,53.54687625368132,71.24678571402637,60.003994706455714
81.43463941040194,84.6887677989643,67.64426730172376,83.27331047166413,93.50289499318282,447,508,0.8799212598425197,805.2945401398119,26,82.57919951680192,32,33.13118801049778,88.80748446050421,83.71949648157529,84.90714207357003,74.5766921105536,94.00545180957062,83.13787129334064
61.095854510702395,65.70787827556204,67.20016615827137,62.75533005910776,79.23173110871315,146,201,0.7263681592039801,1064.5667532900973,46,67.49516035676355,6,10.185474310440128,70.99738005063956,59.21286033477223,53.17824296283234,49.37149759127146,66.2245549559461,69.90906186376678
84.03207960725565,85.02113002418189,80.45253128515355,88.71414458572151,91.69158375917702,170,192,0.8854166666666666,426.70050601100877,11,76.58127189803957,16,22.959256139138002,86.51414670173997,88.0412136062934,66.8665411161306,82.86100924385119,70.51608598864483,80.88820069011255
51.64193962314057,67.61549919171497,46.358926175203585,73.28903605921268,57.71664741827848,125,172,0.7267441860465116,1905.2590380884021,16,76.8180339051917,6,10.988780384883663,69.44906800548266,67.88951374082473,56.77703139670311,40.65617777391232,55.7931239078662,59.18409189130735
34.145245641871185,19.523497616763905,42.69053418496628,46.335805361488674,49.955628026698136,29,51,0.5686274509803921,2444.0337412095414,23,47.67121993382992,2,4.206321385944431,53.00010903030744,20.041134588123448,11.904194230019726,25.477984472099962,23.971431225580638,39.15595261396432
41.745431745148494,39.10074813661835,32.92744678036581,49.81256437776173,53.12360747617977,32,91,0.3516483516483517,3266.220717601677,27,40.8130305744014,1,5.0259936545371255,40.8169029308169,18.62720673779735,18.42046313817174,6.658849776275686,41.648041692403496,42.355467292073975
85.54392275502308,88.85015798377708,82.22862725270633,88.34424674388362,93.98688714173161,255,283,0.901060070671378,784.2204348275127,38,87.93876962928009,41,32.45894415400655,87.42934525248754,74.87916293046626,77.23481343516471,78.54103629590105,82.31422676883244,86.66339337929203
46.01363408380291,17.73004191950504,49.58010989927232,47.49300321695252,48.1366826165359,12,29,0.41379310344827586,3208.011948346996,12,35.55124291221753,3,4.713649383806427,46.7691660277457,16.429575871096038,23.479614687529377,17.56762204538276,33.31988269883029,38.755480212875405
86.96438203478576,81.63767644832564,81.73460575787604,78.32068626832391,91.04251649550517,408,501,0.8143712574850299,451.9687860099175,37,78.23636514512144,10,12.767822841086769,87.2738624951228,88.31588086752082,85.50943768622433,67.82904987043206,89.96483180956878,84.68504817916352
83.21059587777927,86.50334766870478,70.59259414561924,89.98738873289913,89.82252743863447,239,279,0.8566308243727598,736.2205652426767,19,79.96872312904065,13,28.447875455788424,99.14269665079593,80.67762613400858,76.87750851729301,82.44888040462548,83.12623350613461,83.52538468274692
79.07199577415314,70.74152064580485,92.27912439218149,75.16446262777784,93.24947859806754,236,275,0.8581818181818182,482.04946298160206,31,75.12280026530284,58,34.438097657189886,92.32540978418383,93.40370261282558,88.98449635967368,65.20274991051268,77.7798400617236,79.95563193339181
66.18899748655345,46.844625029046576,59.11338941620893,53.264333269666,72.87116938025426,111,162,0.6851851851851852,1874.7335049749515,29,71.40745373197362,7,8.400241352959798,82.92560630944593,63.879806490643624,51.38172936994094,36.35069231457601,67.46444821812912,61.0923120838046
38.65336377344161,29.547244074972046,25.502655571091914,44.30134936803523,44.16585595021671,31,55,0.5636363636363636,2460.3874432634047,11,53.751356893647056,2,3.3026101839853803,49.0945061141413,36.37846952288544,23.896696691968216,11.918382369343753,21.1967176114174,36.869966567717896
81.53623880136976,77.51318164794752,76.31161793005097,82.86641340770377,89.80199584378416,245,291,0.8419243986254296,450.80988537405585,16,86.57693800394154,15,27.05868301546419,88.22408134423708,86.58406335036703,67.9555603018115,70.03744026412191,89.8282134490764,82.82548082151608
51.472432086002556,52.65941403513813,64.15062914656433,71.4795472527669,77.92458492953506,148,223,0.6636771300448431,1200.9961750326636,16,67.36536581718916,3,14.950487234077158,64.93353545478223,47.32444981282065,36.88582674008739,50.88545011810501,60.94440777645858,64.05022273290552
51.240218739295706,68.4616940660647,56.42850518205583,52.39413400266237,69.20116604468788,59,79,0.7468354430379747,2289.059338623748,24,71.21517190477732,5,14.928918435178527,61.29859381640618,64.71580550160476,45.845913100684065,40.83262861468964,54.253344953633565,58.108842988225156
79.77276439385221,84.7891311472807,91.03169458415277,83.64232473603859,97.3986338640197,247,274,0.9014598540145985,970.1372783667683,6,91.51102335269435,29,28.06177333942626,85.87588941308655,86.80131351263404,82.5539191299226,69.29317461541152,70.44284626523472,84.8667392361406
68.38292595728404,49.966595393240816,58.04807701090227,65.78747766683745,64.63507796295049,63,75,0.84,2106.440195665671,25,71.3406785227184,11,12.192713850692154,73.71980780924711,51.73211299521773,59.98248689908746,44.743821363302644,67.02885180826115,62.44883366717072
64.27699212046441,70.89080844448871,57.50010249619111,68.59663202220428,76.40935245537005,132,207,0.6376811594202898,1359.2229763778623,35,74.15568359821219,7,5.5534199855045285,80.2467904760332,69.60438712787693,55.60073231091525,43.874383371313705,57.38204926207374,65.62529446507575
44.145372076020365,24.43720217356688,27.40713932848859,20.723890211553794,48.78550866236485,16,37,0.43243243243243246,3581.2229607792806,8,52.829373346217636,3,1.1604557228974297,30.64089489290887,11.083303359465784,34.793097554405804,29.487994018521285,29.36624992139933,35.4120832860662
64.6126603565182,51.287936493845635,65.0367764741591,63.711683205210335,75.09573743050366,47,69,0.6811594202898551,1824.1713537457858,2,75.71353706100513,7,5.477511821184299,67.663876715649,51.17806636053195,45.36692129987304,37.94501547196469,70.72480859631136,64.44499324963883
16.102930871562783,39.10071481513286,47.19283937453801,43.1147419500748,52.314429510177234,17,28,0.6071428571428571,2174.1010141489887,20,26.882666540051655,2,2.039019372509928,50.874016846325944,26.35689657908167,10.441454426066388,23.60143092589129,25.287204626310558,32.785873565056065
90.64884151653801,77.12712945929921,89.83025584343815,89.79735653200807,94.20241120186641,158,185,0.8540540540540541,476.83827026059004,16,86.91577479954391,17,19.407553309501782,91.1948932266735,91.44837284993322,81.67318618646702,70.88490808499378,93.82800285985344,87.76007680049717
36.435852795495165,44.66525189701962,46.59226079443934,47.83083199255505,36.65321572966599,18,43,0.4186046511627907,3120.8951481022928,23,49.81593095395172,3,3.049142576271935,55.022753889189005,33.860971754853196,15.283940271472929,9.596381910082576,40.09648819597625,45.414994185073695
61.07880177983123,53.89339533869963,68.13771659753625,72.48749709147127,74.06632723362776,58,70,0.8285714285714286,1571.2510464261768,15,57.63667728892542,5,9.106040671489124,83.55366507665488,55.898362272278206,59.63511958701579,31.42097652699549,67.94574440352228,61.79840717704081
57.01599615982014,67.01642919821225,53.539661804807764,57.9446352146716,62.75004631955763,142,177,0.8022598870056498,974.8558813663474,16,62.069572541693034,9,6.034461166929349,68.68910702904353,46.088004633894066,45.01113066129712,33.25912560442227,58.746827267503846,61.485441290412275
84.26406728306938,85.3090670240618,67.67666504171716,83.61966125694516,83.14616087081285,210,244,0.860655737704918,918.6931748467806,10,81.5063759250864,23,34.44502984402134,85.72518070766367,80.59520462933935,81.24659804256437,60.61743244215278,90.25647826293218,80.64581280964318
68.44013830856807,45.89503542442437,59.4745884389156,56.794479378447164,66.83347634882192,134,164,0.8170731707317073,2323.3054296967666,49,69.24003301108363,7,13.792575391617268,80.71525969480037,59.70772212077067,37.53889714876601,38.0977862387884,65.08965523215181,62.13249700615647
50.01919077082787,41.715740116528266,49.24317514162867,42.60569461088748,43.12109322253715,24,51,0.47058823529411764,2430.17030941964,19,48.448594245457784,0,5.588467749244441,40.73046329879027,23.867423695967876,32.45818308260958,6.176091613216723,41.94832343518784,43.18460313576207
57.91425091816442,62.669455307675875,49.304317328935205,60.112078629944385,55.83100812466525,94,140,0.6714285714285714,1409.378038955243,4,74.38980878668528,10,13.316396259946433,76.41245781447219,57.738236165770694,40.922292331533264,53.053902321103806,51.35502022105083,60.32855595500383
73.7340641062572,62.78101913513698,72.93895657788336,71.90097785661064,71.92585805146794,118,181,0.6519337016574586,2303.961127066086,22,64.55404888928236,9,14.909174747945123,63.89815630434579,51.33874439829773,37.2254031183474,36.79346291211204,69.19843879045028,70.12024526766257
91.04184361839353,87.68366006576781,83.55834134645553,90.05433279115283,82.85489189527533,384,477,0.8050314465408805,718.9230078929852,30,93.99378526298955,19,30.858779100386304,84.57250323049847,92.7175327317342,65.02800278700273,73.90454337599392,88.91589509462337,90.0385098164343
55.37183200041195,49.74448381708566,73.59937487936409,65.05078990353272,70.94592830025235,141,212,0.6650943396226415,948.6416593855344,5,68.7743239401167,8,9.776503773982942,61.54700528115498,56.36087166436961,42.188989127267476,36.86411693060783,55.55953950447732,60.555712769017944
53.40962360604482,69.8863248543593,52.58405599341369,62.82037385266516,72.28357873723107,89,106,0.839622641509434,1415.869633775683,20,68.12004306784846,12,13.385586427461407,78.12348601526139,51.179940563497446,53.00467335797927,36.163479946923545,55.36520479329254,64.76296513159078
64.83085746555095,70.3953081115382,73.64580227806405,50.514665833431046,63.81395638677522,145,204,0.7107843137254902,2314.5331737851384,12,76.82377195408945,13,14.299941824196555,78.12897878249575,51.61397819988962,58.210517773598156,46.686079404546874,60.35239831856585,64.74179556667909
50.994305971975685,71.66745825888466,49.90462005109786,72.15044391139871,76.58943500335008,45,63,0.7142857142857143,1291.0373222296707,14,77.9281157994372,9,9.266027804598828,75.74610442198754,45.88377052601736,36.94500283305247,32.03270183258296,69.45601909066113,59.57585881959604
78.59263468240378,95.69894584305051,94.31839797699342,90.8763620781608,91.86961331747595,338,398,0.8492462311557789,1186.6570995816073,31,89.24596929542955,19,21.832188444076163,86.60569335004169,84.1057954171134,86.2643632003779,65.03820945015782,93.36082596883604,91.53481025078611
58.55368515120979,53.010970131644854,69.4121568188651,74.50946172646857,74.34508328118703,131,184,0.7119565217391305,1149.2717602064577,33,65.64531315031792,13,9.201073512692233,64.91755379433593,48.36472834544908,50.02324001509275,42.32949121853802,59.36649335257603,62.02013956203892
72.4716492086684,68.88635637245143,55.050382792051515,67.42670096577736,62.24644595075336,59,87,0.6781609195402298,1453.9032344333123,24,63.1334323870811,12,12.313931471891301,78.47180774864485,63.938769877057254,53.61584518171364,30.497535885015168,73.1172733923483,65.56797020876463
63.67714550299819,46.93537832214101,59.57945353692308,60.65799167010787,72.81360663216483,153,223,0.6860986547085202,2220.0850100011257,45,60.773142111810586,6,10.212867904991896,71.77780050680603,52.672329554726986,56.847484187536224,48.73305428958086,71.45290957998117,57.079621257364906
62.471230178050256,47.754999235654815,63.57448977944199,54.09274131272626,56.91465859654037,43,66,0.6515151515151515,1328.1716807997982,18,55.942905943986624,7,10.955026005728078,78.11773718660945,56.1329904555938,36.50914608787643,49.93998373724472,50.87497103159964,57.65324559222708
59.18395375438911,60.75987396804619,70.62657197777881,65.14551400509839,73.12980856611779,65,97,0.6701030927835051,1398.2323746789966,19,57.25686150358759,5,8.539938504762663,74.12039454979927,65.12031152445594,40.96941165231605,52.07439337299523,73.82705780555958,61.62304167524195
51.446540923211714,55.10780624892115,67.59599105742689,57.35870416288445,74.08270192950324,60,76,0.7894736842105263,1234.1774463149404,4,72.19886268025832,8,13.877092317523097,66.3111879902465,54.34383551057383,56.15166050188555,45.445381993972234,68.79040984115693,57.05302752723456
61.582053135671146,73.57262084260368,69.71392846305102,62.02627818690796,71.85065447815332,42,54,0.7777777777777778,1546.0579975476078,2,71.01405993191226,6,12.65068574377037,63.963899207291554,59.819307483188304,57.40494495698489,32.71966522211402,61.822851113353465,66.46935852878137
74.27441788637233,63.80308385273422,62.807032702471275,50.774523831946546,61.94735994601874,64,94,0.6808510638297872,1588.9567184869334,14,62.24041900108284,6,13.485767073958003,67.38675857218783,61.03924964164731,36.27898785490678,42.0047519330507,56.70082414879731,64.37974187312925
83.2676863026407,92.31760457471111,71.97811586446268,77.31011732312932,85.86990901949828,175,186,0.9408602150537635,525.3228566137699,5,86.49271429650679,52,22.578664879761142,92.13946232548531,74.71249631988903,85.12417084704214,84.18320278383675,76.71497332286494,81.54636582636442
60.23056648697815,56.90778841871442,69.64621146589847,52.02537232078161,62.912676221875664,54,75,0.72,1417.8060465596764,6,63.19705052756068,14,10.091136924888792,73.8879666675649,65.62346199543494,47.61442419732001,52.91170871665142,65.70208691428589,57.39177635888119
26.490255919826403,19.871978029229922,34.516547320911684,39.78823966782737,31.337762138878567,30,80,0.375,2671.541175636319,20,48.52767069657334,1,2.7197248935099756,51.788129864856835,18.22925458467337,14.38241224650217,27.02550916116051,29.806979841068664,30.305400199257736
71.19393885356945,68.40125237510294,45.431963175984585,53.594761896018326,60.327454528711996,50,61,0.819672131147541,1782.2867796032137,3,74.04711037746804,7,8.502016630990807,76.08239586796914,58.539355156156766,41.53375808536221,34.0587652276456,60.11778715854374,58.40795892210189
81.50360551238226,77.91675103320479,94.48840638664103,87.85554826959856,92.918170840283,430,486,0.8847736625514403,515.113081199349,8,94.99927445174453,27,29.03999317286001,90.85146653931912,86.3396692511105,71.84971953857546,74.82640474918394,82.23068136874798,85.8528364768441
94.47921978967086,79.78610090748188,73.89862585501754,92.78893516703354,97.98856877946821,416,519,0.8015414258188824,893.969650021719,55,81.60450205906545,48,21.95825358097823,82.88271327978791,90.56875036912808,88.27647577218,75.58595334235281,78.59118271113496,86.58969461430911
28.418778323278765,29.09362285646779,40.4738293593478,35.131717497638725,58.530047450287235,29,78,0.3717948717948718,2402.069563464248,14,52.19887294817629,3,5.646885549371895,51.486023356607305,33.2758172613819,28.769481053969972,13.024465149593121,41.19405212910294,33.91930946058453
75.25371908185889,80.8200039526738,79.44032454905971,75.38384553646114,84.67663775741062,287,340,0.8441176470588235,470.72536335720946,4,79.94964305639647,30,31.188977416959652,92.58597612021472,74.9714069443824,66.61541699610216,61.06583023217582,79.28521419125352,81.18808095679272
55.92522916578268,50.16565582667288,47.016859067124315,66.78324543466476,66.58508868465086,62,91,0.6813186813186813,2193.6572150669945,13,64.88751278530745,12,8.057588231556988,70.21046768746731,52.540089157429115,37.00560729502575,53.48584057240468,63.713474801779725,57.03130505798344
65.79336389256099,55.90009293562549,51.074808534045374,64.87919170545103,64.08479474699224,53,67,0.7910447761194029,1947.0690634489988,7,76.80956794535948,12,5.752518619854801,73.19755312675517,65.78234249366673,41.26974737500802,41.51594429076068,54.020086336194495,60.009926042522
70.81796133526012,46.292022789182916,69.94664064544733,70.95230566767378,75.82165031008758,75,90,0.8333333333333334,1856.4799258228468,10,74.5031395996516,13,13.730873952146897,84.50052736896862,51.16229886083381,58.70633213383255,47.21817372204298,73.78534785893177,65.21958875915853
86.97906080243706,81.65754032122099,72.68265278715272,77.40680880486104,81.77367080901934,233,287,0.8118466898954704,708.686934039783,23,83.44499773191973,15,26.378360109867142,86.77286542895726,73.16200641728274,75.362024481359,60.370221528315625,91.026124562814,76.00761590306675
51.15276892512514,12.994927193473192,41.74488576539794,39.816988602808834,35.75014517552451,14,22,0.6363636363636364,2350.901686922365,13,42.54364068852524,3,1.2693369448031535,57.23788340656308,36.125186318229225,15.209609147016,6.788176319230178,22.954981264360246,37.64686705007795
69.33802116790602,69.68546716567332,70.51470565747691,66.04111242728051,75.83033545427008,81,122,0.6639344262295082,1098.984780483434,6,59.125272859657585,12,8.861340015728073,72.73840634423625,68.64865621955167,48.05668580704546,49.52570104857367,56.70060031482253,67.98671565047135
73.31719756438906,65.14996649411086,50.27824897434786,72.95118924703621,61.13793476221149,53,64,0.828125,1938.3240927667161,14,67.62994816229471,8,6.474839747372675,73.69170586280866,62.78101479507349,56.51488061789878,53.38913900505549,69.61599786172332,62.37501998532757
60.976826974500554,72.14788550945445,61.80011967686755,61.259751910148275,71.16681882899763,148,221,0.669683257918552,2001.7025788129843,15,62.643127947019074,4,10.366289043018039,83.94955134022749,59.71314203483409,35.27617863031944,31.492772621909765,74.8215858400888,65.70482725758836
35.19216118831376,27.19804132626678,46.284114635962325,31.96090457204417,49.663293757036854,26,42,0.6190476190476191,1838.5479696072343,7,42.35539558854734,3,5.11339134094946,42.432349497344134,18.434796242004076,21.55241170187883,10.94976201060053,22.558097111218782,35.154112451397644
95.02212022419585,86.41689195167778,80.97512199247946,77.30789284357834,90.9014820078214,444,478,0.9288702928870293,922.866282321932,12,84.0127655833246,58,27.614647676790334,95.45973442611174,93.78605071814202,84.41223256627545,75.28341505541617,91.43272255902102,87.27953644410209
43.55752706942724,39.04396307664119,47.35788924041131,37.344594982709225,41.839991716914184,35,84,0.4166666666666667,2192.544647927552,20,32.07830570203995,0,2.106310104474546,44.419333492720114,39.916189922435734,18.209495977009915,7.914015369271272,20.606687681156703,38.70241282276909
71.17625786809103,57.399376842033305,57.606978984043806,52.20706246462291,60.04852161279956,136,204,0.6666666666666666,2272.71185438248,3,76.82562301953799,3,6.2211262136599395,71.42088575782228,48.33356159110239,48.0837123604788,48.36555101080583,63.833569370354205,61.38151696962199
55.65367466292383,69.47772505917727,61.80577990729577,74.68670181575662,64.33721675863579,143,226,0.6327433628318584,1441.2278768149954,48,71.95053918432012,12,7.852999757948819,79.85449912196577,60.4432083186749,36.60128892141399,50.97015837557839,54.677205778830185,65.38436795285378
51.775797088249256,50.01854217880237,70.71829908123868,64.6658364780846,74.46951373442664,85,121,0.7024793388429752,1616.5805535459558,4,58.40935330143126,11,13.101445016750272,80.77699816935663,46.36006986693997,52.79860287945682,31.574197044989425,64.86683115974752,56.399469528945794
65.41967498347068,71.95812189767717,71.4262990945471,53.77386968529116,57.042128639665194,128,171,0.7485380116959064,959.6363137093235,23,70.47652151017617,13,13.129326823843886,79.42987446082493,49.48718410482953,36.286155251905704,51.26400099990103,51.88973081756629,63.85832219129589
77.54112344326549,92.41470590973849,90.17577028614616,88.05985463083435,89.04094756271698,399,466,0.8562231759656652,447.76646765072286,22,83.20869740501936,52,21.055540902019864,84.54843457447059,74.28311361135937,81.69004283958088,75.23613243318196,86.08880307468544,88.14818687254707
60.81170859516051,49.80226976906105,47.931123110717806,63.024613562710016,73.00953277165986,132,185,0.7135135135135136,1465.4898530499522,3,66.87556061769875,4,13.56130220353046,65.77044462969454,66.2184081938492,38.47991533542214,44.50547409226351,72.2026979752868,62.42575541044176
58.157867332282905,60.375679176919284,63.09024817267647,61.26176029144743,59.79225603383223,129,190,0.6789473684210526,1878.7649891801295,8,69.62898912507245,8,14.111695845150212,72.69327410030596,55.174304872777284,49.72062233120733,34.81976089547764,53.31371947762186,58.63318874419055
68.23021132097907,66.9661363385805,47.63897343039173,68.16951380888169,58.41720799309707,146,205,0.7121951219512195,911.4584919386597,38,77.25080793790931,11,8.999513348754986,79.61939578175588,61.23724785264773,49.53789585804697,52.53437920946028,50.533051837017815,65.7943012368243
35.377089389862135,36.96734408420379,46.3483447376955,34.04539448809582,37.0008111024182,28,64,0.4375,1988.2964928638507,31,43.817682350160474,0,3.9912694635119035,33.13242642389427,35.63618752131135,11.025089899739154,10.900117132917426,37.239871014419265,34.64665537220592
97.78843118675657,82.27930507254882,81.61508247506661,85.59549830513598,85.791266537449,187,204,0.9166666666666666,1090.04895110111,5,87.95116839106734,46,21.410307122105312,85.08042298191125,91.49321958755581,82.50470648235132,73.69349773672842,85.2392133474616,90.46281544463652
53.50361803458032,72.40113891474621,67.18072815216166,59.12410250008949,62.49163738262404,84,109,0.7706422018348624,1371.8433606922986,17,64.89346731839642,2,13.821156871941554,61.00601054026548,68.05487096585927,39.9076949973852,52.1059686271164,60.021579487159514,58.28692929049554
89.59175534159142,90.04029607486088,65.08643754996844,92.17913370841259,83.34841400010198,378,459,0.8235294117647058,1065.3132010079057,15,83.53671714007206,47,22.86248149574858,97.6031347584297,75.39351697941136,81.94533000775111,75.19380305631806,77.38253693929582,85.5612603053845
52.07019801846753,59.42053609042286,53.9538911023643,60.428403570259476,71.624636337217,101,154,0.6558441558441559,1899.3221102196255,20,61.79690111059201,6,11.643016002599285,79.13282307229916,59.81213952381969,40.987420812525215,30.006132262799827,70.07122767470703,59.04772440663078
58.90614324398764,49.533305545943406,53.691537543826065,55.819307089380416,78.08984076153318,88,120,0.7333333333333333,1086.1453141645236,24,59.46735738299838,6,7.503345637346731,62.85805179521285,67.09396320846221,39.983513356564316,50.55977732365706,60.33056693729428,53.606742666243925
56.84012824704061,71.77534463335589,60.92277531557475,62.08672660808378,72.23698984321493,88,137,0.6423357664233577,1512.1509727113084,35,58.361803137672254,4,14.907092395619081,75.30874605008938,54.18477954057448,41.44548692717045,30.99415925574041,67.66415850621817,61.30618553646071
60.834675714457276,55.49517076520195,74.947317415898,62.061800574751636,75.13053024283765,46,72,0.6388888888888888,1027.3425816754554,17,72.65820610556798,8,5.7914466827820945,62.94191281613247,49.39644703290481,54.368089832614004,42.84643398172806,50.26417806936107,61.20204940912053
42.874651408175914,17.24726659143342,27.74649253704129,36.29938217292563,44.45200583676598,8,15,0.5333333333333333,2655.136588339156,11,46.308155616823555,3,5.235986647344689,51.39082307998719,12.320787169136388,25.17088510738528,20.314985816507857,30.665153866950323,37.22903245736008
96.86396437956378,84.90938509120544,83.95511636509397,83.9689104395664,85.27779389056516,174,201,0.8656716417910447,491.45510552180605,20,93.20631800569451,48,14.09774037011988,89.88840609405163,71.43896900041611,78.73822205809338,71.03826253433442,92.19260456895749,88.32459721472169
87.57127426674279,81.2532160574462,66.31699827929015,78.31499559640312,88.01974949735404,384,454,0.8458149779735683,423.29915674830426,10,93.242286101925,20,21.01274081740881,93.18227528939053,72.72233284952598,80.91346616883386,72.45590001248182,80.16685174996458,83.02651029345645
75.38899439819697,93.64867511188783,73.08890026301549,91.39354005560918,97.9883054084996,345,390,0.8846153846153846,910.9986034699065,51,96.06373000838711,53,29.71048825448406,92.60350169774082,94.71226211217012,73.60770083299899,61.54405965725499,88.3587508833824,87.09315788581006
50.615515788563435,60.795565542312424,46.62805112197311,63.77181447118228,72.96120815638807,141,211,0.6682464454976303,1864.1190519504194,7,73.66571740558986,4,6.295537377604957,81.78992877378903,53.9474521386412,50.651111761642916,33.96940715718156,55.15412111578018,59.583780296317286
47.6023070663931,11.629745363627727,35.20759878697163,21.530366375252896,43.704680293478475,31,81,0.38271604938271603,1802.4576567101144,23,39.101947650753715,2,5.255593953879432,40.30320534725355,38.75004576871844,17.539235815536383,27.25708100463676,31.80785437738033,28.2266829529067
53.95305396462388,71.24044359461888,54.01033884754834,57.63628183386483,64.68032490005821,139,202,0.6881188118811881,1864.2938466977039,26,58.674695682061945,4,14.917556495045424,68.7166852552937,48.23390915530888,38.609387449573205,48.96852227372965,53.623038808453416,60.72157183616164
48.17877844710823,40.22257025618243,20.85563591612643,46.43780978804698,43.5697448664766,17,45,0.37777777777777777,2068.2847021607486,11,29.83955220344643,3,4.6958771233779935,42.85078744268711,18.298692659439425,17.688187704789716,8.37541159276924,43.149297735841486,36.96555908823993
37.26916374602746,21.714541898783626,24.090863143010424,31.38941531641922,43.241315016369455,24,58,0.41379310344827586,2292.809870487432,30,49.18118350114656,3,5.195728127304554,53.05758014917812,29.157166915121874,14.022303772739974,27.978683080220748,30.281941078728153,30.77076299440093
75.72927740167927,65.57109154166811,67.33244142106702,70.85944659141019,63.79087433344622,43,62,0.6935483870967742,1092.344920955661,7,68.08800394990033,6,8.270915060016385,72.20150390674158,68.52850837864601,40.678727220923655,39.74065043395026,65.16144438858865,67.78776819334529
75.20487258518187,47.66355827082402,49.332189039105735,65.8971192061552,76.25288164390871,97,152,0.6381578947368421,2147.3797285092423,15,68.37502279379335,14,12.792067402682285,73.57170349945534,51.47800260678557,43.868879278243945,52.350135368282906,51.398698664965515,61.94743477990901
78.07689733486126,94.7859863571417,67.1799676274347,78.98186839871852,86.26080225379482,156,171,0.9122807017543859,1089.9229609450636,9,81.66374362597894,26,18.236271827753527,95.20656442808276,88.06028461158861,65.18479753610733,72.72838532303997,73.48298705945116,80.6762151759632
77.64858311026602,85.29127770216422,85.00897110461545,79.01425685827584,95.84278519238467,256,272,0.9411764705882353,316.226108063021,14,89.68205149800681,31,33.46343709212742,92.74804962418443,90.04564749688788,76.65936486261371,69.04165207987607,72.71000931791556,85.99920418236565
77.25412454203166,88.30249414297101,75.13836713135872,81.1996027287094,96.78577626954764,154,187,0.8235294117647058,396.2278779418392,9,91.03309617999744,30,32.27961804087399,96.77394480590101,84.554518403616,71.22040788345555,76.53083458154664,87.7476261444902,82.99835059109685
71.21675616723944,65.35315876788152,54.8914855789037,65.76779093271401,67.66969061937698,129,205,0.6292682926829268,940.590981070673,33,55.735682724284345,8,5.531732866764876,74.47424160040615,65.0485573397362,49.02596813057682,31.595339760136667,67.3361810224578,66.18205021220717
74.78150508483904,56.97717509007538,57.0267995479988,60.133790340638036,57.452359156024535,105,141,0.7446808510638298,948.4404751012368,32,62.34390736751541,6,13.009874086995431,78.21501199991597,69.1165670179584,54.567069013911656,37.46571092669707,66.03450777450425,63.743572135986994
87.37906234297493,83.86641224434973,77.16935778341713,78.3832378768484,97.59421813730917,346,367,0.9427792915531336,1060.5110134401984,28,80.22700423187223,33,27.984313061793944,90.30334056773178,94.75712926462353,80.28354140619315,69.27434281480423,89.30380069039595,83.94042688743481
87.13452338525981,76.73151114462163,66.58480059094165,89.52169702967701,82.18345396409961,372,430,0.8651162790697674,807.9749290017729,3,79.01556657868528,43,20.73396031089792,92.34388454233934,94.24547161584462,83.19077844249222,83.06509392734895,89.05530145785443,82.00549916710862
55.30197437505862,61.436124319116594,45.7188415537281,69.10551209605771,69.52284745615697,46,65,0.7076923076923077,1419.9606479447893,3,73.57377767298392,13,11.27439007682151,74.15464960793437,60.30374554033476,48.73128178444736,36.82571989189648,56.11268743361063,56.41815178186324
71.07480896121425,50.134249492381926,69.88753414090294,63.78969152016585,79.61152394934663,110,170,0.6470588235294118,1303.3122740122722,12,74.29731287267545,12,10.446880934339767,72.28534386557205,62.938421587815675,42.91344328337397,49.55161303931078,54.383041959464975,67.29673105133492
62.82188823610514,62.08005605328282,65.77840330275302,64.80475451073046,76.9674395956519,100,136,0.7352941176470589,1934.8330983576052,5,58.006709881047314,11,13.700551931092829,76.95982866014768,61.51331038591215,50.36607047337215,51.23047861735262,62.00667314164069,63.021762202477
54.57451607065889,57.10357407398632,72.13810120552331,55.610672030220954,72.11127760875875,124,191,0.6492146596858639,2398.205147547738,31,76.55167607139154,3,6.544880247895862,65.89282710151053,55.6157461443972,42.10974111026906,47.535621364762875,63.4462360376042,63.31616255222602
68.86823102975127,46.29659811764871,70.13477159770802,54.24060232578931,72.43395167084427,117,180,0.65,2212.1437856721914,9,58.893582836274156,4,13.164480420765715,78.73337949485938,55.00812958319471,37.06846711877142,49.21250268406945,54.21752572350609,62.8162831219839
55.978413877215324,72.26861627537357,71.70206874943511,61.63244708208126,58.36402126682159,151,192,0.7864583333333334,1434.3043957645648,61,69.01978666415448,12,8.44568229458775,67.72635605000875,50.18444951090854,45.225678022866205,34.88756475491384,74.0642396844408,63.53928509910421
69.12539714482777,73.86792234105516,54.01731324162066,71.5361980351087,78.3414386352068,89,129,0.689922480620155,1649.8715818002897,30,55.8236137716078,2,5.386633861780999,63.42253514243482,52.14595361659822,41.33390156120267,45.37938374151617,61.39723560335602,66.02517750582385
51.95015155793633,57.808633364894305,46.187128854340614,74.12495145857217,70.682324189371,127,201,0.6318407960199005,1901.142009010484,33,63.20101241876925,6,7.708321403399593,70.68589173878243,50.95981105472524,35.10492902076413,34.701218828672715,50.10151465717189,58.03522264991751
54.48334732260948,61.23975357273319,54.629444207774355,63.1871594698834,68.80688631451031,70,102,0.6862745098039216,1380.4906617978381,14,63.55116520140428,4,7.972585469036878,76.25276499320253,48.41827064789021,51.93995526971106,31.475667770510576,58.37328882399069,59.39779950253542
67.14342640443652,53.56763039382169,64.60686665874076,66.38914752392434,69.8110796352269,79,110,0.7181818181818181,2352.994369720106,17,69.67977266413075,14,6.332267479843533,65.10661895832513,64.16779186051794,42.3844250960154,30.534721166876995,73.60435908764154,61.60612772836613
64.096619432057,62.16863081832771,59.17176521777213,62.07366083933607,69.28184048012413,86,112,0.7678571428571429,2391.553464550191,7,70.79614627224285,11,8.06286993526335,62.238865918594975,50.80746090787314,40.55232077781407,48.54623543650635,51.546454543127936,63.03842572194561
71.99755052006394,73.2573163455444,71.30966492921957,55.2166906127898,67.40074735633861,157,220,0.7136363636363636,1773.5425736100244,29,74.0062618340251,12,12.18601662842142,71.00897993565488,48.56157870217771,51.015973033003064,49.323917808767725,65.95273803009874,66.83976028314544
67.39064195643459,69.24551287597967,57.219697396617114,63.35611806634732,79.13655187610513,51,75,0.68,1428.8432133637277,20,72.73613423761086,9,7.129789182218906,79.4730663952848,61.76232238197595,56.90569503200598,51.10816160817804,55.12987961260583,61.480742845222274
24.460257169673085,46.161537576662845,41.89468756493222,24.010843777464604,32.7853763437172,8,21,0.38095238095238093,3369.250693975316,9,30.883019571898483,2,2.9275881947102373,30.17781680795644,11.081530415137946,21.963968261228278,14.000138595281474,35.63865825852589,30.409721123231538
95.84027211752674,81.29425350327115,75.50235223084027,87.9020672406113,92.0406330739358,296,344,0.8604651162790697,991.6986128756781,16,97.87466174833884,39,33.94035727105951,98.29728780440897,79.2539675063861,65.38641541322168,83.20796406469313,80.70460370793286,89.5478193082284
71.91015780658206,46.72580351143962,59.34666344649354,65.94682082683691,72.16898167706162,102,159,0.6415094339622641,1586.7862856071881,20,56.51904735803816,14,9.513898988339974,74.01819745481725,59.6103656220862,41.01778897181886,48.42305155707381,68.1659257068462,60.389973673715694
59.68680972168313,57.492278384334185,68.92570642324817,54.05273388575504,70.47786738258552,150,233,0.6437768240343348,989.5768261797873,6,67.6773322694464,13,10.832752784167923,72.09768295330747,53.34196302530705,37.37039115826606,43.985997787572444,52.81981416066951,58.57077691739313
90.60364278941539,85.80043690763011,76.81933486751731,80.30626213991683,83.02815517766629,249,293,0.8498293515358362,918.6352191820259,7,82.65482230510845,52,29.473590559661282,95.47294790110668,81.39040934917102,80.2976021191831,69.33799160579353,87.54868000299517,85.9487772431842
78.73021756538118,82.64750206568874,87.15617118427723,92.33710426054132,91.27266694392368,418,503,0.831013916500994,890.582682336246,20,92.81747755518137,43,33.47264230512879,94.39919078738959,88.84534282445922,70.47647932649708,71.07599941587902,85.44532986473216,85.63413980342392
61.72512594176601,57.554722928557894,46.15286755933844,60.845536512120134,71.83724528782957,124,192,0.6458333333333334,1398.8444286105273,32,74.2231110384006,13,8.88393180383887,72.5801167518741,64.21836983447007,56.93863856398683,32.594548204416796,59.621406562326335,61.11256744616428
90.9476833859336,89.92238229176985,74.12283907913852,91.23254028889707,85.29050168908881,365,449,0.8129175946547884,1066.6113047944875,12,80.17870355696644,54,26.02268389034288,98.3019690898006,73.90905354112188,83.79495408967333,74.20671540671921,76.86664674469763,85.23934170148554
59.18815453400619,48.388173474655204,55.289706192597095,66.12007593270457,60.76566071555361,65,88,0.7386363636363636,1453.3738738201143,20,69.44589817580442,5,14.664145052470047,67.45013041578693,55.473775716050525,45.090940558735326,52.993597524644464,60.21623288473178,54.12668056902914
74.82938206117464,51.923929646839696,66.1837184374747,59.84234883493772,57.9691853235155,83,113,0.7345132743362832,1064.3049074660569,17,63.29954830442526,4,14.409646143463672,65.3821306269298,69.8405553741008,53.44749679878599,39.81269226378507,53.258730166562096,60.17815388556004
75.13163547681259,63.304592516974154,59.94801771002258,67.82099220373252,70.22133125555506,47,64,0.734375,2103.815353464835,3,76.11953155256774,3,13.983220196913692,67.93513322897422,69.06432215402982,55.309881043651174,50.92938959098719,50.37932460429587,65.56421875256169
45.89429716414756,47.63021048182227,45.39881323516618,36.61983086963376,48.26182766401614,23,66,0.3484848484848485,3092.9390334558475,31,40.93663737544695,1,1.963688521255484,39.996141080331284,32.73698236761834,31.265798314222316,15.41922220289484,34.6562325678793,42.02910922888897
24.305871452582604,16.1979287981439,30.12438553936235,28.678404011790164,48.03306745647704,26,43,0.6046511627906976,1878.2573255180228,33,25.59505073896647,2,5.746966357280136,55.399394894309005,10.364215673866969,10.703086735447906,5.258935784270534,30.265922394172044,25.070191292164022
76.67544184353959,94.24863203879815,76.8365338784412,90.85385145698756,85.02459439800148,429,519,0.8265895953757225,521.7134225180716,23,94.10462258778006,22,25.97185033989709,90.46316001611964,91.86187758209107,66.08583393089094,66.5257097883962,91.89406347147889,91.76683915353999
74.28819686498986,62.96609931680524,67.91049301349182,73.92065094373201,71.10098181316025,62,88,0.7045454545454546,1927.2352381005942,24,64.27612742383697,2,13.164134241294976,60.50621546058737,58.570630418542954,57.66638926093174,34.53469967578201,58.81612303892746,66.14452879150426
72.17117618608565,54.134217048471456,50.29222758209586,63.59924089494264,69.15530112276508,48,72,0.6666666666666666,1237.0372744044646,19,68.23346865008921,11,12.339004157889331,79.97062728880712,67.8232950374462,49.94428903055181,51.15700026655041,55.7968057756293,63.8883352741301
18.370596749180855,29.999595024409423,29.679171251084192,47.24748084224359,35.61640404058311,19,42,0.4523809523809524,3179.9186608563464,23,40.4883241281692,3,1.4919693219951764,47.7345687889527,32.24898621793719,13.72599804988526,14.29888218318187,44.367783887093935,29.333107896408105
60.408056341171566,71.7194967421379,63.36328228219011,71.90360874904607,68.17598312293997,116,157,0.7388535031847133,2136.9189242500725,16,59.464386644843486,2,7.553393343793954,62.600894195753675,51.31620815140338,47.74399238363668,54.48657439105955,51.59218100500897,62.08024836466866
68.45517860540333,58.19305511664431,65.91977310953747,65.84933521101105,57.866195075554415,85,108,0.7870370370370371,1711.0649323742955,18,65.7957871633997,7,7.799296216564434,65.69525726690328,65.1339417540444,50.95580615900506,44.136803288756255,55.648817771331345,59.75877220922166
17.200521223871394,43.6282160045318,34.365742355841604,42.11965968326963,30.43948045786767,19,37,0.5135135135135135,1854.5962907048884,15,50.09943079491742,2,2.6659012149556545,54.17395451722198,23.407703555504995,10.087448909207533,28.611190800958138,27.159116732946792,33.85080087189209
93.12331307259143,93.48445073247339,73.02245835416323,91.24781448372302,81.48330749351507,229,277,0.8267148014440433,1087.9397853563069,12,95.04025068667764,19,29.586971858852092,82.93390228030363,87.25807117251823,88.62560161451422,77.06351196917893,78.29042122769584,89.38410029266885
53.56652891077983,48.459375665460236,49.77727182029678,68.77433149167764,72.77141683665702,57,72,0.7916666666666666,2353.036166145967,15,73.2386684162438,4,8.69161544230198,62.29299038301923,60.62408792733039,40.96560609365992,50.082818909604526,59.853904503348645,61.090087341809806
30.032352274823914,32.43942409661761,27.005898871028965,31.36186595281161,59.17525121149134,25,43,0.5813953488372093,3203.1637534679285,7,29.69679324604011,1,5.579315361674979,33.761121167637604,38.56618762755562,28.633472811076583,13.664905731592587,28.52969102429455,30.439481131222795
61.90855224937233,68.22183957149768,69.61629234329928,56.11515495355997,71.55150526042547,93,139,0.6690647482014388,1151.4582300410484,3,60.16073664844986,13,10.451841036217534,84.67177202887359,66.30094744195733,41.736858499039755,39.21529526446106,72.96583956244598,64.23083695941182
89.10291829709169,92.58882849126333,84.85704729415787,83.6809773695636,94.74970136606657,348,407,0.855036855036855,925.8696038727519,36,76.0824075511698,36,23.042480042902586,90.70741745276788,74.22812156610445,73.06124524276623,71.00554315640413,90.83024219894503,83.98582498599744
65.5005650514039,65.49997937083793,60.71263033423185,67.31582040247613,56.09843516387986,120,145,0.8275862068965517,2027.5589402689725,38,72.65803862661231,12,14.731313883615972,67.16364794296157,50.773974253678986,55.87186265672482,40.47790543172097,60.536636211232725,66.73295874086077
85.66762596751066,74.52341238756689,75.12431137138915,75.36162184411371,87.20593763139365,296,347,0.8530259365994236,897.1413106158391,13,79.95564686734178,19,22.87878365505751,90.39370062300753,74.76440116292984,76.55098357098889,82.5756968373203,71.27133559089553,79.83989740028822
59.126643230724184,49.70016403042554,66.26196997694595,63.48386040017241,76.36464422023703,134,162,0.8271604938271605,1680.4750832910981,31,70.06168034486821,9,13.974747181652582,75.52910240688766,57.03616026206877,59.761425185093785,41.17905276597117,72.92076439283616,62.25481902433137
80.67814944528783,88.1039110938345,86.36811769773325,77.961738599068,97.95932873088096,336,393,0.8549618320610687,752.4111209059754,22,81.40886867744206,42,26.590080928131368,93.61410903109534,83.27336458292841,76.1945791143273,73.8223272267832,84.81741809698484,84.94796879892897
28.573672016927713,26.94499616594433,48.06107048406787,39.77556416917467,56.25832688387672,12,33,0.36363636363636365,2133.2525975531057,20,30.858992077716238,2,3.707171470153773,48.803092676087275,34.2761822399674,15.293661589679044,8.4121199976185,44.053239357956365,32.83671896873356
81.82036456126603,76.89294451079387,77.96031676791088,94.9809899620729,83.96589308187649,165,176,0.9375,430.9639345086232,1,87.14835302039619,50,18.144313607024934,98.21329990767777,80.89180165305726,68.22715487856155,78.5574689183486,86.07760881544625,85.00271750324552
88.33608024909768,77.34630695548461,73.3702487104339,83.09937174752378,97.97827284468178,426,480,0.8875,702.7966695954557,24,85.10994766077667,47,13.469721667112598,81.48669217772142,72.8840700326426,86.74203308359156,71.80566064390511,87.8220592336184,81.41062806404615
87.82076912741327,76.65655049959933,84.52483851467984,77.32547360585761,89.65538689544054,190,216,0.8796296296296297,909.2790770799256,10,95.0406726238265,56,18.686613075275297,99.67463707994011,94.01786879174543,73.01217244138869,84.90742010613064,91.13877988742249,82.82353054809928
89.09761039737408,94.5199717813624,72.22078135497514,77.43002752601836,83.55446881747888,323,339,0.9528023598820059,1193.1738604405232,31,82.28921697893374,48,31.469829789876396,98.37853067279109,76.30602550433404,83.87604821865696,71.5134874318535,91.04996382225154,81.31461984076395
45.90445698572339,29.3422527624622,36.71057229930982,46.504757455932435,30.474918493592817,43,66,0.6515151515151515,1820.4103048219013,45,31.32405708786957,1,3.906246973040875,48.73406431523891,31.934113732018588,14.743094665078226,11.557116903827872,26.818196446636392,36.19600990001731
82.35233714613253,95.698815724714,79.56076949479662,77.44867796717882,93.05333986449304,311,336,0.9255952380952381,1093.7349824741796,30,90.09108241447336,36,27.797802946525668,81.86060972920055,70.73410397755981,85.57396115553715,65.24382369209204,79.47567815547744,85.50877064525649
73.29224436204974,47.86606828084935,48.33783741928405,72.5330843540693,68.52030706206088,88,131,0.6717557251908397,1214.1425792084003,8,56.39796687847628,4,9.550326191219945,60.69929743188398,54.64701835482416,54.260945203124464,50.531879432154234,67.46886972206354,62.45592889851506
65.90115041060488,58.489746733282274,71.12415758128981,71.96896199499997,63.59353957220092,154,235,0.6553191489361702,1146.5216893740194,12,76.90500216265099,8,8.313710462860001,76.68747799059965,68.4434995918439,51.30035317922376,33.96413073610878,64.49172282444069,69.68805910149761
36.4012125890269,28.02503593293671,45.57290998065834,39.779986108714525,53.4558684449818,23,45,0.5111111111111111,3149.7005049239942,15,29.41617956420778,2,3.940105143711781,49.144527186211704,31.14841480368309,14.655014978156057,23.831100294086625,28.396909879148062,35.86289284646299
77.6994688661157,55.49218772531951,73.96677654955974,52.40514354156486,73.31125289668266,51,63,0.8095238095238095,971.9606791158112,21,68.63393296146522,10,12.190577210136606,62.2637422370938,68.23376311219354,46.73671287524714,51.307101701435776,50.31502752784427,66.8565789806889
74.99886588105448,57.4421986943166,69.08777828770397,62.37742207715071,73.05195606373846,76,98,0.7755102040816326,1298.597365766351,25,77.75575440859093,5,9.953353469394422,74.52080648129802,65.67305382421,42.81484001694358,31.254469422909082,62.064910956979176,68.26769573123363
48.73938061278967,38.89306117762293,26.80998076395151,49.57171462341912,42.40002682439141,15,28,0.5357142857142857,3481.734418266834,21,41.6824428648943,1,5.856819290672628,35.642397152077194,34.93262010793163,14.835525320838757,10.661015508277039,22.35554211265515,38.63158742398157
82.98889650395338,93.39566698786908,65.65470190326468,88.27579372351178,97.3410998158439,292,358,0.8156424581005587,654.1030619072324,25,84.63224633870571,23,28.808882194556784,99.62594180994493,76.4132515611062,81.35436503685186,64.95244081899351,84.13325636429025,87.48135727575568
63.469754069688136,65.30873812696538,60.29350097224753,73.57413739212615,64.96647730169022,121,150,0.8066666666666666,1822.1765382525532,47,66.45258696077907,4,10.442600218094828,63.33074268192106,45.1339826156399,42.01461709233727,45.12514299458856,67.79201924153469,65.24265868348884
65.81999919309364,71.44424330088815,68.73342354604318,63.83334181056926,56.84676044768669,67,99,0.6767676767676768,1737.0734634442313,23,56.493243328536344,9,7.852977208902282,67.06564014878732,61.83552000617176,35.458716541840815,48.892044426238,56.63356187017333,64.2066350652924
73.03373954885261,65.92813504183086,47.29742794102842,64.63055718770116,75.52551678179017,65,93,0.6989247311827957,1934.0615427601408,18,74.00505242792019,7,13.251161619793715,62.35371415376175,57.98958670392018,46.085317404947,35.544151855888835,57.54826853618098,64.28204291287196
24.71268016116646,37.51456429311267,44.07859557353093,23.4840556429877,35.618911431339185,20,46,0.43478260869565216,3587.192526563459,30,27.576011592791257,2,5.028584753584537,38.402887357843696,26.238901867665138,13.088098465547006,26.050379217438717,43.672542273329476,31.793918521630417
65.92438236614848,58.5491005404967,58.04877319053651,52.799324262174835,58.52624225624601,102,129,0.7906976744186046,1366.9496592285134,25,57.60959153506969,3,8.443713904045342,76.60647442850345,67.48196981340833,53.16396968060655,47.775567940056106,59.549266460415396,58.88507433920604
72.26147299259418,70.00065342288607,53.50328468225176,70.52878634765591,59.487535132275035,118,180,0.6555555555555556,1245.8026829875762,38,74.60676032434685,12,14.777627884638743,71.16644966452253,51.490320239839896,38.916797364587026,37.186139934764626,58.197988784286245,70.72990582262857
51.25819266867634,50.04271756058926,48.52415820818577,54.492327366282574,79.2546931076568,124,155,0.8,1643.2637659959573,23,67.80999098679692,8,6.483853782174776,75.90100887829715,68.73738579347904,59.918344257359536,39.38102831242287,64.97531592786531,54.46899325998944
34.33063000890404,27.856846908029798,43.280416345390925,24.82886096610183,53.846967318434366,6,17,0.35294117647058826,2472.2189868137093,8,42.07730511396272,2,3.9421542589052416,51.37477044776861,39.90221412607495,14.863493740542609,15.276290136853442,25.39551019627673,33.32477564062787
39.0573276999005,38.07656352555062,38.649843751799835,31.59617876415043,36.50583398388005,12,26,0.46153846153846156,2857.4171235112826,19,54.88312265780637,3,4.7628386115329455,35.763627036439786,25.90070215597828,10.187634694360138,5.786443795193007,29.029451369681297,37.19138353709361
58.01556517270846,52.266529309907774,65.4432079639169,54.87882651419302,70.9959941402443,121,160,0.75625,1887.4440228202202,48,57.61983145825509,10,6.080681714904096,60.981321971326146,65.88184475030455,47.23861230390185,44.071828330225166,59.305525563212015,58.585875759127994
90.87283170668618,91.77368947217,74.68969049530605,92.78024380221919,82.89140502713391,355,421,0.8432304038004751,546.1270638374818,19,80.29734216770619,13,30.90030559066398,82.77937983773249,88.68243893899643,66.19784669783334,83.71300818784788,87.77900218819416,93.30534789625784
91.4096248124295,70.09301615960082,66.39624563657205,75.0868813556818,91.61575250007711,231,255,0.9058823529411765,1158.0922422820518,23,85.99117277382281,53,13.847747931098214,95.80332773786924,80.56896942720596,85.01287811496209,66.3449410638998,80.56196876403526,80.43715325616452
82.53873773434803,92.36191149373461,68.6788414993402,83.66927399466248,87.14109680843094,170,211,0.8056872037914692,313.3705102567534,6,82.66746027668094,26,16.814401769081393,84.81756127410965,73.24747011342026,82.8859050819135,61.72935476263543,78.28020755821304,84.07030761474087
16.930717174610315,20.619860457498355,34.073849350318625,23.382066304218966,58.33001201631518,40,108,0.37037037037037035,3470.5589324654247,15,54.584893318247666,1,2.6123775152128084,54.96746398885578,15.252816785487926,29.483664670300854,22.906581544830292,38.23826781156836,28.915640173454108
62.031622597208475,66.87112871460565,52.27247737634592,64.86245914374396,77.09643158999899,72,91,0.7912087912087912,1331.3576233378926,9,75.83772184395505,8,12.837223574338923,71.17038671048135,66.60239810251525,52.593837704037725,30.572751497278983,57.35974714848093,60.74567413930537
77.65251186587182,62.412366244355326,59.620310134289525,69.6377946224761,79.42398017029974,106,150,0.7066666666666667,2389.3808258009058,20,56.517068306291854,4,9.383038804020906,74.08328134601989,52.359508971948514,42.56305231284666,40.611912546223735,57.85364037876515,67.09446366138259
20.325205976031505,22.85601892110699,20.22163803012331,33.092345907441945,40.64401709288667,23,50,0.46,2126.950001780354,19,52.13878019903613,1,5.959854013826135,39.78591356419946,16.15546187626897,30.56592882760366,15.529281375090216,32.42818344563742,31.919698138183804
78.7989789889243,93.95727435463579,77.69226568389449,80.57511598937258,88.47657487551744,270,323,0.8359133126934984,647.7990158377356,34,93.46822492549704,57,32.06070416697459,80.95166385092224,79.63676086749338,68.95601854538157,77.38385626829674,72.64311401077838,82.93861669363534
89.03767701615112,88.61991752980303,73.17872002200602,83.27098203050703,82.19394968006506,412,488,0.8442622950819673,463.2945129260643,12,79.24545797935176,58,25.04818105146478,85.13125567402727,94.0731718809395,77.08864116799812,80.14981374437895,83.75566355390654,85.38847616551465
72.16410269900375,48.458737796508004,72.82928116525785,70.52855228743026,60.61910361938391,87,111,0.7837837837837838,1836.4356011749046,24,74.24434657341962,11,14.155919855148696,68.22489436719923,62.635854627363784,51.89363137910458,50.16406580326008,57.412737503553274,69.06775945833341
60.861553650839596,64.22508879884244,71.24313997684789,66.5117365592196,75.97554895835515,143,183,0.7814207650273224,2341.0184917596816,41,58.53023681398443,7,8.588258141455348,66.71126742720939,62.33056453575734,49.72863301814611,37.642298642302414,53.30531141295691,66.8380988974605
43.60552718077078,45.8184916611863,26.085297730434682,49.74551842516276,58.2094938021918,25,59,0.423728813559322,2538.2804529088753,27,51.36869222399796,0,2.5217054210196137,38.36019457941001,20.68610794173759,15.764893528962567,11.606570885786397,27.214959077685165,38.093977049925655
69.34286057516476,45.643662368611295,49.52314520433303,67.74703616521676,72.79625557190765,85,124,0.6854838709677419,2072.6765410033026,26,72.79741836064213,10,9.295824236321526,66.55075233327862,57.167925517029595,45.10812904204345,50.66332793247119,56.17618880524427,61.652501858473464
69.79322524692019,67.34252079155715,66.8337446607869,60.23896832291888,70.79224468066407,158,230,0.6869565217391305,1076.55459341272,20,76.78670116424404,14,5.223288305533833,79.55329311144641,60.89742792926528,47.38422976585948,45.06586216881221,66.95625151157844,77.64378050413967
28.447082603624256,11.474875189636782,25.747080174393965,47.99408860282445,34.4868832899781,33,66,0.5,2939.4866202182234,19,37.136470366987076,0,1.3931156606723696,36.12539674089654,23.17270640420624,22.876596551241974,28.547381801949427,20.450855393203234,28.311372674944376
59.54462264860267,45.60694385115337,66.65265009677974,72.01707617627937,69.21320794220085,70,90,0.7777777777777778,1557.7037029423923,2,65.10227797489134,8,14.158660464112714,83.46590791003763,47.67881156347914,38.45977195518346,38.95137280580995,60.53087204751486,60.90139756302352
41.669957515248484,13.093399271611126,30.79870400202335,23.988878884856454,38.38063664801922,36,70,0.5142857142857142,3014.3027276853763,23,34.86583877327574,3,3.0720641539432636,57.645938135622515,39.22344753215598,11.555908194845069,28.071201728705184,22.31751893861289,29.228544978096853
93.70318938754261,94.82057895216818,92.77365648483705,93.18530086910681,89.21905920680997,172,191,0.900523560209424,952.583811587888,15,95.3319488680373,47,25.659096656360816,92.91022970957398,79.90890429918687,66.94597882776286,69.3408663023181,87.21918789897879,96.49950117760993
60.146294466477016,54.79673454501932,52.55974590449642,61.086642893919446,71.05745308423428,102,122,0.8360655737704918,1843.5204495698122,35,65.55738078296918,4,12.956088591769387,73.35619052692456,50.53675527847279,36.2759493520999,48.99804277542519,57.911758738120675,58.69964796360215
51.599304828382486,28.229903946156092,38.76618941700792,30.801576674171464,55.575800090864966,37,64,0.578125,3522.5933072569105,21,35.919464196931976,3,5.028107591260456,46.73393174030987,23.150521408527396,22.419960202396474,25.074718511421967,37.93261975526005,40.006008318861724
97.90829401779172,74.67999003187786,80.07642820166069,91.96835452861022,80.36722899238771,183,221,0.8280542986425339,610.9150363214419,25,81.51960643307382,28,22.746550921403255,84.80169403873288,92.3649468337743,78.56369655751615,84.46110980383924,90.25044445115658,87.26510528647249
88.94688069061021,87.6140472102393,80.77311010049677,89.36203475912045,90.46617106271523,378,470,0.8042553191489362,1100.8527546794796,4,78.99444764994982,52,12.640344179039484,84.93312893689556,81.49036879332316,80.7125975020892,73.93129583296027,88.56589974204226,88.13834080964413
25.265242725020723,24.632193912591106,27.35530772870137,36.30071061415417,51.23304907873869,41,118,0.3474576271186441,2446.589972977138,40,43.50864232854416,3,3.679338413748668,38.52427853188578,18.49749128243704,12.180539818760295,28.834645881784684,43.24466087047565,29.010458106035674
63.16467687411243,65.3253160272371,61.962463029633625,73.0524975031567,55.99303004629422,62,87,0.7126436781609196,2112.8097250454603,25,57.851616724447204,14,8.69375941294398,83.12610678007552,45.584443042301764,51.32310462360445,54.26362000663721,54.395967995250466,65.6263413002782
83.66793824798533,92.77352804999725,92.15896997031547,84.8591394331172,85.94280710568088,247,300,0.8233333333333334,605.39055209014,17,81.84595638407045,26,19.23646490550957,93.48035069767934,91.10787160380956,87.89518958376681,77.94831727350254,77.09019808542841,84.47432946081938
71.36454313883868,50.05707433176338,63.944207013982506,52.14160485117432,78.67168493739912,88,117,0.7521367521367521,1483.7406940289184,16,76.7580504467981,6,13.651691581432587,70.75506741169924,59.53232438764121,53.936903981495874,36.65129806098362,72.25785520801628,62.99855981912234
82.49628567089772,85.34686241102618,77.99740246914966,94.68702814805808,82.69245156801618,426,453,0.9403973509933775,653.2442007660163,45,97.41809659302587,47,18.708239310313974,93.89963772253085,91.50305992973011,84.49627472233374,60.99047063370893,82.01267368144572,84.61645258076699
60.07466536352174,56.025775039216384,74.44163210354563,71.53820325745096,56.127299297784454,127,166,0.7650602409638554,1573.6656612978786,2,58.195229284532395,7,12.177278672546025,82.36550672670168,68.41930174217714,50.449968212424736,31.319364564982045,68.52156574904433,63.37054935848653
64.36975978765716,47.167982065925216,64.08147249591538,69.48384256316245,59.01257023514006,126,177,0.711864406779661,1644.002145107498,18,71.67790946147723,2,5.616914510697112,69.62262421655966,55.245619444617624,42.99351516316216,36.44866593945626,58.46940862523826,61.49618411246375
81.27806562169525,82.39359753658958,66.3312999059971,92.04387066694015,80.63760263153381,189,233,0.8111587982832618,961.6913890711074,1,84.39442390062607,24,12.116889215814597,93.91428585699501,71.21958954182932,78.31506298501905,84.05304931480124,72.73672150136134,80.02597177771274
82.73508617151624,78.54371282647591,73.54739757657308,84.56567335022086,83.25146056294368,317,377,0.8408488063660478,326.81145362935996,0,79.73540814763179,13,22.706200366113087,98.86391699386901,93.29328561884562,70.1717968855572,68.95547603107681,73.73498471134431,75.26585964245282
64.31804608453382,63.56839488416452,54.078168627261114,74.16744041985802,62.04627396298724,112,172,0.6511627906976745,1075.0872606161356,43,67.33558598158044,12,8.417430348796387,68.23564216656618,62.180204653292186,56.252595695572595,38.05438763350504,58.12534555056252,67.9732859425782
85.569948482627,82.97316654974063,67.16639556005563,88.68870722138615,89.05796746745543,175,200,0.875,434.4434726037889,0,87.3400889930493,14,32.065074957160746,92.26232478138483,73.93009708892386,89.05845143703017,72.95913658338301,71.82246129679137,82.77306284333977
64.24908147785564,48.672599981890684,54.05153615565707,57.69484618457288,55.10214137411782,155,193,0.8031088082901554,1544.5670694935839,5,63.34586808762422,4,13.957011019115182,68.11126634115848,54.4810279940517,54.57241921680836,48.97391628028995,69.95713191621226,60.715765011719746
71.47050262579481,46.02589456712499,69.82106734098565,69.36202396135918,71.73225595382965,107,142,0.7535211267605634,1461.095276077608,33,56.54613440395575,11,10.814211446526173,78.23303518709734,50.917652246892416,41.60185093239376,35.63339957695366,67.19948944113894,61.29119574902693
91.11744935111346,88.89343220071353,93.27808101454241,91.64382304615116,91.22102696648686,393,429,0.916083916083916,891.5869426406452,10,79.05005362270865,17,30.547264842671208,90.20494199606291,94.43562604223554,72.04198386186313,72.01675280762692,81.1998863667217,89.93500061701499
54.01037161868503,45.695580353790795,69.75655069208825,71.02355061229564,73.65902270658674,123,162,0.7592592592592593,1573.705875682627,30,65.36490966032127,12,14.136400867900555,65.85393326859689,59.440272614343755,44.02453822584648,46.57677779785564,64.11407852943688,62.14034060675608
70.49875435503537,67.18032998865914,64.79235055219897,55.710907399946876,65.57590447705462,152,182,0.8351648351648352,2387.9955135222767,8,68.50961120289361,2,13.720297348428668,65.62600997610498,56.91988059750958,38.31455450452948,39.87690813470481,54.42838636982506,66.89774609957374
67.68303347279449,52.27193628755667,53.32858498858165,72.45596495500368,66.67807731732849,60,95,0.631578947368421,1091.4034624727121,20,55.57583573346121,5,10.860059530346195,82.9385270399159,51.37778467916096,48.825921336464035,34.39431275118652,65.77842240519496,59.298517963104366
28.194472986130705,35.187213904459746,22.854284862725347,38.660032247453884,36.352682805007106,40,91,0.43956043956043955,2351.952058282736,11,47.902506147640736,1,4.313492687697145,40.973210668903334,31.421127091843893,25.70427864881368,21.28135464774345,42.200995908124106,30.45416247176341
32.51064497881683,20.073483421716478,28.664121086609057,49.43523270081454,56.665586660105234,37,83,0.4457831325301205,2287.7337470320344,26,54.66612348939074,0,5.787148593071773,43.40466179539854,14.75953156082636,32.410272286052106,27.265065449227826,26.570747127747506,38.4856540695476
77.23943855719808,88.3656719170599,75.36738757612439,75.13964523760696,87.26265744248599,333,404,0.8242574257425742,603.5975479611889,23,76.57891932140106,17,19.07984045060074,84.82330428615523,75.83918402671527,66.70466549413656,64.67810676026254,83.88873924714049,79.62519310469523
46.66217295465964,12.426511822109966,28.678040240920545,46.67948729747161,37.09977085333861,23,42,0.5476190476190477,2767.765430587559,5,37.51177520714181,0,2.138969222275712,44.69131723235206,17.24930226886043,22.22967255937461,9.74197514458206,36.629776780011255,32.791066676079126
83.55998487067863,87.20334875035891,69.23670630119449,86.41754833678952,83.33486639689983,371,452,0.8207964601769911,741.6885060411244,53,93.99135188589534,31,25.888572598426393,91.53228014259436,83.96914861560994,74.27923790048828,79.64107758822819,76.31996110039432,81.37814089287697
60.27809862086097,61.35717524182856,60.49098955645611,52.36927228980049,63.039706605601225,107,144,0.7430555555555556,942.4273924364696,34,58.98368350747798,8,12.268186409522366,79.83282115999754,61.77455853173796,51.74583347040722,46.6840449372952,62.8510697419551,59.8822673199392
78.14182078397697,86.9426337724092,87.15792374396992,81.312546875267,91.60698687240165,298,353,0.8441926345609065,721.3387271709273,0,95.47494506063201,52,20.459077718391516,81.161839041607,72.7878053080319,77.8965475678082,66.68981691819928,90.88700564355486,85.44554590598496
19.400925209461832,46.37196304998427,28.1111157635146,28.33503637625052,49.36506665515597,35,99,0.35353535353535354,2098.461359325764,33,52.41281572696242,1,5.90884058798364,31.771305036054073,39.596719149631966,34.19266536761985,12.314987853640575,44.94810629677032,33.60481904022368
90.45351635963657,93.70207334308913,80.0648603229096,94.3167755011666,96.94942733732063,387,433,0.8937644341801386,799.418850442868,17,80.01180280575386,26,17.92836995944652,84.528592101753,82.0178514121089,77.47127559360686,65.37713071962732,76.7965181681479,87.35248576829912
95.98978494860198,92.7186619509169,80.05461126621533,83.75292605315204,86.11446713263257,290,307,0.9446254071661238,471.9559254117224,26,83.19374757588695,23,18.938231557516424,87.68038147929916,91.359987833142,83.72497543512392,66.80788492952706,72.93754600530933,89.1228153404673
95.80592082159599,78.85733734136537,76.31335953603333,93.12782964724319,89.54208017063567,277,312,0.8878205128205128,490.1366252443768,31,79.00623632556439,15,19.14382234209258,89.2193918442508,86.85003427674634,78.53765705306219,81.08569489272622,89.0435676617379,87.71121485790735
68.67306758436959,65.10960197492345,72.03393717858515,50.39864216133277,76.32601655291275,138,217,0.6359447004608295,2115.498761363753,16,60.22795536648605,13,14.877158687446709,79.07966094907017,59.3442326394841,53.915242243449796,36.8309104865987,57.090075681490816,64.2840242683487
63.496417000984515,55.56843242117397,59.727752819589924,54.75880570900784,63.71056619472733,140,218,0.6422018348623854,1200.9655244357937,7,72.23454988128051,6,7.63483377142903,64.99650743185497,45.34983525426156,53.30919750368289,47.33564505248991,69.80877410887327,60.511674759804706
69.27592946498615,56.911418995811836,48.11972851643583,65.16649668800558,75.05352001291817,80,100,0.8,1158.1390108956653,30,55.64499360381969,14,11.047156081539724,71.9836442840835,59.224875360057275,50.044242259295274,54.19565587108951,55.57433268668948,62.00901797687202
95.27715971719394,85.19699468380054,90.01375852756482,87.85155220647268,81.41404095662709,224,261,0.8582375478927203,619.432194789309,21,91.16072473473926,38,21.736708315523543,81.69130756194475,85.17117388850347,87.02432514099144,82.07287041296806,86.47613525330581,90.65354332517829
93.92063424581607,77.05533491496956,70.5562253493168,88.62626370695769,89.60110804712248,359,415,0.8650602409638555,1195.6434691801092,52,84.43619018162948,45,20.400616637153554,87.8557129265741,87.3910188361352,88.44717440237208,73.55897376230803,89.2099982237195,81.70470154127098
54.950446660993805,48.072010493880036,67.1194582143929,61.261024885648325,63.08824785445347,86,119,0.7226890756302521,1258.0720259025952,26,68.00797948806294,9,11.860731554227195,71.00015796498381,54.48246981680469,54.291623456817554,42.94767901600715,67.60965196293441,60.18060826168361
53.95850913866955,66.69693452864136,61.89335263210059,67.77817518616423,65.44805514072303,80,121,0.6611570247933884,1111.6183822790615,16,55.1996206417662,7,8.307582872004433,78.19058461998031,60.60109326042188,40.97544116766272,45.06906630430428,66.18443988898728,63.90975134822527
91.40403711677342,74.26479901794413,93.66553119251722,88.35554452891523,81.06808815451502,283,347,0.8155619596541787,819.3376757910225,1,93.88092158362417,45,24.516189547319918,83.08723539791801,76.27466213807953,83.46209930465264,80.15205413487318,76.98163195102474,86.16782616526963
94.75999827427836,75.93724596865005,71.60329490057491,79.02345934227802,96.60498013344505,202,244,0.8278688524590164,967.6494423557937,15,86.60075619887164,48,30.96766850224254,85.52237264886917,93.25916644753823,74.11599977534458,81.44150992605641,76.65583736294504,84.99066316186192
94.43034436732736,72.06973200180515,86.20868955480267,88.08692919305716,95.70535913292852,231,282,0.8191489361702128,824.7951815519082,33,83.55700205968077,27,15.022484805671175,85.24970015801182,84.53038693723458,82.95419868901284,63.110547171297334,84.98993150110135,88.69771954005923
75.70801135146573,89.45830526145332,87.76382428112939,94.0622217056386,80.97441935124178,261,315,0.8285714285714286,602.2079251525525,17,87.9410447524401,46,30.848912130331637,96.50603124685429,71.66026050931832,69.27150498466162,67.77801701899118,78.01748212603307,88.32450668526312
48.1874519017858,29.745595640060362,48.28804922222497,30.5975898253972,59.00684119169972,31,73,0.4246575342465753,2436.677879974244,27,53.182433867324605,0,3.9031567558452225,42.047627564079626,29.08164884236493,28.33083494752361,5.572512813961648,22.516158431290282,41.45249340032356
47.23627051335988,32.72484313571442,45.46009533003158,34.078037734617574,45.01953120485483,14,41,0.34146341463414637,2295.040761097921,10,33.62843050065288,1,1.7368909589019679,30.209885564294602,35.5296356652604,19.10813558415383,12.874148490995822,42.42047144238669,40.88908889399034
86.96386652721083,81.09724347302648,91.29996133587349,83.35012168055785,88.31497131036058,183,192,0.953125,1087.2315054157793,12,83.83116946815369,41,30.372014422794305,99.95868221066675,78.76779538629276,84.17970722327817,70.04827284023105,81.99689050759773,87.61966395904318
90.51194879877772,80.51975295661845,78.36433049250037,92.4734545435953,88.31301982209095,405,436,0.9288990825688074,761.8273513619494,5,84.76111473321632,24,29.54100885139124,88.5488384171312,85.66609208279397,83.18983358261858,76.98291663283884,81.76251797724206,86.70731779311454
53.31307404408787,68.42319704661568,55.91358154797172,68.40135036206973,67.82447104785855,127,182,0.6978021978021978,1764.4208899255414,8,67.30745594001388,5,7.656784655028373,83.39499578823228,56.447979179990526,38.18978098218443,40.81762286566375,53.176331255950096,65.40518009878475
85.54144267551423,79.1317040710683,67.8132957877105,84.72260970429848,96.57331370616744,258,319,0.8087774294670846,848.9474027364465,25,93.07369084577257,22,22.76558824738867,89.32598825879637,89.01439106138206,68.86230510012315,72.18163385250126,80.74963035302649,84.97356116919053
36.790472294518004,27.93635064776017,42.518821336693364,49.61295875538042,33.586020254363675,27,60,0.45,2754.734622144413,23,25.904425465492068,2,3.9282316354523195,30.092941097345495,17.95535101867572,22.49210638291203,27.78203343564043,23.544514848154993,34.82509724912351
55.92174082103381,61.64075258541824,48.775160715410074,61.18050713005911,69.24759241617106,57,73,0.7808219178082192,1859.2026592381558,23,70.07249964180102,6,10.928520048922216,72.28169071225003,52.587105213789016,48.976532194131295,46.73746441376736,50.667328964671356,58.063761584725725
68.87264250484571,48.132673384767244,58.62186014170142,62.31901059997725,64.5334244228792,99,143,0.6923076923076923,1978.794840770482,17,66.48311051692126,2,11.817968112843865,71.2370491296357,51.04178064931503,35.03545550334788,43.99910367864608,64.76638066521602,59.108453671522895
72.20709890079019,62.876509130070296,60.417635787043224,50.85858460883046,71.33078172017113,59,79,0.7468354430379747,2007.3252002044799,11,71.26177942477824,4,12.67506695395364,61.78131713303412,68.05301089903045,36.27435089479153,41.98313194428789,68.07586077126989,60.39775074401274
38.34618806106817,24.22131405402667,30.144785540934826,37.56511080740231,47.03007707125268,40,93,0.43010752688172044,2695.011661311267,10,33.01307798227062,2,5.3946818932575145,54.07909796438588,28.990900609869723,24.30574956584826,22.373660784245782,24.031720445602282,33.95483508497697
63.72312134582075,47.59762074538051,62.77336322371243,68.96909376754694,59.76793132511863,52,73,0.7123287671232876,2240.681140514997,4,73.46881641094451,12,7.631925041800893,68.45269978149257,47.683849366152494,52.43049152021474,35.18496794572842,73.15364368176463,58.436245481454236
54.78534811843966,57.982526073329986,55.688901466555706,59.79079889884542,75.09401737201199,90,123,0.7317073170731707,1118.3516379787518,4,75.56325609214933,9,14.94253319086536,64.20476961070636,48.596066848696466,47.58444882360598,45.96609400086385,54.27650231333379,60.17657577055853
96.8713576735586,85.00518723699633,75.71363477901508,90.75098171717559,84.51802489872141,330,370,0.8918918918918919,890.9679663370885,49,95.75143727963147,35,33.11949899353505,82.03607365899074,82.64894769337329,70.52131957407522,60.97324908314169,70.90047045728566,89.64332329445577
52.53035295834939,68.30621736656465,61.8970520662554,66.72738612138143,63.18879412101905,114,147,0.7755102040816326,2368.949996126108,29,77.90976906332175,3,6.8164101406746544,70.76892120902471,63.95438805960036,52.1433275388125,32.746636945484255,74.22867952395612,64.02114338180382
81.30004202448778,75.19669734088554,71.95578841648545,90.958863785066,90.13627869005684,152,172,0.8837209302325582,667.096434165323,21,79.16747256779121,43,22.5681159241538,99.83557756669387,75.67214787007362,72.77075252568737,84.60601792004123,90.79395352005618,85.58135793378025
52.391732620242706,67.07878094005704,45.17568893695257,61.44153970823296,70.81429951988335,87,131,0.6641221374045801,1010.6235732687624,28,62.4507109029833,13,14.150267805923955,71.28328033148712,67.46158371196384,42.47702713136419,39.68406459553378,73.67797970617701,58.713539311708814
92.94489091631957,84.66121594744047,72.83487297532581,88.89906238686095,90.21303699480933,436,474,0.919831223628692,761.8575740538323,44,86.22808653214872,32,19.29802598067119,98.23919168399266,71.523218043018,82.35043535264356,64.5687791496859,77.976126858306,88.74511444923486
94.36440551302283,85.16897239475804,66.84670032799998,88.1083139360571,80.14877536302545,423,523,0.8087954110898662,337.69235445489795,54,81.72616150555886,49,33.1645306797083,80.98317047242855,84.3374896233804,86.34074821319892,66.04819320298091,91.90730871309844,85.44579553451952
42.252472465041656,17.025789432363105,29.07507847006702,34.90565474924022,47.66690344544171,11,19,0.5789473684210527,2957.385757795716,16,29.735242326187617,3,3.1933015277844254,37.04184064442838,31.568796723359053,32.7261282437849,24.24909297376974,23.36107061142018,34.07236044607311
29.11657365631283,30.134292748336083,22.923209894612437,37.1523941914558,30.460451242878644,16,47,0.3404255319148936,2897.804583009536,23,38.996482257225324,1,2.5534046196979316,35.778406694188085,22.082894554406487,27.06892055754028,6.399433857810056,34.40054579070784,31.141464809791767
42.165757026625386,19.883582156983707,37.45259865802494,46.998065894419156,57.924209035428056,22,64,0.34375,3391.5406100396085,31,54.69285853576204,3,1.62040340488428,31.055672536204792,18.92388332326236,33.50708367705596,28.96533628334168,42.750541536135735,37.12364525270552
45.38055480640645,12.64112760163611,27.31577186882312,42.93747787175792,49.251063627601,38,104,0.36538461538461536,3075.489872544402,41,50.4933870828289,1,4.554681059759746,50.713823263745525,19.374733998605812,28.395494226160654,18.761363835783186,35.66337467921562,33.60476461957322
71.73126475557802,57.94955287781883,54.96683292198851,60.283067420581744,70.07111866965877,104,161,0.6459627329192547,2033.416997736258,9,58.74547123141918,11,13.876580637605281,75.94948443483041,66.29598692157006,44.024286399656795,33.64130227660891,58.30842950550806,65.83555565306884
71.6660782541854,56.87106434502095,73.34270717556275,70.68374908602905,79.62004619709363,78,107,0.7289719626168224,1972.4220827051918,30,57.97910091534699,11,11.002068575926714,72.67330258489962,62.33217181393222,46.10119607094984,43.096491560207156,59.95880762008141,62.75132424188337
96.70950690489741,94.55054152525435,91.01596800665011,87.72807194892023,94.4170873042832,327,380,0.8605263157894737,415.65031791051916,42,96.65369060186008,12,30.869817406739166,93.02969543715577,75.16710899691863,71.84902818302834,65.36472799270935,79.4314770806994,94.22676797249194
56.146605800336886,69.50031848059386,67.01396270732283,54.83268196959859,61.918689109338146,90,142,0.6338028169014085,1868.470188388099,10,67.00616081633348,4,7.614353763535026,83.36931626994763,55.264572040717376,42.14299018085512,38.42173542114662,58.718058720007136,58.27307193366842
91.47548289994864,87.4040210154166,79.30975746134524,87.84556327014229,80.69050798618355,365,444,0.8220720720720721,569.1114116484115,29,83.22280655382644,34,12.723256966355793,94.52993492674845,90.89457677136502,75.3790896651026,79.12197075221172,74.36527292455655,88.44891689927125
70.45035045726276,56.110864666729775,51.39661047210002,50.94903402407282,67.2133904992973,108,140,0.7714285714285715,1006.5414870019216,44,64.76775864486186,5,7.617900011027075,63.14944652047921,50.603304491501966,37.653616320534795,53.84764998568214,56.96406783624339,61.93337425828069
94.75655258381107,72.30810494086205,90.94984928623329,81.41239813100454,83.20996722370789,233,264,0.8825757575757576,526.0728041440204,29,78.10450517964777,20,24.87350102635121,87.18001536158528,90.20894556245185,74.70146185652392,79.89912724001519,77.64390318780937,86.45874904240877
23.624871299735247,13.711110259110626,26.89119759623761,41.09927080527582,47.25872384224242,26,66,0.3939393939393939,2261.8804022338245,34,48.03603050783522,3,3.108282634107941,47.72860409161153,13.200465823549283,14.470729304818969,5.8971932205661055,31.882382729326665,30.94767187253242
50.52157527868299,64.98592479384845,62.63154850201255,65.56070380174144,61.375043950672996,76,104,0.7307692307692307,1598.0088400980765,3,62.74617266435129,10,6.036691354822368,60.06821861282539,52.850009390303164,38.68534416211068,35.49963737845278,50.28097456663442,58.94107808957049
84.41730256542812,92.78416321780323,73.93939383986809,75.23742693338718,85.4118015300934,316,355,0.8901408450704226,781.3854801828797,6,95.98715624729847,12,27.29040100894295,86.78261630969405,71.76262388920644,79.50096219752307,77.99236428652094,72.35600876193118,82.37176387952834
63.45111846966496,74.22899186563895,55.33100664954762,66.20547339934814,64.81260793239527,104,153,0.6797385620915033,1388.7533922674984,37,75.70864851399477,6,11.254968371167042,69.80337072756939,69.73870298237193,46.97082039579204,35.708004344923566,59.54644063054582,68.5978737711689
56.97255893898958,73.17592298477285,69.27737510260448,70.51563982667986,59.87984535689814,115,156,0.7371794871794872,955.9779953625966,2,72.80638130942947,12,12.291032835948762,66.29770663418554,54.88231244876679,59.579057247785215,36.12029328210339,59.40926568245669,64.69559372497129
97.98651569272533,71.25351301037446,94.31522552663952,83.13815921445742,95.67356210607066,222,237,0.9367088607594937,559.8170359775743,10,95.205857909931,47,19.52176271595449,93.3518677112717,90.19614854853147,84.0571283694154,79.94534122146587,80.88958287032332,87.94472953798221
42.84306696799612,42.48889013482802,27.168917018261503,36.66618640371651,54.86864128476232,19,47,0.40425531914893614,1995.59770664183,7,31.9846976163334,1,3.9806700893670213,37.47443417129825,15.063325542155876,23.98663428630953,25.90860412804334,30.55447838094203,41.57284532515046
59.269502998523066,55.678214261992544,46.25658091365306,56.97544209413416,62.37140781750589,159,196,0.8112244897959183,1604.4733849974357,57,63.756975377248935,3,7.354468255516644,83.28449298177384,65.5388925114498,50.95689048550362,33.419583598012984,53.62272101015432,58.516089782081586
62.87363121123129,53.977584168267896,63.880053445561714,67.30287491465772,64.96175612147138,79,97,0.8144329896907216,2168.398337840493,32,66.60614753228762,14,6.837093854493919,65.72315728110442,51.83334899340453,35.95728465492551,34.43088185350731,66.26249961284852,60.775959850492264
50.60593931928837,62.82038102724252,70.89401887569484,64.6110366035159,60.33087163613827,144,175,0.8228571428571428,1521.0833868582204,58,58.968229115803496,9,9.08283513223197,74.56796755332556,62.65006023917978,55.24862522882257,45.26343568266831,52.772015214962124,63.173472927862385
33.24606043249567,29.81223386529171,44.136002791336765,27.990755467665412,32.08116959818401,34,84,0.40476190476190477,3119.359448693649,9,36.85740882839955,0,4.907904402641746,43.19850064386518,22.167430086466336,33.009239923479456,29.799145608840686,41.402767033358,31.603253266123975
54.74218140462261,55.803313374358325,50.525510374627835,61.086540915931934,65.2936860954155,80,119,0.6722689075630253,1350.5397325849513,2,73.11266661211491,11,10.234983842885423,63.05783710209363,52.33308691091691,41.4656348121618,50.97330183906665,54.83793138515494,57.03290199440695
91.62404581429499,76.02787358458289,86.16688134949074,81.15405626779688,84.35914370625447,432,485,0.8907216494845361,859.1975617401365,27,80.39348798650416,45,33.11034031115172,82.16057914983159,75.81591595966937,83.75651985218289,66.86266683767695,85.61659935709292,84.4976298584826
67.01991623101816,74.0985614345156,74.62661486584696,66.05899559291944,77.17469394679974,53,72,0.7361111111111112,1299.1441386143224,9,58.110413636380585,8,14.270794050436361,72.18690361633604,59.16882287782006,41.42999825849682,42.84000946592798,68.70299017338081,69.10400070971225
64.73384294827245,55.657285830310656,62.883941643847855,74.45392189092055,79.93756258702993,59,75,0.7866666666666666,2372.23299549258,13,63.20482054658302,2,12.077603058254038,71.22328613583778,45.302881752740056,48.01208535976371,54.59820504254044,63.076522724326296,64.70715988684371
24.648950423070037,44.55819694345664,31.09363842563976,43.96976265600037,30.94996838887909,36,81,0.4444444444444444,3118.0635229411223,21,30.216025481620484,0,4.856651826800684,53.3133367904405,27.998268850659638,22.67521072403223,18.76479275621087,38.25838141936792,35.90202099243358
17.206188286550145,22.163043755609944,28.490266940384764,32.486452980133635,43.88931608748155,13,31,0.41935483870967744,2202.4213178579903,20,38.20230193944318,0,2.841829703221549,34.33209838296056,36.483781059846194,30.61145990498342,6.51316755898778,35.41262995272534,25.410253653720797
56.24551073177333,58.51941092753444,65.931765570508,55.49380609481472,79.40643599293553,96,140,0.6857142857142857,1754.6972910199283,13,75.3524865929085,7,6.954580042955927,83.33091728099608,52.89599409493512,52.30465720950293,50.474407950415,68.52286153092952,61.90951689210198
20.216807537851647,24.598656817193714,37.17369997039643,49.994254435212945,33.8094486995439,17,27,0.6296296296296297,3280.0138298386655,26,29.323486073020355,2,1.0168125358044628,36.77961264299633,33.69400345221686,12.682029964143679,12.402959370607451,35.75014758743577,32.26615358574705
72.88569705471811,52.04718783393716,65.30299623718922,60.76683928706138,57.867031059466754,136,172,0.7906976744186046,2257.469750679546,40,63.241427357555814,6,8.761817904859518,78.58195647292985,56.407214963800016,35.71525358998088,52.99691819188102,60.76875854914407,64.17150614145554
77.18715389734678,71.40950534935583,86.76434102046461,76.62119127755206,92.89615366805822,374,458,0.8165938864628821,1031.8349895274328,55,88.78338290994262,16,14.515185771518013,87.94582585891811,78.42119253617882,79.2370597034148,81.52783800153564,71.95845544405017,81.29387691997671
25.76632720183567,15.546432329678083,29.874208974942754,31.10449791641811,52.44848450277101,5,10,0.5,2141.0947051916655,10,35.68303147073779,2,3.378748468651974,40.07554207384074,18.483421506327986,26.98388648781954,28.98260311113063,36.269532130197646,28.521532885126515
32.86109845186368,10.803310159854629,42.971678106406046,25.90744631556993,55.998337718567115,36,82,0.43902439024390244,2918.8918756567477,23,30.43035739381637,3,4.189218329570729,40.927581941910134,33.5519439444767,25.710842941884273,19.75970522856356,42.936515536672175,28.85039528453611
32.60434827183947,21.39484201047004,44.95605844471485,46.449312655428045,42.99751271318024,28,77,0.36363636363636365,2910.3801511552483,6,45.73969481702791,0,1.1814732848644973,44.65196576147136,29.823446205739312,30.90145976045087,18.528913123345635,44.794496156192636,32.13589334710776
94.2883013125553,87.02416953339076,71.8527755692526,80.48023560771095,85.66714079735723,343,378,0.9074074074074074,488.5673018812789,3,81.72499354849803,59,14.403047285341035,94.40535847894792,87.18207511032819,67.39385496658394,83.064310122645,84.21180505392049,88.16926034195502
77.1910146829564,86.95520438379138,74.36444170089341,82.98091892274222,95.44375257060871,410,457,0.8971553610503282,996.1258131179405,55,84.12317485590192,32,22.437159451823703,84.72100926692929,71.83741868325032,69.24394762718852,72.99434871390044,78.42507941078216,82.72879049853333
51.255710293880284,28.939211831406915,38.19110593853595,24.88572059264962,34.82871852997789,24,40,0.6,3120.0200098489972,15,44.25255046557916,2,5.161268053577814,37.63848050503591,15.758328635890726,13.632515817028946,10.002215272061155,27.481190895281365,34.30238626830254
17.51024600239553,13.773816354460159,27.35141843415218,48.58517568969506,32.561527485595654,12,19,0.631578947368421,2296.729155482068,5,45.32133184772224,3,4.540457702427251,50.58432672110948,20.267237112312493,17.787505665228068,15.71166361400964,42.61514012739418,26.466527663116572
91.70713175095526,84.2336039793769,78.52731342248313,93.20942556806546,85.36327012775511,255,311,0.819935691318328,1154.5685612918778,3,85.56497658276197,26,23.31867474082938,85.16488776597916,81.47839390595654,89.50081438213692,72.31545234982174,78.2187902571877,85.01790025223849
25.969464122645135,36.164297650454124,37.062894915353965,33.0257948951726,51.38908684939838,10,22,0.45454545454545453,2361.353912889997,11,37.684146464230594,2,5.423821970187121,39.30041979615993,34.3699565507019,18.40325891017141,25.528030960641974,21.43222908491008,33.588133237473585
50.083443661905264,52.596699225401686,53.36136311240837,52.33732529136077,61.992375333924414,99,146,0.678082191780822,2091.6015148379174,14,64.79811682657592,4,13.54816564569118,81.95144881979584,61.52592581642088,42.6197249918395,42.031282059289296,67.76276623827728,53.593894598468374
25.352915602752127,11.228405645975453,27.642188301432263,32.837209381491895,34.663333188155775,22,40,0.55,2224.632319958132,9,38.62338059068243,3,4.894550313527882,45.803962096174175,38.086679571545076,34.93303869307307,21.587114127724035,31.543201443763834,25.809320403118516
87.63450639927834,94.17458478839308,93.43590325997206,76.38609012037497,88.21544191482364,436,509,0.8565815324165029,376.8622358617864,59,90.58667544570706,24,30.265094919842266,89.89194105527517,92.36868927078253,71.69171092985744,70.26496743095666,92.46492276422426,89.71672948700318
75.25995834154752,90.47167091188109,74.19298468110115,75.80516006018465,90.59033997769676,395,457,0.8643326039387309,547.7152629333075,26,88.0196478683078,17,32.797595702374,87.49443941014752,83.74671406940513,66.26432759560572,70.65303094880576,90.80908849152488,81.08841006608482
47.84085081367186,20.9625595945521,29.936788682709498,26.539315398559317,37.614160112155155,14,34,0.4117647058823529,2441.757826114531,8,45.652736241868396,0,4.567419391306453,50.10949741056933,10.91947985349332,14.607990890967766,29.06561150592525,32.72239499412525,32.262539245737145
63.211504987656106,59.95794097191046,71.52312068844634,65.09820710963275,72.34192591129805,65,102,0.6372549019607843,1019.9140652750384,5,76.82993666107734,12,8.446382205462983,77.81653590784258,47.51665966298358,46.10968829030356,42.58251938979071,68.94160194962652,62.81515501391565
77.421800681069,54.11702630917405,52.95682486135864,53.23452327668853,67.77522089206532,52,67,0.7761194029850746,1081.7078607733522,2,74.0041925010164,6,11.94965268818639,67.70986479912865,66.92146457565428,54.543056649699,30.385379151913483,70.42151201352556,58.65448473406945
60.55568350412301,48.19854741389395,50.93037252707046,69.11565694210982,74.24709019942827,59,83,0.7108433734939759,2017.080659647687,3,74.95364219595115,10,9.358048325076483,80.96253348859703,59.08183895308867,44.43240370405789,34.493578789656205,62.383946055042635,58.6456837642957
74.93116609425545,72.4767190421011,53.33146917721718,54.697248756812854,61.53218400842095,91,122,0.7459016393442623,1160.0839212619946,14,62.52820334308282,9,12.218531605331123,84.83431970400437,48.28926779697316,36.23229997559511,47.35889722488177,70.80564458759764,65.02851156092903
22.11234136657996,47.26594698081075,40.85275157791675,40.60129393938159,38.58563913150799,10,20,0.5,2057.1009762157696,12,30.404239722573,1,1.3416013611610973,43.0532619807269,21.74374371884604,14.440230107634388,8.339938997400388,45.103601974731305,35.58581843628842
17.044653782557617,16.42706936885523,39.71425890024068,27.21530088925476,34.76903739721947,28,74,0.3783783783783784,2742.111564050182,24,34.580835916190466,2,3.566003022733776,39.52555387890148,22.88355977286961,28.475382242058743,20.649962658828763,40.94350654124913,26.954556860343764
82.98541985393088,90.64874097824678,83.75648375094315,93.75279559915805,92.23468601438302,267,288,0.9270833333333334,1164.6716724942198,19,93.12862138693424,36,17.92553597156117,88.99887348537719,87.32272277561918,83.32900945341999,84.8855378231364,77.18777998459397,87.74199865177329
96.35282062963508,95.90635563565544,88.8802220728185,90.0746814085601,83.87901365961592,437,463,0.9438444924406048,952.1384581628661,56,79.35019930052864,36,15.990409158165507,87.59503045838635,90.03614440557385,74.80233942261432,78.76924123027639,73.13715741997876,90.52814987708445
46.335400953666536,37.50498176034129,47.16287041175418,48.921063671948424,39.00152508251422,33,88,0.375,2281.7403785506494,32,54.788335606945346,0,3.853871081800196,46.64743036283865,32.648821144980715,13.637548617051081,20.351211019288314,33.14542632417364,41.24450521488418
74.40923883438145,69.02136177655454,67.60947846964741,71.19081745964283,70.49124203795787,154,198,0.7777777777777778,1848.516639587626,19,67.82046812587858,13,12.151354744582012,64.79813216619321,60.833851016483706,45.76326774342692,37.979179108266806,73.64955668718252,68.61313951257445
18.303822221119695,41.02497062738057,46.791983265858306,30.561173742015363,40.58867801178321,6,16,0.375,3072.7295235014053,10,37.98990062654553,1,1.0488882997907603,51.3115861508194,32.93896952122309,30.373710492460056,20.64106554511391,25.056466923630623,33.54279066002072
75.04503062082253,53.78717026450079,66.9339332689327,69.49789447763524,79.07894250640256,137,194,0.7061855670103093,1961.0174387865843,50,76.58349774522945,7,9.376523647244223,81.38668822790264,46.254221087467215,57.04906069579671,51.301745945713925,62.65915633904473,69.05634702803304
35.68626475657885,32.83479811942537,29.467483582274074,28.90501004890402,45.94503805459155,7,20,0.35,2488.7372020255616,10,29.37894539610938,1,3.3808005573846995,57.587378290771284,24.630064876932394,11.590920855827921,10.731000495298481,36.202669150315835,31.64589674404418
56.22598068937354,48.50720215845467,49.62484969061874,70.88842403450215,72.08298938781756,151,186,0.8118279569892473,1654.5442211950508,23,62.93350352670785,4,13.35588608892925,69.51615366743644,46.59158333102519,36.64594355410756,31.068615163115226,60.22863554685093,58.614326205124115
21.456803897547893,38.87183456527532,49.347513021099516,43.622783491763585,48.473902274808125,38,76,0.5,2554.222709733329,41,39.048160649696705,3,5.4655556161374905,58.48973057129216,22.55086965723551,23.655480085877308,19.42238552606222,38.230468966593484,33.776092654722994
59.48484583882282,57.35293650679132,47.90676483492504,55.89752166745721,56.291044930568916,157,189,0.8306878306878307,1386.971085005814,41,55.46573573517212,4,8.145571160256278,75.83317830912708,62.21311005269662,51.46063860492788,45.082342026216615,60.340421233734865,57.20433489122057
85.20876133368992,81.72018338104546,93.7549350700322,83.62173725246579,89.88816760824963,388,456,0.8508771929824561,973.4095481987063,0,87.16066163926402,41,16.3913114566478,93.89281917787456,75.46789032494819,79.88258164818723,66.61587567313393,86.54922361984671,87.4384605364352
71.57531725350009,60.52140550360352,56.67993201429667,64.82158023733795,67.89505254163699,95,122,0.7786885245901639,1333.3827477237703,2,73.71334793217954,5,12.948937497064975,75.72643996399084,58.00156437961533,59.26552114217114,47.39057007145619,73.61825320815075,64.79764515822536
59.10412849447221,63.98145372902975,70.02020739220157,54.27778333343574,78.271827322863,51,72,0.7083333333333334,2024.65133750137,16,61.36655633367154,14,12.742221911560133,75.14772358033241,57.36288642395796,57.824635160775216,39.427926604292004,55.499505122454536,59.90991297558982
15.207838212831323,13.009542119844282,40.24926852098838,27.082001681692166,57.35114996309646,39,80,0.4875,2547.5083250029743,14,30.07423299721571,1,5.417059401233047,30.143150952905334,39.36840859911598,14.191137009077355,23.55278396534706,21.117891797208493,30.13490515458171
97.67474412945157,78.02444886162272,68.90971840106984,78.98164625655916,90.57865811014658,157,173,0.9075144508670521,747.4821632008977,13,79.41223063582325,45,12.509092373678433,92.81420449454443,80.34815145131472,71.7514616525389,65.17092776541521,86.35057694146901,82.42829562543157
18.63563616013633,35.302813079186066,33.425224762244454,41.21485808843392,55.064216057318916,37,88,0.42045454545454547,2021.7060073384946,18,36.366267231904956,0,2.367093895697735,50.540907867853676,12.922809099316064,30.54616650795033,29.70570277297393,30.463346465817963,35.99357146593973
58.58361704777078,74.62375035464993,65.43841889962377,57.623798531438545,63.22700380812009,83,103,0.8058252427184466,1255.8483447653707,22,59.561063753017415,13,7.726890400480637,65.20778694105437,50.0283777669133,52.06906029939928,50.64542291885911,67.89666520160647,63.71907345467247
89.4363841746526,74.99241820324096,69.38063057890888,93.76128279136262,96.5176510022798,152,184,0.8260869565217391,926.9052619296416,10,76.58784954896163,10,24.922867165618925,93.42812145287473,93.1577069230299,80.47920110607646,80.62017369949577,87.22026258974968,85.28285257440854
51.735830796999025,46.01619968003469,56.35624874553424,67.32915344554851,60.59206317264985,150,220,0.6818181818181818,1244.2993262582409,17,74.50269962074137,9,10.122285253655328,63.9330765446912,60.69535741718862,49.80500450021285,30.67386899495328,52.26486014368916,57.3160683786064
86.92035205829586,88.46298392476926,67.87187164233193,81.35389395094325,97.43614290033842,308,382,0.806282722513089,498.401403820877,7,76.15493192888047,53,33.07767252423753,92.7082871372382,85.7455163608677,75.08026582959558,78.8099470575947,83.2823504587733,83.08933911902753
60.07658434534736,53.22622815180734,60.33312919542853,74.4808398457549,58.107615920372965,50,78,0.6410256410256411,2215.3095652407337,6,66.61396788862291,12,5.878570135813455,77.81352638859038,69.32144323711853,48.43720382085479,42.462255675860355,54.68296549254776,59.17750653105587
96.346440057996,83.78684386659707,75.60773437871956,90.94310211631664,87.9713035545538,224,268,0.835820895522388,981.0344191003226,18,88.52598365465805,58,29.708469026819785,97.14970507472441,70.00462988238607,74.06078527969427,78.44007740086056,84.99297527775693,86.3031438609171
92.3933725657729,77.17413574670164,92.14885640509742,91.35701326829665,86.23278874762548,298,357,0.834733893557423,387.13685788849676,25,97.12342949069128,55,29.72006946422375,84.21056976881226,82.53603684244777,70.84061909121417,70.23902318156273,89.50210059337412,90.03766837073374
61.965418917481415,72.04331057547739,58.63510802947806,54.9265883511079,58.99671638092794,116,164,0.7073170731707317,2331.5787478969078,44,73.11039845391075,3,10.58139098792019,70.23891603489129,64.87339091976985,36.1165758464358,40.2680892490607,57.95690788358715,64.5037223752971
74.63388943248742,68.15650083194171,72.80033101486545,74.64883688857176,73.62338619364496,84,118,0.711864406779661,1867.9674488038322,19,74.16048326742624,12,14.429747199935235,76.8187924459845,64.74774376163812,43.27893342060911,41.51054275191895,50.99448829591732,72.78838055594619
47.14506213740928,40.066776846714575,48.968331568580886,37.915799303401315,50.95402099234879,17,50,0.34,2666.9031060762622,18,40.00768628121925,1,5.0613918333208465,43.77051758244383,36.87778953565068,19.18180572628776,15.20967295669259,27.15974548382149,42.9394475503446
91.480733714917,85.54616509731558,71.35397865744643,92.02221651695109,87.69327969009682,393,428,0.9182242990654206,1009.6966578074309,38,91.75211526196092,30,23.620208989438503,97.02414770889487,87.02321341608757,87.43108312979105,82.27066883935672,94.41225085110622,88.97138725634198
76.44218018311861,71.37455979839268,66.92264712225703,50.60537013829825,62.873836236886575,140,180,0.7777777777777778,2190.498703244036,24,56.71903051533671,8,11.818786260260554,64.60917210428856,54.55742730940004,44.427689708452704,35.948417043034944,71.90780123957207,64.13625068574736
34.09908426772432,31.69606587381984,39.96580896309023,35.00525897308141,45.650778905707725,19,56,0.3392857142857143,3420.7798093945385,9,43.361895283656466,1,5.677313687539094,50.283248755975066,25.560393360739248,32.05004480536693,19.194924922822736,23.55041519990847,35.00235045836273
24.46231442650749,47.09863691946453,39.594441419459244,45.672880338053446,56.93373137751326,13,33,0.3939393939393939,2840.2237397412546,21,26.36027907779009,3,3.9206765613822987,52.972212726135936,30.04246081945027,33.93285621705171,28.699075451410827,31.81383979099043,37.69935684987876
55.87650305305627,51.990148439327875,69.32905795410119,62.545502896507514,72.4632089270435,45,54,0.8333333333333334,1435.7334424227788,4,73.51458274582464,5,9.060900421839069,68.23343529867252,50.352186714713035,58.33599973100649,52.022999886493814,54.97867791300291,63.4570208584386
53.63917222532675,59.90031820733182,57.220644348883496,67.47215212792669,77.60421373869318,58,86,0.6744186046511628,1835.1476901650415,14,61.7300927307397,12,12.685751724093985,74.79145163809176,52.76256881373708,59.860775063569086,30.957686670991535,54.056814313976865,60.15593354139528
71.88508137845545,48.96334204091001,70.48289219152942,73.43601322468608,61.92410702105518,133,159,0.8364779874213837,1462.5884161696595,7,70.48223833421108,13,12.900267616422846,70.96778872209501,55.79812803364806,48.91973692297117,44.542264618692,71.40740771997429,65.76655142853164
60.20602700736619,74.66281217682786,62.81563094117402,59.98500754445737,75.88848198103564,154,228,0.6754385964912281,1432.4490464792325,9,65.77145906947676,7,11.457649506929368,65.23946204845845,55.433508379,56.560438506744205,35.32348869080857,59.76435943981172,67.67631645890356
75.01648775025133,94.3581891823664,69.93576117178438,79.67160868444718,84.74252202248927,293,354,0.827683615819209,708.4817579963425,41,82.24998495967758,21,20.768288913822165,99.8142511724621,76.19042717936796,77.66140942591285,81.1100585797633,75.98058034164644,83.49642905092804
36.209033350066505,33.28002389599334,33.88476644147636,27.681883262789466,47.682108396076394,8,19,0.42105263157894735,2133.8795476324744,9,50.190519114161,0,2.334238817737416,54.1526749018757,36.314540140955465,27.45565031074178,7.509603774263205,47.5589116132344,33.783537010833186
70.60391590882566,56.45415400131018,47.59592331819529,69.31973345681833,60.822367087095515,90,123,0.7317073170731707,1165.726829259049,14,68.6447273542604,7,13.418932860006725,70.57879043784348,63.49540835970525,51.78788109240965,35.332172948723276,58.47675215297366,66.18796947921003
90.58107563825078,81.13990550006868,86.94489392129417,91.48943035209098,82.63585261885069,271,297,0.9124579124579124,396.85276628387294,28,96.04639684789612,41,21.976723018414404,84.99006159365483,83.68678724655797,71.85961513006468,82.5395751321767,75.38011199332982,88.81286872244105
64.44469931323079,58.895238000672734,74.66576924202144,64.73684283156098,63.18588988117285,86,113,0.7610619469026548,1310.6634527824351,16,76.00302004288082,2,10.964533811620116,83.45398901516148,66.64891504862172,36.87180093672058,33.432563541971525,65.02927321517063,62.313241471993784
25.076888855836472,26.565211633782468,47.86271863664709,28.87465217977926,53.84159259794129,11,17,0.6470588235294118,2944.1525207540035,12,32.02306751399159,1,2.9244097564649687,36.16163282035423,34.73667635118128,28.550012645502743,29.518823760107942,34.95409569985517,30.86197014891861
64.49712838800461,62.942986232264964,54.79854351034949,54.5768931004939,75.24353225887953,122,187,0.6524064171122995,2329.7135096606744,20,72.49222139430543,9,11.914063473751174,81.46540215725294,53.20948557695126,52.79947820843739,46.32622428779041,64.29041151626043,68.07336843172746
50.86816406126964,70.56468624923818,56.920826933554224,64.04004096815962,67.8203074231343,115,167,0.688622754491018,2068.636880645419,30,73.27188888729904,7,9.337627437925612,79.29719112507361,64.51906906871008,40.76346980427283,34.37414099726866,73.01401755250875,61.39789325683697
69.59886355598744,69.84325527804923,68.746230189996,72.06514059322103,79.18136556312379,67,89,0.7528089887640449,1161.076667047552,9,56.625368377085806,12,10.178696191811312,80.79780435298767,63.92580136152583,47.95826967524579,46.18886944133556,60.16700460241646,69.58094449662948
83.6120135035697,71.79196002354769,67.31963196466361,77.08493932103619,95.12791337564761,416,474,0.8776371308016878,401.9142412566797,20,78.80697173844766,45,14.867241667675138,98.41683765234745,91.7474090515532,77.9709514281518,74.78188589362323,79.97506759675326,80.66041962265663
40.66336065110953,25.39601936720136,20.943182689236412,32.3902476127719,46.50064925266261,43,65,0.6615384615384615,2031.0800510402994,16,35.281891373002196,0,4.241545016349367,45.239283697324105,19.990377243130187,15.466994987458996,7.026093595236294,41.906949718636284,34.05454810810664
32.3143466118957,45.9452849901154,48.080543617662954,36.35484983926698,43.67879393985146,26,53,0.49056603773584906,3457.1698718898097,13,53.570329654919576,0,4.789852293403788,47.03402401317987,21.600645047324672,18.89892908580654,8.769224338931776,29.54336956904832,40.312884648682605
91.54239163801537,77.06031183461462,74.4864536768999,91.89941707280202,88.57380233972428,412,495,0.8323232323232324,908.7585320190054,14,79.23302975715491,30,20.57899621803785,84.18074074771845,87.39487417351864,88.6052209586527,84.88777420039666,81.25692026103977,84.29522390355467
77.0430838843657,51.87618633488073,49.30942095216359,72.82204363056742,71.72382693643259,60,89,0.6741573033707865,1012.6926624657277,16,72.7797336702315,3,14.499426068875401,68.46885280560905,62.830391161081245,49.282960894653186,32.68778532642842,64.03361119702194,62.9478697937498
75.45773412602179,88.17471276509447,72.58735416668861,75.80975648656609,87.25201242121935,158,166,0.9518072289156626,829.0971227368035,21,79.2380967519271,52,18.234448773228365,86.08492622973169,82.86199105327576,82.8364340108511,83.1552043600171,72.21093968338756,79.04735069761053
21.533356457904425,28.13936518993096,31.867698226183986,34.58516918386013,58.20079566093166,14,27,0.5185185185185185,2111.235682172121,19,38.54923081803213,1,3.779068882241946,45.32895656693933,20.929760582400913,21.16412199297051,7.810943615349315,43.366236610645686,31.613307836104873
80.57930011969798,72.37402886616142,74.5606881197157,77.09351941071067,82.31473674728994,374,399,0.9373433583959899,863.1137210352174,48,83.31788318134403,33,23.99167149389605,97.9314931693802,74.90735755777668,65.56411279263368,81.54162211747752,84.42792705969767,78.58471772198473
21.52568243904228,45.71074036235495,46.6855743850774,38.31902014967569,30.03732758110455,30,65,0.46153846153846156,3112.003390557975,27,52.76348339782124,1,2.9668732082444618,34.75989132683792,21.72555041897529,17.435630384072162,19.979016676698123,30.123131633955857,36.38363891160755
25.221983212386867,21.909736075171374,33.552502230177794,44.871295471375404,34.33109671604732,29,58,0.5,2152.1936860441,26,40.36472444234995,0,5.607070142587504,48.84805872133811,28.212433889662485,12.718525921425066,6.9950243003343004,23.624980710695432,30.972933096399974
62.16607542414052,45.733941082768006,55.87850854756386,53.19457386434608,58.03606539320938,81,111,0.7297297297297297,1739.023787772419,3,56.70174433664382,7,7.5674408743455785,75.28123432084317,53.11800570557856,40.423329504560485,32.123008475580356,65.51777159339872,53.902004628973074
50.8653262080847,39.24200897021211,35.54634262284374,44.825299794233445,55.73637129249221,31,63,0.49206349206349204,2711.063254284161,27,48.47521053057709,2,3.1230549389110043,58.20963311765961,30.25670649975809,26.486321531111418,14.622151058421991,34.94546077301862,44.1671770194987
33.031888279142564,28.315033713882265,38.55569569547832,43.02317938090511,49.968521573871115,38,78,0.48717948717948717,2934.1326701328444,29,36.55739622031706,2,1.941756413957402,46.127035252481406,17.861355632727413,22.64837054574379,24.4331257947475,32.1517954476042,35.743519583139154
95.79280468845486,78.32471035313941,85.10761928133078,78.75807177596833,91.24631717693705,187,226,0.827433628318584,842.2602272172558,20,79.11334457567938,34,31.333883323783414,89.4575864442109,70.97696715004888,80.96359318504784,61.264921341914544,93.15699904621019,84.64168639233803
67.3731032499991,68.84038705293646,71.68771924100594,61.70767317097866,77.43749693503011,121,189,0.6402116402116402,1150.4668233435157,4,60.426891151474116,9,12.954509581775875,75.54398465238494,52.873507642031235,39.09534158985788,31.00369425071851,54.16863921564841,64.22417739068197
38.52809468771527,39.88630964826736,41.357553117512964,20.353392019160513,39.27651277511017,27,49,0.5510204081632653,2662.7851291567335,16,33.284106630223874,2,3.7065819082102682,49.42268696875898,18.262191401792382,16.965074384038278,25.034013327268955,40.119744763575135,38.51409413586739
81.32937487078993,93.64925407139822,84.01668385497325,76.43813434632891,96.36210059904266,168,203,0.8275862068965517,510.5305387014464,3,81.97737849092591,22,19.243897424131468,86.12797596723915,73.80725617669138,71.59938799274575,70.68768893981624,88.3209584318104,82.21143788792571
86.87110050751345,77.92579240066294,85.63730274365973,92.27909644019022,85.37953739816362,262,279,0.9390681003584229,942.7072268324243,39,85.2086877962331,13,20.97865825907994,88.31549601979303,81.72943740231929,74.19271270318858,62.51549943056475,77.74079525007114,84.26093312641777
82.99479573254897,88.53206663143952,81.65017017003458,93.08382415104856,90.8390378489999,384,465,0.8258064516129032,632.8997630833123,44,91.68396083822215,27,26.173000114765202,89.97745642307763,94.72963937161958,76.55904460369334,61.85828878400865,94.4342265194409,87.24584027713655
92.41286764697648,79.82411428117045,72.23254496988895,79.10090657013049,84.52596391121237,322,377,0.8541114058355438,505.77852495311646,48,92.41098003996126,43,20.237742514755332,82.27115184399258,86.78932988981998,78.00769252259484,79.30795979339098,83.00408752779984,84.80169769991312
56.54052723112219,69.97927735005403,71.72112082157764,60.25053808280161,55.67260384624085,95,144,0.6597222222222222,1855.4805571365087,19,68.53248143961602,11,5.877763610315868,60.10837771523353,61.82337255715876,50.361860677062964,48.44034907379459,68.29084579022617,61.28740594283107
16.509335385642853,29.459684383295087,22.944642701250856,24.46987704712881,48.31390016905428,29,53,0.5471698113207547,1969.9872026261512,13,31.546386554972116,0,1.3646171838373586,41.469733237342545,25.431286918970578,34.07879531514084,26.095625052508698,45.66517331643839,25.91761765838714
56.57265227396667,70.62673917512113,66.6315075480469,70.02689800623735,78.57529631232916,53,67,0.7910447761194029,1666.3290123369961,8,75.43668180217746,4,8.498032880468829,71.83742466842322,64.6366816496548,40.633218158219385,35.428298198460794,64.73082474575084,66.73170657268807
55.05756093252417,64.42523272203712,49.09096961553724,64.73452345022935,69.194030637027,85,123,0.6910569105691057,1256.4318263406308,2,57.61285449790153,14,13.150077769837576,68.07974462079483,69.5566140338924,52.715510010878276,31.561233891669545,50.879017832215965,59.58502125999224
72.63654176445533,68.81881037723767,59.9664916667169,55.84608138990324,60.67240849890557,103,157,0.6560509554140127,2337.4394476192156,19,58.55825828283972,7,9.286783997753421,71.40654158785568,48.92697710950858,45.368366038244886,37.580707015584565,65.27977286676696,64.85019882315756
16.672257450327034,44.22864346528275,48.60575788802174,42.061397478380016,51.80053755941502,10,26,0.38461538461538464,3468.089132337185,14,41.77485794660103,2,3.6225234486028945,54.42081333907714,20.323434057357886,32.42593444791376,27.17199196177826,23.967726581945108,35.30401935355506
65.37096146028512,70.33819447852127,73.68134062134123,73.57970726875692,57.51073335768884,71,105,0.6761904761904762,1337.7779488748845,11,57.072956426168034,8,9.8310109209391,67.02402632932554,62.90966394712279,57.14755944206409,30.007676875843888,67.19630462605384,64.29833947664461
43.44615174965186,38.599255712865215,44.52506283751291,29.232354535444532,59.013394960058775,34,75,0.4533333333333333,2286.5128890161322,23,54.101963297700124,2,5.111962637589135,38.90712166904071,18.22421608336723,26.923392981961417,28.2046091145802,27.117746036410754,42.16803522858128
57.291803918969826,51.13195030986239,55.67035692092948,51.859164378742186,76.41856206018144,97,132,0.7348484848484849,1818.1313535352128,15,72.23293665295637,3,10.422836505646709,73.39219652699377,61.77025960815109,43.52140027036711,48.10823927267836,58.010627565853,61.24896053188145
39.333968529759886,15.784297921463377,43.24711481763215,23.375803709383966,51.83742289715822,21,52,0.40384615384615385,2239.131123128795,26,41.03552272689107,0,2.8261173266212785,56.691637786120516,25.010861181251602,25.006295516539204,9.731920735265042,23.682169954846486,34.96799711237786
60.6383706357048,46.34521310519738,66.4154234888618,73.24216131160377,72.9292848014567,123,183,0.6721311475409836,2281.298929624732,24,70.97745849501823,3,9.303494979304274,79.64533672972846,56.260877834751376,41.549698254826765,30.69007943932537,57.825595073895684,61.337088430459204
51.48544944552706,46.80067803373825,68.5251206045037,71.487431274137,70.11102290854735,74,93,0.7956989247311828,1399.1416267545935,6,68.33066656391918,5,9.197819620221484,68.26994486500938,47.646940441210305,47.1121755501737,51.255200452288804,68.25558341463915,59.943935575515994
38.21254709708699,41.48134321403276,36.2216681905962,35.91638118180549,56.9255461723383,22,60,0.36666666666666664,1912.114707629576,28,27.23790877999376,2,2.4102285041717195,42.01394179545511,27.79474885938953,25.221293427435263,10.966536957317718,22.365402105247036,38.02743174622804
89.41715680154655,76.58317158233307,89.11080355631907,91.35644147132382,97.62105240538392,218,248,0.8790322580645161,978.1280449018326,7,86.98029010429275,29,24.56369480300957,81.78946245620774,80.44960213767284,86.33211996418005,81.40384054986652,72.48094162299202,87.72931146334311
97.1340530690804,82.02124562430123,77.38009832010624,80.12888034926377,80.1812804269811,390,418,0.9330143540669856,893.8387584240552,46,94.47066784385684,30,16.75907230896069,98.0046971486422,83.07453787764581,67.86265491172453,70.02113089133698,75.16901310174404,86.83985232861025
53.972264412530556,68.7836941276831,73.35969456300869,72.23651034043492,73.79458636094176,127,170,0.7470588235294118,2369.715260834033,11,60.134288396760574,6,10.312225838819266,63.40336009817793,61.55734785664931,54.80638720445452,46.04898029929078,69.86462852551564,70.64586255506251
75.87960265777355,48.45877716167336,54.54093552259386,50.77905883001258,61.78307619115229,139,190,0.7315789473684211,1438.455644530513,37,65.77862896267902,8,13.424308021504471,70.03074999029229,55.746143592658754,38.70444325823684,31.188690222029088,66.03037475587561,63.0334706915012
70.71168776453891,71.12178919956587,64.020911778151,71.09130641321244,61.528171184036395,143,172,0.8313953488372093,1790.4788691702156,39,64.80813829172594,10,14.82040087590982,61.57584131249404,67.57502712878741,55.35170718466702,37.85603801248762,74.3381637959313,69.59622111910815
37.03473859741013,34.567190273834896,32.737207077368126,40.74940386675921,52.40045656955206,44,90,0.4888888888888889,2313.172121531914,46,25.764292788083704,2,2.124849253730251,40.648949877289,37.84642310991176,25.5819552377597,17.60634139031325,25.34305670582446,35.3272242005898
65.49064868079385,73.25948656719785,64.28077735365656,58.32791394721774,55.26171433291257,94,119,0.7899159663865546,1334.2045330088042,16,67.63494037820621,5,14.228731744878907,73.06964332628543,62.889240886826805,37.756112167014166,36.72583871939777,73.96296520453566,62.24002874876884
77.3699589489126,75.9136546056848,65.09364954069228,81.07020249756224,81.95493324223686,179,210,0.8523809523809524,374.46157475601694,15,92.23199479709066,26,16.575099268851137,81.59477114858923,90.92555326620827,66.97254573728003,62.283846634160916,80.68520719760788,83.40062670396588
95.14645951028271,90.36216075472547,70.04354292793175,85.24521127752521,88.77274654258241,340,402,0.845771144278607,456.0564595855074,38,76.44687194841455,37,27.639349332055655,84.05746351828469,88.64070831301255,89.89047649056766,76.64126251564899,82.33699995182194,87.77226584255695
83.16491503413457,71.80501991139843,80.5717937272481,76.3522512718443,94.4064171408025,176,207,0.8502415458937198,544.0326928501663,7,89.97017948808546,53,19.45967632165364,86.66003826116396,86.73717387995475,89.85348403052919,76.54597974623447,83.94458543425063,80.10590190404493
74.8495852278054,57.15439315074269,46.14921665974353,51.212434222348456,62.097957272959725,132,206,0.6407766990291263,1896.590122213525,36,71.49750835443845,7,13.359371878585636,80.73932632049238,48.946148446734995,35.63580853404851,54.57983524370275,73.99135489302435,61.70168794211311
44.39466373217715,45.67061686019661,46.282634747545,41.494801069057644,34.96490411237061,41,64,0.640625,2951.7512460841235,16,42.19035630982789,1,5.917860008860098,37.59771808386821,10.71288268654151,22.811710339711944,14.426262326272886,27.318710096019405,39.3549935036364
61.70383922064045,65.06452781880498,62.807884048446624,56.970074059650756,72.20222307621735,125,184,0.6793478260869565,1948.858491653334,50,67.58521088756264,3,9.285926070951714,65.97738482466538,60.76066161784143,55.170292093701796,54.15776772231032,61.364902673868,61.30191294120514
26.94078531904184,12.389728572391594,33.38469435315671,30.097893735543828,58.53188429052753,31,67,0.4626865671641791,3158.301565119393,17,30.140257345681892,2,4.902755661242395,32.7085212836353,35.42520479515264,18.353922315215407,20.95602411070952,40.73132468153745,28.177706408704946
79.82287638089463,95.39058660639552,84.36807731175234,93.69087761431031,85.4609397853244,328,402,0.8159203980099502,436.2340541369474,30,97.20969643113641,53,13.252719089437264,83.6491608130498,94.13024096364339,75.70459849667932,75.8004802105609,88.15278148361593,85.62438004603638
71.69179230443572,68.04411388844613,59.922986028992284,69.89075285743269,61.52600833267491,44,66,0.6666666666666666,2153.41305818741,5,66.51712598865817,7,7.804275350582782,78.37138014520944,45.984048543553214,54.95381018276121,49.505689101664366,66.75002782941195,66.53648564950318
54.348764564107775,46.0162639322025,74.69524145866706,62.05628980756061,69.30188510088578,119,143,0.8321678321678322,2321.4774796216334,11,59.4602801593548,11,13.768330289463721,80.48794011876467,60.440484538848885,59.86747897812124,48.3795985887831,55.39591920325622,58.59979436643141
65.15505495729523,71.05616485710893,68.2083590159451,69.88776149863597,66.20721229249114,46,68,0.6764705882352942,2147.5816882397785,11,70.99313524905624,9,5.402408584183803,61.7235153069805,62.83817581761493,35.61050256609828,44.49412522251273,71.01012746111326,64.64092202833248
65.88993640634686,73.57081684273228,61.27538697116445,67.1658688946493,75.4105321722755,152,188,0.8085106382978723,1823.0444551370524,52,76.83734001507611,6,14.629974874589063,79.88911153479474,62.51979502273152,36.50643227179334,32.69355596829205,69.62094081477986,68.92479386656133
19.295330902633033,44.635092904466234,34.62828649677201,47.71018975967892,52.086531466290495,44,98,0.4489795918367347,2142.944152247771,8,34.61050833863649,0,2.165361465495573,37.23087776269078,21.919664333854406,12.786655650304384,9.444157122216097,34.01704314416277,36.68962641534195
70.28810161706684,62.059489085370146,55.22525565234204,68.14685858738213,72.08747886165945,94,129,0.7286821705426356,959.2219421600772,36,74.98874374655716,13,7.591100177458335,77.20466955421153,52.6851731399133,44.3789666146091,48.133348296580216,62.02294189771632,68.37045602910588
77.49062463609916,56.3878093146732,64.15876197307277,54.02685445173672,79.51122246590981,128,203,0.6305418719211823,1573.777152587958,35,72.55860972707545,9,9.983579342944378,61.61760492099628,48.60743505688198,57.07644323081418,40.25410787604508,65.35831191461978,62.189950686513896
77.04537902336556,71.51236172674405,76.16735885558214,89.41328909015725,89.98652164893106,253,294,0.8605442176870748,628.9063361879462,4,79.99615428047487,25,20.508715037252763,85.57932388840388,74.50968689919281,78.8125869065386,65.38673581873029,75.00877128621015,77.75195108901362
92.32173348513251,88.91376217343912,91.08849373196784,78.78886866334805,87.22066345085236,381,409,0.9315403422982885,772.9006137259616,47,88.17371636379976,23,34.961331401132,90.82725276792264,77.10145972601073,89.86937386434765,84.16397296387858,81.01847602710659,90.29674422055415
45.29783909929335,20.865616978595263,48.18387707970304,47.43358738511009,31.29789520886364,24,69,0.34782608695652173,2594.7771578095026,14,38.79535636994427,0,4.322674830473948,31.897738332014537,11.610382907984786,31.63969185619385,10.49680116981722,36.35495408242663,38.445802378704485
15.51666311432749,10.40022583128519,26.503591607316025,31.27748887200323,39.07038264945294,22,54,0.4074074074074074,2794.021884412323,7,36.51280883661299,1,4.677531760761717,38.292863549603496,32.60089068593902,16.124855337519314,21.881686546659022,23.319261150068623,22.043877656241342
82.4323399974266,84.14682422242618,81.551371160599,82.13117842353778,88.0514496125468,327,364,0.8983516483516484,550.3009507984231,31,80.59974201353549,33,18.346823047615313,94.62020698278967,71.91556004980507,81.60082582778294,65.93900036419424,82.23198152629007,85.85758393449055
51.85853508636344,50.64171431146593,55.75872316515582,50.229374853822776,74.05302438436021,52,75,0.6933333333333334,2373.3891118060537,21,61.241985726625366,9,5.573884746070908,63.474009268555314,56.28647115001226,44.621986522107875,49.56837103392569,54.015350661730096,52.345989632673934
69.64835695208683,45.60069806006642,45.832772076620955,63.14558098994606,57.400935730908664,83,102,0.8137254901960784,1584.6769412958477,10,61.374646734816054,4,6.689028740064522,74.4377910699299,55.89426619773058,58.68242408482146,53.404880740630475,64.13684888349931,54.978492523910646
81.78375395297387,82.36205376039713,87.70782978024324,88.78242180991516,95.54553894350882,391,448,0.8727678571428571,361.87851578023873,54,75.69956525858326,13,32.18823631184037,84.07989207218775,90.66161523730457,78.94221727963632,61.365257580336724,94.29613253313711,81.79249712930776
73.31149407056331,57.404458755390024,64.09217303225819,55.807198190888556,71.24696661121665,64,91,0.7032967032967034,1599.4836959431905,6,65.72370694039594,9,13.607248984828896,80.8567993414583,58.059977759033046,57.58635374344431,33.57342545514295,66.45473511653813,64.57007588720856
56.18808098509014,67.16193316387209,45.82704722507537,63.86865759579814,59.23720687300142,84,127,0.6614173228346457,2396.1874932593973,18,72.88317999447632,2,11.116473327375985,71.83391717608008,55.48145246064035,57.17674407289337,36.128700497436284,59.95775142533458,61.502268141241515
33.61413743252652,45.741328923960175,37.140027044668514,32.72163355111842,30.20384782197428,33,78,0.4230769230769231,2688.885073176729,40,35.06291953993198,1,2.662412687129704,46.114522693323195,27.0614022857239,23.186709751598066,16.93963478850248,29.437784608333427,35.17204972289928
63.424494404636164,73.03127038921262,52.21646544643761,56.850617350962146,78.0184483923264,149,189,0.7883597883597884,1790.8143380478318,59,66.627459638884,13,9.80812789296766,62.229261929659586,47.55408084765555,57.55703926101559,45.75466097802997,56.55793036245016,66.51395202323032
72.44068477907332,64.46379346761503,54.71688083313154,73.16981236023253,66.3839596998781,107,138,0.7753623188405797,1346.4967588939714,17,74.45643107016274,5,8.74212795739058,75.51592380301899,64.06314192734939,53.38895495669793,50.3605891769788,50.80461008038505,71.85069618658484
38.86491284796206,27.772389292002305,44.60038997606546,47.91564102401644,47.66576194331975,11,32,0.34375,3054.6483971691246,22,27.849724848112565,0,2.9626570733910738,36.616969816758775,24.824596707942874,29.547317712258188,21.503259723763833,32.206177333888405,35.01623567652762
19.436713382391478,40.357261510395915,22.929669915373147,29.771751201946334,53.30585142641414,38,70,0.5428571428571428,3016.599763357104,9,54.84874360865652,0,2.477131534221105,55.41902592388264,25.4350383287638,26.161839103048525,8.22585845515588,46.00971129556548,31.629155262634406
69.10737253474889,70.35755387271544,45.29017616540757,55.50617351078429,71.63835000425036,138,167,0.8263473053892215,1229.6578758972653,36,63.31577640501602,14,5.539124588760561,75.44265553486682,57.958869764854576,54.031645902461335,49.31578471360354,73.99838134469323,62.360124186641805
77.44291803453449,90.17280861621202,89.23871984327057,90.35529235428675,82.05138596814633,401,424,0.9457547169811321,749.593501684204,48,89.86736963024605,31,30.55579210192165,85.03613532101762,90.59365969877001,67.13170854029194,81.65459272172573,82.47966127333326,87.95801411073079
26.425019341527587,11.863316779505015,25.422220831306372,38.24279392514906,30.45751141516878,29,65,0.4461538461538462,3073.734753061228,27,29.945991360295913,0,5.908078161250411,34.172260140621404,16.67560158363561,23.481686630549476,10.89704255859516,20.967393875887314,24.31368823783544
93.47206104553365,71.14778461427385,94.7627656108646,77.60703359429584,94.32923345714488,364,388,0.9381443298969072,1025.1078411384337,37,91.84615356000033,24,13.133892235410908,80.04694947734906,76.11999682504315,82.01457732296919,63.03162233397842,72.84404897011373,85.31986004455719
67.705034086439,55.420351288200514,59.49713295879044,68.80673652363349,56.687530721809686,149,234,0.6367521367521367,1384.6331209418283,25,62.800808593973464,10,10.892009067638531,78.04809924822334,64.33797975605258,38.745407151152584,41.10397680781251,54.42158030234789,63.57768797134157
97.04700269680502,89.10240814491614,87.43221156925077,80.04668008826455,87.46456612949231,218,231,0.9437229437229437,1063.8774305087115,7,96.55358736019386,51,24.27291732581312,82.82332066394059,70.6394745798792,84.91771668856431,75.00351208033567,87.77324091869708,86.48814004201397
81.23521383657351,85.53937535027028,90.98286900835075,93.9346745784679,81.90630447926763,415,486,0.8539094650205762,491.77650781632735,50,95.30885797108478,31,26.37970969920017,87.47109602095364,71.2622236103102,80.68716429460699,69.6403378216412,93.40667848533047,89.7279510678794
70.5995301485751,53.10007443363586,55.58305397570867,71.79091926300137,62.721630025303945,74,102,0.7254901960784313,1593.1723840526286,11,65.01170062439263,11,7.735842678143707,83.16971957786066,57.25575203654838,56.050195295965224,41.882591866690504,67.95725684775607,64.29202427851492
21.23666682065125,11.145308340729002,28.744472931251934,47.83661286420994,58.00473510106837,42,115,0.3652173913043478,2595.3215818627723,19,35.0333162761327,2,3.9087644552357284,55.47246807689541,35.90959462658573,22.084733190140593,10.89366163616139,43.42701127409056,32.46404863619074
72.97962341600979,73.32385797046139,64.7645429462416,61.9023661188302,62.945773660447784,113,136,0.8308823529411765,1323.7038454912472,41,68.51730768889287,2,14.961151701929122,67.5542815826322,66.96214619392276,50.07635669831204,41.32813517259012,55.56432778221588,68.74955648107706
84.92816956328262,73.31708787268465,73.51327717396174,82.26164592797271,91.62651034396882,375,412,0.9101941747572816,748.4229280640461,5,88.9328208452084,42,12.173290352083718,84.50665595425056,79.13392049185144,77.19524502021845,81.27043794590365,72.1971906135036,83.3954516369348
68.32178169254504,71.15506729199731,74.09428467529061,58.53336502078046,74.91384057753301,135,162,0.8333333333333334,2145.098058293669,21,69.23903700129742,9,5.687806576976589,69.05139625431228,68.38455651831966,56.564731033534095,37.138573446738334,53.92647210247847,64.89032922748838
83.00265246638983,81.70912545154073,87.4647901088992,88.02295169763349,91.17671421461176,299,358,0.835195530726257,1025.5762929034117,29,97.51941357434856,44,12.715658798099227,94.78589470329547,72.65859315639436,72.8729897153242,60.09542835310868,87.0417370600405,86.4638449385767
69.69094788453084,71.2535007873322,73.31882505971444,52.561346154528195,70.02262464994537,52,66,0.7878787878787878,1781.784623998411,6,62.70117361834633,2,9.069710304280072,77.17304769143703,52.58003678460707,45.88690230904551,52.390678280084984,73.74769023327386,61.19912291510703
17.447954821623814,32.35540437530783,21.950071063951317,32.71052615726845,40.57072886998675,38,74,0.5135135135135135,1800.9433873268654,22,27.352250267087793,1,3.1385951367889673,38.26752661610526,33.77862814622216,13.215879297474986,29.351422821753797,20.674870189060506,26.064392255579673
81.43951915418654,90.00681626299036,70.6113124567257,81.47358472808487,87.65785589509551,374,447,0.8366890380313199,776.856020863005,0,89.04426097615755,47,25.368479092720083,83.08725430548405,82.02850254637043,78.31473581378964,61.29558842056067,78.41510695484801,87.08341361686621
50.09543457002901,23.50155696950752,20.30054771822747,36.576119636301655,57.41027319283055,28,47,0.5957446808510638,2854.299595335012,29,29.040695815716262,0,5.431156891912381,56.12523829001028,39.27730480777821,21.850118872653322,12.350029955260553,41.55394487597127,33.98370759504054
34.205383444954194,22.48232379745084,38.18873030177073,36.445981807638965,38.76883197834009,44,113,0.3893805309734513,2114.599506953848,16,32.91193474121106,3,2.3423371263731454,55.234145481164546,34.23860189637924,24.47763502398339,21.164068842181752,21.13235322513343,30.787149861468528
76.50220502917264,49.30110935085963,45.05886054932866,51.92195533205313,66.56770740254072,110,171,0.6432748538011696,1413.4895648236713,32,62.12940594522452,8,10.004005924734097,82.31205108906215,65.48211372855344,41.323479223112244,52.74839436060867,61.99289737290758,55.02887205653754
49.41087679529561,37.70888679701841,31.075107726910716,26.318807511588837,34.13419147801327,26,56,0.4642857142857143,2217.5340820052634,17,51.67123497801194,0,3.717463575944179,55.733975528222345,35.00125190312457,25.948840793135638,27.215594576777157,46.65874852039859,38.90445638266705
76.42101901106234,47.36443917432103,60.428304736262234,69.16138114994247,70.00381620184037,52,79,0.6582278481012658,1280.7577226116919,8,60.733390926426786,10,5.84677737520323,70.2140901174933,65.51644425713897,55.330983296029345,33.46957026700674,62.192745021430234,58.345259954700786
65.10174973554463,70.97526866248745,48.96430134509582,64.88697516664183,66.23357631254554,136,214,0.6355140186915887,1150.562672007229,25,57.48746738854431,8,5.8897553586933835,81.53123462957663,65.3276261777711,35.835075164435864,32.27711037200129,51.22817234729631,63.55631894146909
49.59922298082491,23.262278754449007,31.91513288611371,27.215115949439504,55.10489530782485,13,26,0.5,1817.519754074256,11,48.48806537502653,2,2.244937504327524,52.10191956896955,21.44610363760141,17.792776961283018,28.904135581938387,36.48338900421106,39.77418136113464
77.48068285153083,86.90651871080094,74.37464978428565,81.96060305416506,88.76252738569838,432,525,0.8228571428571428,644.5417871671534,62,91.57877527892306,58,18.181969857716894,90.64491614283561,85.17149519502321,77.21948470574165,70.1998590562038,75.28212593924844,83.56526229714459
58.130023653465344,53.12332187697796,55.46344659668673,58.927926489840154,61.76867512954929,97,145,0.6689655172413793,1241.8507613125494,29,72.28261447264701,3,12.336124028316672,84.27759359972899,62.26035352238033,37.56096724415202,36.11398877328223,64.87741093356622,60.47853019341048
64.74355559229986,50.52541384453879,71.46759370027792,58.58121487246858,64.68699733793243,52,66,0.7878787878787878,1809.0501787805676,19,69.12349464873016,10,6.907504031233812,60.17936095876134,49.532827037116554,43.261183849959025,43.455460843307364,72.9819302795683,64.14007961031217
72.48203555847974,56.98915447481807,50.66741569301086,68.97466101108706,57.272472536863695,159,216,0.7361111111111112,1776.2425969140736,15,68.82476637714703,11,9.839034930218414,80.35137180780023,68.84737659744351,40.757866884746136,36.326055145497406,73.49545468584688,67.12617666404579
80.03970202780859,81.93305046380976,92.58162213718018,78.5219094266119,83.85122669638827,303,319,0.9498432601880877,1046.4524642626611,28,95.88167225693124,43,28.06115661623417,87.9041185261994,93.82241989994569,89.17631703565087,69.81984439523359,91.3555476585217,86.28239943551638
62.37869352792085,71.3344510193629,51.979968543623514,64.60522852998079,58.573121888660275,158,193,0.8186528497409327,2347.8867467328178,37,61.28921729156849,5,6.2945708192644325,68.26675671738849,52.910374825304814,55.041156852422276,40.538134994500616,65.28917624036708,65.62803317467495
74.40065780932761,72.06401605341014,55.169125115746795,58.87003548203434,69.4907131895786,126,197,0.6395939086294417,1507.4287287147006,5,61.028159635138934,6,14.501683407630937,66.72884102427724,63.85504664713376,40.969375207989,48.44027904330332,69.93549928222065,65.01293484668894
80.01983942089647,94.69899078270586,88.59035043246656,76.78822004624519,87.51645396412871,160,196,0.8163265306122449,1190.2664188320232,6,97.79687840115047,17,33.68283080510789,92.99293297984737,85.19341987197149,77.81721277541271,65.76674529294397,74.4132008001377,84.2861687386224
68.36568586949525,72.75740960853496,52.43190857322476,71.38084833207112,78.01154946113002,94,148,0.6351351351351351,2163.162933193913,10,59.56670528135314,2,13.726121748775853,67.53495943542956,48.981542358527356,38.52048045334488,50.67486524762501,69.03714215825244,64.724537055176
57.22018515547538,55.672004341964,59.66975946933496,69.76875415163484,59.15503606672618,95,114,0.8333333333333334,1336.8738817225046,19,56.36854263765367,4,11.637969338825599,83.54877259153419,68.80099811364602,51.47241763528364,30.141877821317717,58.97494791424036,58.30738030603785
15.642910655466506,25.083127322843723,29.665529434641716,32.61296179105122,57.93662761106942,22,43,0.5116279069767442,2122.7018800260657,10,44.727287545285094,0,5.196726277945964,53.31919201356663,16.957794859780524,15.82381681672679,23.083853235083495,40.709149479159024,28.406037658852366
56.85509491694507,50.79330635127042,51.59991458011626,73.01782808921917,72.89548932596885,55,70,0.7857142857142857,1901.2932273362544,5,75.72780092435708,14,11.98394245940942,70.41882780731348,62.90899464277437,57.519867506571735,33.21903859189934,56.632366889618034,60.12765600442163
26.961149665307648,37.24904162417697,39.292820722011754,32.429490855136976,58.14228574281623,13,32,0.40625,2896.76038203987,10,51.34103517408272,2,2.349934137667204,49.91037508069584,21.14072279568466,15.473822525304012,15.21572534298208,41.37155539682671,36.557905398024154
39.62278762887508,46.20429827379053,46.896679609393566,33.29790312281756,49.12745013341413,36,72,0.5,2059.9597819044952,15,34.89033686156012,3,4.048136906782208,47.83107517531968,20.04473015696449,13.385213937455623,24.990928183264746,32.93388353928501,40.20634853998941
81.30327007580574,84.40862806541062,84.54261165055593,91.59483607414404,83.71558289169086,176,216,0.8148148148148148,1086.5010698062638,7,80.76680519291675,54,27.295843514563877,83.50742557246899,92.860298648124,75.46926312230183,69.57846320623744,82.97294263207094,82.51965354396927
58.51791856313234,71.30814855311198,61.433538121451605,64.48149851586547,71.54268477124887,139,203,0.6847290640394089,1528.4293428987908,44,77.66620027639667,3,11.45274229665462,72.42502395586716,48.20873906083812,35.18344063057837,33.124215453795834,73.90461418691264,66.26492038709132
77.00288714060287,70.94952986391571,83.60865957765755,80.88587547977481,81.55602355712118,156,181,0.861878453038674,608.0390335107716,23,97.83449149827834,57,34.264482108235455,94.05895097233812,73.41805690933664,75.41737099183666,69.63552749324697,83.35617776800957,83.21566207335331
66.8385339204085,63.299444784434144,61.81420446520505,72.86739358803037,71.86102678417171,120,169,0.7100591715976331,2223.921641495782,37,61.252456481636656,3,7.704184104022437,77.31768377858603,51.33634234675912,43.909139833025954,34.781974697422434,71.40750484242864,65.1729933072919
60.73320571100355,47.06736539783644,60.73779263875929,64.92603617086709,73.37942125401699,85,127,0.6692913385826772,1183.757795402564,20,72.52680842493055,8,8.002488469161385,77.1294644545055,65.13791571707657,44.46179412034134,48.67117437234943,72.09339890340136,60.844975276007524
58.21585939763685,66.23549246185925,65.99917109620577,54.618443542261964,69.92819776052549,46,70,0.6571428571428571,1597.5662303374365,15,70.51189081039456,9,7.4986494271936674,70.90673200106473,60.76577617885408,39.288029701329464,49.11378660676225,59.110117653405936,59.67131599130467
71.97589892504276,45.352567787939535,65.63379784243675,57.976628880491376,60.60555349723545,153,230,0.6652173913043479,1282.62964667894,5,59.685889845294895,2,8.925020122702179,81.85252657541415,60.461086798341924,45.149036408489735,43.35969910714417,73.84913083313185,64.7373970739017
35.745253477691115,23.629255345284452,22.900925412411677,29.193466882783717,50.23063462222932,18,29,0.6206896551724138,2772.2611124713876,6,45.019784898814194,3,2.1614558818456153,52.226737224538,30.6586852975273,12.944427950821732,19.236560191359686,30.32844334766434,32.5621446576695
37.23888834046897,47.01191385463135,44.979686791391984,34.573418250021234,37.27129005282227,8,20,0.4,2635.5167636255264,7,31.87234220443032,3,2.2691462617972333,58.19994952891313,28.866527441011584,17.298274041730373,10.393267208363113,40.06825193478339,36.667192178482004
61.49893495191561,53.389842210449586,63.291721425668776,67.17193899125462,66.48233902948911,147,196,0.75,1873.566700902321,40,75.59814401891074,4,13.403615053853187,63.03891573795673,50.37480558970978,35.92938220124115,33.520296552324986,72.93257863660126,61.94373617665311
18.998479337309124,32.4944199856058,26.967427848530875,29.320461538459,54.03504565176823,32,68,0.47058823529411764,3469.259851266791,18,33.69828750591802,2,5.539233296948501,46.34993853542052,13.128219973220258,30.73638198290859,8.280061613193999,28.846883747610903,31.666587577199575
45.094671498998366,47.13503352470858,34.67361484977527,24.202011266336186,49.56729542995583,17,50,0.34,3165.3595264373434,6,43.4901300170838,3,1.0789834750136982,45.63869094312838,13.635498140015297,26.990692417299908,17.438785623713738,41.09651533458518,40.947217110789225
58.48309476548328,61.67089526381223,71.28013240394253,70.77353491153266,56.448641410275044,132,161,0.8198757763975155,1078.6414952801324,43,72.60430210284709,14,5.403996802769669,68.24989509026986,63.24814019643287,48.04391093930287,40.42504676524219,70.32683293789304,62.66408484207692
60.13471400615041,54.428102946627675,66.36326798560727,54.04100839176936,55.32563200782311,51,71,0.7183098591549296,1926.246580586671,10,73.00719801764059,7,9.440386630403745,71.49456104606249,69.49727427663359,38.48196182860651,47.26074392648981,60.049903434463914,60.639767191532655
29.73240923935903,15.73280864848938,33.840425785707396,48.530375429760895,54.045738873496745,33,68,0.4852941176470588,3470.0257713969677,11,43.540550154585446,1,2.311113229359482,47.127986269859505,22.321999591339683,11.996766849907496,20.72953636442714,22.774180206564207,33.845661394289074
52.7803290197896,70.2381074623772,56.129046490208225,57.55666603418545,67.27997049281316,146,196,0.7448979591836735,1004.4338073379006,45,57.68025487361891,8,9.126289025154566,81.9639980316118,55.73279495343619,56.40474837028658,30.7084236122347,62.24126521919912,61.97929917492106
67.04842451076905,60.936709139214166,57.07218799719681,73.8730248513291,76.2359890327779,67,80,0.8375,1225.5007203533116,8,71.10781375665228,12,11.982598633062064,81.3882601245726,68.98035681585651,46.85618788500674,54.27772807455294,60.29055741704197,63.34485374311673
64.32834268108638,67.87181717568589,49.72126327720443,69.0896303159123,56.75826956711099,50,70,0.7142857142857143,1703.1734994711517,3,72.73105985881475,3,11.815575346293953,62.141116646851515,49.465792828172134,45.10940501790614,42.37097669549687,74.14334253090574,61.81358263884614
69.12983266733242,59.4466019138178,65.01004598042594,51.994926163986435,76.28877792623419,139,193,0.7202072538860104,1671.3629518835587,2,72.0064634755039,2,12.22999959593749,69.3460021491363,59.63629242143597,47.557547629111156,34.88870995890255,68.25027471936444,67.28496198179822
71.97080132669946,65.50022259845171,47.34878331426786,63.9494212571572,59.58772083848464,48,76,0.631578947368421,965.4005479780744,19,76.51380129787061,11,9.305639049413013,67.26950462332634,65.17300383851735,46.84468098002404,42.11343356721381,67.92595253313384,59.81957010950814
94.9444994730258,87.4982123235056,66.40893267223002,86.32645760333064,93.73930841595107,307,331,0.9274924471299094,939.8048974144874,46,75.4627996026207,11,17.587743318802012,98.16730520826164,72.32767891270976,76.70354854676839,82.18854769316034,86.03164273142174,82.7620930868054
83.92166616588979,79.77495765065726,84.20146390790168,84.89588709883746,95.28438046379318,185,194,0.9536082474226805,680.5704707101753,12,89.49922129882799,57,23.960449564659044,93.59957097301523,72.14377627277761,76.52301932299149,78.59071696501867,94.64517052521063,83.05154386753763
56.16027938573521,54.30710555498011,47.12740419540203,62.49769891739519,76.84809198464777,92,113,0.8141592920353983,2306.6884301801724,7,58.77250012646156,4,9.086049707232402,81.16751808376003,48.95153250729123,35.54104486520589,49.62228486659625,51.86991619992348,55.57668116212462
52.30421914850333,63.50172338100221,45.27329831646605,69.40055446100611,71.26462466615308,104,157,0.6624203821656051,1702.6106246688219,33,70.95472774433772,7,8.145460976033576,74.02775271921001,58.33771465336284,55.58632634398302,54.543180434541476,60.276064135523264,59.109446297082044
93.87325810467854,77.41635289997593,72.17633264102656,90.73951598762402,81.01487336935817,264,315,0.8380952380952381,892.0099020325675,15,91.75814860623387,23,30.15572448888227,94.46789377709857,76.8510397426069,86.14913140246333,70.68764259283415,76.80601356265112,83.87175474302538
81.54580879300767,83.44744512003176,90.44544494839842,88.70349026555562,85.22079250720375,428,472,0.9067796610169492,452.78328125354386,11,96.26676119595865,17,15.9539888277234,90.94649368678972,74.11498184248937,66.59699418577257,67.93472125069712,75.50797746554919,85.18705957889435
56.253050687524805,72.02146212605729,65.97497768687205,54.73575493207694,69.25525765183058,149,194,0.7680412371134021,1860.446255495627,49,76.66658136890926,10,11.63506980368808,62.16738903290912,61.08762552804971,50.15038960531666,35.265610181352194,70.45534048799672,65.6298457787109
53.749692483499885,69.30567285814834,56.21384670122736,67.53114773711721,59.938672010176425,158,251,0.6294820717131474,1584.38415171296,61,75.0899308311273,14,10.338942226013806,60.47497363930484,50.7081165730119,50.975314855335824,32.53521003575919,67.51555661798618,63.09710927004962
57.73866299097552,62.09691117510906,66.45745278017318,70.94298107838442,66.31249627049952,44,66,0.6666666666666666,2124.016262736694,12,64.73954028825516,14,5.35879681788849,67.07479594163124,61.305570611080704,51.19797617900342,31.83884516228728,57.185390427015506,62.66831831136261
83.86457955841807,70.41512255772557,71.92681476866447,79.82050932052023,92.29874333885824,413,436,0.9472477064220184,1118.3883618709037,35,79.19143001912543,13,19.169354750056453,90.40136042355621,83.667756983582,69.62136138813818,84.23961569411397,89.37832058402786,81.43721851031653
92.7098224680302,92.53586405957495,80.57680232568583,94.86452134561098,80.20829957759487,323,375,0.8613333333333333,987.6837001916834,45,80.33907999440359,44,12.585284295785899,92.8549209215056,92.31856357490888,87.12185309458647,77.48861184413866,81.64425488744818,86.79606930080769
71.15493896150153,48.31418778164232,72.43367196804175,56.90848233240884,69.3899836716839,40,57,0.7017543859649122,2295.525750562046,10,66.20212416370933,4,8.807685813952666,70.02035867565773,57.5456295485952,40.84461530122513,41.52958097381145,67.17115421002087,60.25459857336676
80.6454526383954,88.65659594886193,88.30464101720844,88.46839457822865,91.06099028459346,359,384,0.9348958333333334,758.2421690063424,36,80.71061203150946,57,17.076078720062707,90.66616724917482,94.8998412275175,85.01340262816869,81.14105229061053,85.88162468397702,84.4755825693362
73.49392011169513,66.58462411072836,71.90803861526749,53.75995681533201,64.69353820817184,53,69,0.7681159420289855,1260.4586242739088,9,63.69754126285829,6,14.415419645979666,72.91922267860141,58.06289067040128,50.00548851694391,36.70827662798313,59.584012978375924,66.63253747311647
54.41449666149352,67.08915047942732,46.11697814747812,56.48720058094705,72.38632808471222,50,71,0.704225352112676,2046.649293555288,15,73.33293097532939,10,11.247394599064581,78.93817485332112,66.0256909439353,54.045327421896594,38.850123579531065,74.91816002644333,55.93310740326272
90.58763454763037,76.56018313951398,91.1912944104561,78.3771692674079,80.96542624737495,432,536,0.8059701492537313,495.94126168033637,43,79.47430576287513,20,27.562826600856493,92.72094684678254,80.04482837773561,79.44569928778589,67.69685313185919,81.93000198544902,86.18281877757191
78.56135207689147,79.26104252999586,85.91039041802789,86.20231966018697,86.95632615790284,238,285,0.8350877192982457,794.788096139418,32,76.80572697443303,45,26.646893678540117,99.49539686840826,90.64008562267537,66.5002048147253,69.40573445902977,93.13957522975679,86.92971044278923
91.99910270583791,87.84936251912457,89.45216302027421,92.54904253206338,93.91730302265765,331,348,0.9511494252873564,1000.2416758348793,3,97.74333244998425,27,34.69860674393084,95.09138722411473,76.21512211533266,78.45987448217394,84.80339098696457,91.43826519379809,90.3941102813879
76.10735389210531,66.21288228483334,71.86749569973544,55.91184293415766,63.63550500441997,111,168,0.6607142857142857,2083.42634481185,12,65.43862488075621,2,14.739405835732573,68.18868177346232,68.07859719292145,41.73392295451235,54.726861636842614,66.7565921706898,71.67924917419244
57.88845914653547,68.39228893167532,56.43078678007527,70.46188419672103,79.83450800823033,155,240,0.6458333333333334,1582.2625813098239,51,56.50626676796554,4,13.949663786438647,63.81486845537731,49.802529514984734,37.661595089691914,37.74198753801341,63.81026116788815,67.10027466422434
77.55780118877902,92.57240167848911,73.92084593925416,78.25075974937415,92.16118357276838,153,183,0.8360655737704918,487.947841945131,3,87.70442116979639,39,20.36384325514734,81.97188460483873,72.91194624183343,71.35653078612161,67.38669811566898,83.24925852553551,84.30266073645628
59.269717144657065,57.538131207777454,57.171317659749946,52.165505725239086,55.08916081698986,133,182,0.7307692307692307,909.2557157510406,49,77.3542933234348,4,8.492595412427995,64.36141854310763,46.6950360927878,39.91532137587532,51.35466966048662,69.92598352161323,58.537315501342476
86.81518890931878,76.24682719697222,68.74092341370809,86.72416332381017,93.75660213243455,392,438,0.8949771689497716,676.6045474579123,2,89.17860019926235,27,26.71899685763512,97.20506572799408,93.64461615602389,88.24646251251403,69.53538359458392,71.96655145785647,84.68014471439372
58.63395229841064,69.65013793104048,61.97801246076142,57.51323874292868,62.378151100151925,91,110,0.8272727272727273,1298.1088313923597,13,74.48023045927556,12,5.464043585791547,68.56528426153683,45.57019151719058,41.806295377449246,51.550161806714705,50.91524289605502,60.483429310087445
72.82991575621024,64.40638629957603,50.13575038771575,65.76788552998576,69.90519906414676,40,53,0.7547169811320755,1087.3558579863043,11,60.63243617797055,10,10.729484736974182,71.77147542651097,61.6823045432002,58.910177177747926,46.51390111503029,64.55239830706354,62.96344171920456
70.99720735454166,54.08706135627158,68.37919953565294,58.066559162433514,65.75058968362525,75,118,0.635593220338983,987.9284559203707,17,59.52794447324857,12,14.471096141455892,66.32286486244413,63.55447595737891,36.36565721916212,45.78114301904048,58.77119560130449,63.16776821858119
56.95961579646873,54.02073560171226,63.40677914434542,73.64346054973632,71.8685431859522,150,203,0.7389162561576355,1688.3156046895797,60,65.44815809366031,3,9.638940204404268,65.20855669802528,60.191159581536795,53.97399538606902,40.743530103081866,74.44200220510172,61.45808812302261
37.0120307579262,33.315601873380956,36.01529279115906,38.90145460758349,35.01680571069811,19,47,0.40425531914893614,3022.9445831008015,10,25.33312554819946,2,4.1078461325587385,55.15030412686653,24.503051729206632,18.08059569009008,17.198546973134608,39.28650259397443,31.666891412582896
76.42695259000075,71.85004765082566,82.21597549031289,86.32036849775642,95.80460323120022,164,197,0.8324873096446701,1040.1052003111627,21,87.44921255165859,46,22.377443403366645,86.60782947331234,84.73036535869639,76.35695991974556,71.28913966513937,93.42319659327848,82.75256201185391
78.11688809189734,83.4783902924597,68.37827688047662,93.67974837025234,83.30443329239263,372,420,0.8857142857142857,644.8480217032131,38,85.49528687267214,32,18.145827596179704,90.18226770375044,73.68634793565337,80.29139189115035,74.14368266377865,87.86755790955644,83.43089149414178
45.553521906987235,13.017984846466735,31.216836883559605,39.33623095814954,53.13260376560929,5,10,0.5,3585.5119741174767,5,48.57032779486981,0,3.5502750798134755,37.1937352138623,26.761222378890704,15.501435179303588,16.085301659561495,32.08575966373104,32.41377628033301
32.33246732681047,33.82235402169712,49.84290110354128,37.998764091656994,57.80147595121222,19,39,0.48717948717948717,2708.0991529894454,13,38.07538493950675,3,4.628417769486136,44.36644056547681,32.53914103629381,21.68606247706628,5.430633184198151,35.20941541868941,38.37536008173959
75.15632061748057,89.86026900520557,80.42245762298556,90.58730340670239,89.40494256003059,257,320,0.803125,517.4411487921867,30,94.54876940673934,48,27.56806234403426,81.28189422072352,84.90356623874743,83.48952943054357,65.27424726549876,91.04055018856936,82.83985597669275
60.01495855656168,67.54892380701801,63.61406238154432,61.49485033187153,59.84421987228065,84,102,0.8235294117647058,2184.3660625374305,18,60.40132624531846,7,8.643682941000801,83.4650078948682,61.57007715939339,56.108338729983444,49.14630760092523,59.47848289431481,62.122429201225096
44.35715213224123,36.25306501719163,29.776484137324896,33.9189284747697,43.49638491937847,7,12,0.5833333333333334,1973.2869772538033,7,51.91838322858007,2,5.680414672575262,52.47924239103699,29.291891272027463,31.199261158942576,6.460218452264189,23.345602206834396,39.451381763812535
91.03136204289116,88.26458618366485,75.78473453659265,80.87183688528987,94.56850079861324,162,172,0.9418604651162791,304.6663764965881,3,93.36078911623582,10,13.631641090998336,87.93567654427777,71.26921327598492,87.1654287237665,60.69041929684262,84.47162238768897,87.87374150495953
52.49899304582435,47.360509708256934,57.78454645352171,73.64611022656788,60.443225856175616,133,181,0.7348066298342542,2098.935008856322,6,70.63707610078502,9,5.196322713876533,78.33895882338767,55.44255441696514,48.133969211840096,32.86723294526897,74.79285571968592,60.473824762004114
45.30315470312191,30.575130900688425,24.71284018444367,27.905871383187666,58.654357304747975,28,42,0.6666666666666666,2274.5883940911967,12,32.85741872657718,1,2.8122473200696665,57.500157274115395,20.82802097176983,20.47073448506832,24.02828883945282,42.2273398409545,35.67144057703384
72.98831527023566,54.01229576360391,69.46416711693526,60.637285336288585,57.41745963865843,46,57,0.8070175438596491,1337.2210088686477,11,70.42833528926006,7,5.932548697853708,77.68883389798299,63.350106363592104,42.13644300717877,37.44179948365759,61.722324637719595,66.66390184400373
17.855249064375066,33.70283869052133,42.992907617701846,28.8825352070536,50.717690253610435,32,90,0.35555555555555557,2018.6609406280256,22,48.45890949914231,0,5.726499522242687,39.88643034436271,29.746539806741467,24.716781399726905,8.740565912513938,26.948673239036573,32.20227588379791
25.760403986635325,22.636002332223278,36.460044199829966,31.438243978586748,38.62921295519609,28,47,0.5957446808510638,2527.721610128954,6,51.36894162165828,2,1.8420942304797459,53.18969990447654,14.45809343434432,20.418471187940085,23.204623462572894,27.582646488894838,30.393204073174438
81.58443682857464,76.4340375120618,84.35712933659995,88.01943490437088,94.84130725639872,345,419,0.8233890214797136,1081.382768201081,28,97.54012565352679,42,18.169758255213146,99.98672559967008,74.3833560344215,65.2528607915209,63.7202178629544,89.39680723860317,83.057435327859
67.45262486629781,69.68181663742041,67.09355356259401,64.2322781742785,71.72957567599141,141,170,0.8294117647058824,1070.3747794083,33,70.83743864487289,3,12.63103145429956,78.50141398234112,64.28181540520335,36.11108690811308,52.37753912406471,72.23207763029187,64.4861211156778
86.62958552870505,94.46914112587551,91.28958299426935,77.0513592516718,87.06915337888549,258,296,0.8716216216216216,474.4767611432034,4,90.56963800892726,26,19.92997266167088,89.23686962550221,80.3629016204198,65.33127583759776,67.39857222146641,81.47973084331404,91.75571309765765
65.96694749852719,52.09966138439142,49.301270132047186,59.34925648193332,73.48224071866093,99,136,0.7279411764705882,998.6516547518635,11,75.80266644670357,5,12.80338247625157,79.86103002303484,51.41201315920265,48.22936132954624,54.01199378902444,52.24086362052069,62.622397159110086
51.24258421171568,66.78974994401906,71.9398583553506,65.83782821133983,71.41758057332967,149,225,0.6622222222222223,1946.2455154328622,29,62.911447945043136,12,12.883273956211774,71.87972900105359,52.70316019009631,47.675669686115995,42.55179018299559,65.25688872223344,63.19338430118547
42.62645362244535,31.230313641625354,32.566155176706886,45.347661917812914,38.623286393842555,41,93,0.44086021505376344,2366.0287271527864,10,25.188538499829768,2,5.562909801934632,43.37003192854461,14.103341831919291,28.197682583016217,11.392528253205507,24.718498563466646,32.14766153430174
33.324955886245036,38.23374870418438,30.60125874851397,25.811433209764072,55.418473775689094,12,32,0.375,3433.153109148584,12,43.0152238157111,3,2.9396038769580652,58.71860093741658,22.113415118554453,27.042512272903345,21.091531721130707,22.420654653288455,36.049813633886416
83.92000006808942,90.8919791460277,92.05322085638686,79.06945484995191,81.20552501645489,171,195,0.8769230769230769,463.55096390534084,7,97.26551367716746,37,24.5484592013904,99.63414685042284,81.26196428676488,77.83420525562289,84.73044384894375,75.78871089912622,86.82185192231024
82.7955330585516,91.30267755977039,68.9209476124494,78.46746313515017,86.13577771251086,331,370,0.8945945945945946,987.2823292708979,48,89.83025285659724,15,24.09077928614864,98.9433838341152,84.88000452263594,81.44709838341329,61.597783023728525,74.14986151687813,82.41716533504443
59.8088907244252,56.15547908111877,66.72229265371209,62.499588290120876,69.2642677282597,139,192,0.7239583333333334,1618.079849386773,32,58.37625646705015,4,10.2582105627312,81.66959444845865,51.5633923873981,39.308398636703515,30.45041619050324,52.346616493162685,63.23817805137305
81.06453554769625,71.69014272468097,76.06637274977827,91.65550062454699,85.87376463178867,376,444,0.8468468468468469,404.56269751070187,46,82.285185214921,50,33.62404945592431,95.24143306879452,94.31286205399357,65.93890174350474,67.12832937951772,74.88556466595873,79.37576544300036
36.380950406166725,39.53980611587292,34.723189589669786,44.91930994816833,33.93828604721319,29,70,0.4142857142857143,3363.5408296986666,5,54.52410327275462,3,4.207463897873559,46.57352176904611,11.210372761971033,28.805300674282794,25.732112393625624,45.39934891594112,40.08067337661183
65.91254292865543,68.94375144019288,60.76622193377149,52.276658899686815,69.57215003868045,52,77,0.6753246753246753,2041.8172727482108,20,55.36984198733584,14,7.158111864186582,70.10589389598698,64.40324931535997,58.83567458502033,31.97367412091555,63.38841694492987,58.90747583706843
25.777980045189146,39.600038536987554,43.278466631175036,34.73005910638285,32.89597666535682,27,45,0.6,2291.3274395815392,35,43.3136364110268,2,5.805730120664449,33.92936389309262,39.71027571383241,10.31129228619525,16.292324143224533,27.050729649057054,37.90592838861733
92.2411285409188,88.91663892123722,83.89617200549537,82.19578826763859,87.30461765960489,411,440,0.9340909090909091,541.6544255275518,51,83.82300792816864,48,15.76454026578374,85.5390923624922,71.64495544488098,82.64963165127045,65.9552358868904,79.71686876677376,92.30075758115134
74.21534680814158,70.71994110397978,73.54682557617048,51.89971629738854,68.4202271319364,61,84,0.7261904761904762,1704.5292158856605,6,72.71026196775249,11,7.501341043370423,60.11915326203841,54.91525855138501,47.127574598476635,48.57009364138246,51.6656740236075,66.81635059027623
91.2103042310403,93.53203132265651,78.0382296160176,84.76184520529952,96.69361105668972,419,481,0.8711018711018711,778.2247485257401,0,90.8522839363479,23,30.88554213805487,88.71010054906519,71.80871274743714,84.65456672995532,69.4237492921568,72.50918737737635,90.09029056160271
76.33782342257481,51.05113672159325,54.29317454172147,56.008072018620766,63.96903918665345,40,57,0.7017543859649122,1018.2735458559381,4,66.27274243091598,12,10.627955352082513,66.96206140106973,47.39121498890017,39.12141852366375,34.34869504010483,71.06737360556903,61.85251089730794
55.54424392180705,51.23574127041067,69.32649995757208,61.726465807430245,77.89511490079704,143,220,0.65,1527.307412422676,36,55.82513799900407,8,7.172983608489536,77.80772214821283,56.268343104151256,48.07865936572298,50.34353707179747,61.96261704414273,63.15164877835897
76.71244251533724,60.330142906337606,72.41444395008638,74.19530342478808,76.1789364250777,126,180,0.7,2247.176375405342,22,65.41933925874433,13,6.000316710671537,66.44350153278796,63.79497361296771,37.37466612443281,38.019110350542505,59.67888485134958,72.32125065721871
57.73143793363274,71.92084871911382,52.08781220623911,51.91182831610136,58.9984827359891,155,208,0.7451923076923077,1401.6561537639673,40,67.21836040276068,3,13.995770574131097,82.165962760055,47.004532292863864,58.63407446083839,31.923872090188937,74.08765288118032,64.04830700485395
88.39057117166462,79.65048300937832,83.03222500400699,89.11171725287649,92.39129033285846,316,364,0.8681318681318682,449.0655123254388,6,78.2796653138839,10,19.95518159697072,83.08919494446647,70.63619399764377,81.14555965716211,75.92255793636858,78.51510416453229,85.61521445912489
58.960307698917774,55.18481745179828,65.40475640276637,51.453344775670715,78.22790881728314,54,86,0.627906976744186,1425.1069684124295,21,56.85947643779484,12,14.458311711158697,83.14351581103548,49.066346344053024,45.19350617324299,50.775907831817136,66.52500747052133,61.0838928957901
95.39169515455517,80.68450636110286,83.12913259464437,87.60037361237654,87.51289295240852,234,275,0.850909090909091,325.92106249186685,21,81.37432009308728,39,16.864655233480665,94.72070800852131,78.00040282718479,77.65111731029592,64.06277663243641,93.99364303654923,90.36686230806586
50.813653173366944,50.51276043423475,64.21715312010183,58.45499423091009,56.0890417732717,58,81,0.7160493827160493,1853.4601647119393,19,55.13795154169014,12,6.558389848041184,65.26541346232155,51.50560052588371,57.991541427187556,48.98487729492416,63.82167048842196,52.82319336892411
33.1013652142135,14.866146908298314,21.840392296853587,29.55323053878976,32.604924904122484,21,44,0.4772727272727273,2214.8203804997647,17,36.048041316014746,0,5.1915200781436175,58.82212028086332,14.07367534728737,19.401323780196666,28.43180263673173,33.17972830103724,29.644201838908174
69.95708405767809,74.56155420803717,61.23903948768965,56.78422537562641,72.09181304348766,78,105,0.7428571428571429,1106.8173288479213,14,67.46326193677166,5,10.662122444973932,78.77682848591043,46.71026212449573,56.37527522509329,49.92564358356019,69.36071454774603,63.99361622897768
66.6449933587626,72.85625290282145,53.59394451435065,56.9709153302674,66.01209128349196,139,175,0.7942857142857143,1968.5421225624389,56,72.45518387184413,5,5.7973846735791215,75.56109365652068,46.297020164262015,44.56006240391374,39.84175572439379,74.97306271158332,66.93440803609948
73.09041570360858,60.76600432167414,73.96796072899228,50.107810561095825,75.4664487656076,154,228,0.6754385964912281,2224.4206498579892,22,62.043727376677026,10,12.605054237190636,64.58854309414124,46.031379009073916,50.48108050956947,35.99378540763376,54.295260223213994,66.65516077940183
73.93791838230999,52.580388832180475,54.81574817486739,63.4280187071685,60.289320162232556,122,169,0.7218934911242604,2085.3236423279163,9,73.0153866694945,12,8.373295311034148,75.82767056794329,46.255328036439316,50.21721901323295,33.81632450001518,70.76458312786129,60.43547023956407
61.03091570953191,62.93352928852752,56.02595843784351,67.62704077088338,73.53629420098395,108,156,0.6923076923076923,2040.7983031566546,41,59.357498421644465,3,10.948770094341835,72.75245834187018,45.10882978735661,48.88095574764996,53.31995142182447,58.36444222782157,61.84917450151248
56.25418866481742,51.611685137413644,58.79571743236367,58.181078225001215,79.59964971610985,152,201,0.7562189054726368,1474.083240640944,14,77.96607759876063,3,5.823621318082806,66.4452410682453,58.85005204213991,54.194289254836804,47.16238372037373,64.17562281806526,63.46277760487909
75.35167786898172,67.48373994457037,49.547786137658896,64.2693662486855,57.21859751761918,57,69,0.8260869565217391,1701.2049287044993,8,57.16349612785858,12,7.053417475116389,68.82061807667732,54.15814105648667,53.631931755765606,44.9852640492093,63.83123564866575,65.28464374618596
23.092960531029576,18.473303630160075,47.18763344594214,43.42714293874833,31.097180028896375,16,37,0.43243243243243246,1884.0111261040147,22,36.198149496880234,3,2.534399202311554,44.40997181427126,30.93851627521758,11.789321096824025,25.815142837244892,21.164273035004783,31.930464887035917
67.61813121848118,74.8396266887433,74.8820086558439,71.44028088313894,56.59577480065284,156,207,0.7536231884057971,1839.581693718807,25,64.36543554277463,2,6.400680054965924,77.90345444285768,55.7945623541374,57.2300374615225,37.79847205392094,51.06076843121611,72.49417414862451
86.49122347597152,77.93557778335034,94.2122774611548,88.26725221912986,87.34827534823337,168,201,0.835820895522388,581.4846546796343,18,78.94932974639482,34,30.259547320527656,99.78681275679247,86.97895864358892,89.6237579090411,60.72090817304263,78.45349971209521,86.92152891945241
64.92740142589962,65.38927392213976,46.73337576189328,51.75711051601378,76.74072981872263,57,82,0.6951219512195121,2216.197424507667,6,63.59106643968481,3,8.102464246876107,61.98559249081441,56.126052687756,54.6273326624498,30.769520793838076,64.6470561247398,58.74252432956101
25.897793331470044,30.0506470020721,36.741629163296324,45.96620202006247,53.439174368981284,24,57,0.42105263157894735,3360.489931427203,32,43.775888890237354,0,2.663512185556315,48.30603959917707,31.66138219544905,18.63539411238404,13.805160300482001,33.15985523114567,32.58164870826952
29.20978332001844,37.406718221518375,28.93090138088941,46.388186061835434,34.970216938728726,8,14,0.5714285714285714,3017.4270867371697,11,34.009462703917805,2,1.9951557626697944,45.94662492267837,17.462894828233892,26.472048427747502,19.68040230597289,46.50031254480885,34.353979693016626
59.915657817735465,45.86735469799672,74.44655213751662,65.61999805181871,67.51763976234713,116,158,0.7341772151898734,2139.5450142782847,32,63.27788233235449,3,12.433858087359594,78.6473684720788,57.50423072960338,36.12895850888741,31.92556216434169,69.71873697503179,62.20447531209729
64.56892103082747,55.42883404316983,52.6102845478539,56.083862997957056,57.49420084627016,98,126,0.7777777777777778,999.5709109190266,22,56.05054198702612,8,5.78028664285568,74.39884497007375,62.52707372853483,47.03518033205743,36.3793860901652,58.15773704558407,56.949326605541344
42.57495392624057,34.41372442868879,47.952277946814036,37.34332581628026,45.3563132563595,28,50,0.56,2055.5427117558684,30,26.264345494533032,3,4.261255274488471,39.17768645644539,17.469334130480668,11.415964752266795,8.298683217600189,45.428832277430025,37.29386008574883
69.10570629502641,54.563952241322085,66.75813609483072,56.30630127268005,57.80843080110101,46,62,0.7419354838709677,1405.3178177083082,4,61.42788369100895,14,7.777371485542571,83.82063287366192,47.160228994003475,58.472274986632684,37.78095117161837,62.816536134182435,56.35200052099505
34.346718791002914,46.458405978297314,30.849811765282965,28.84778439266273,48.036238968142726,35,93,0.3763440860215054,3242.1753755224763,22,43.07137550935532,0,4.435688070310146,48.675065393475805,23.37099373286716,17.54854092343635,16.85968355232084,20.422878667111434,37.31622147145015
66.9606472173743,67.59984152282735,48.03396014039836,74.08680308812424,76.1576044019862,54,84,0.6428571428571429,2161.0731880626654,17,74.5556683365601,5,9.13665776727369,76.17992930735285,51.438810958634896,45.868552844238835,35.238643440045976,50.9546238169887,68.119606811865
54.25281925648614,50.38928946951124,65.09495856891661,60.188160576965416,58.907864958545446,46,64,0.71875,1250.267787889897,7,55.07917747572142,10,13.336972169940262,69.54023044956813,65.60373512999729,43.33294537913105,41.003317615441745,65.38721048356643,55.56630626679459
45.058985186901694,35.059152687967085,49.324759816702795,44.59467763394848,53.31480613823625,28,77,0.36363636363636365,2505.2722097637748,13,38.87158955328057,2,5.689364918584694,58.29703089799928,17.633238035821886,27.400195274334425,10.08724343534341,31.002518250309,40.54641607449879
68.84261120689833,69.49193179084712,72.96803516514501,71.90741601228711,62.98460292084213,133,203,0.6551724137931034,959.7586362570895,53,68.85165637172243,9,13.75187213458729,68.67917099185732,59.04745257503566,45.83452120287352,41.472913107468386,74.23930129591396,71.16265105851114
76.03062745641255,63.02140931105624,64.0355686321874,69.0735833543075,58.82712047103521,77,103,0.7475728155339806,1842.3606389133938,21,68.24594075060011,4,12.027443721197214,84.86655747180636,61.47649626239878,54.85147828931838,30.690401431556754,70.26068422662046,65.11420137258159
82.50448948608577,70.53970883522307,87.8265793301453,75.85479212123903,95.56374238284943,347,369,0.940379403794038,1159.9033722942609,26,91.97124954888108,25,15.882630133044977,97.07885764283705,70.33072032263235,77.79451141423702,79.23606448553892,93.36988793731959,82.71109863767597
76.78561817273916,45.4532172490708,46.77286697133469,62.52236484841433,77.80947075080121,133,161,0.8260869565217391,1454.8593479946494,40,55.47410265322489,8,10.420856822599056,66.44569448366904,51.678892879444,50.52152000191899,53.61418858285391,66.50447759091739,62.91075538093669
67.78281504956675,72.15079792329595,65.93928142019762,59.27386616022551,59.53145729074704,137,206,0.6650485436893204,1049.9053598529292,41,62.22218228129077,11,11.543933648305748,72.187556965507,54.15757863155847,51.13604582958742,53.68807451378095,51.031743684365544,66.8210700811921
93.60431961763555,71.98683834538934,73.38103141804149,93.60637769675648,84.55505179041413,381,435,0.8758620689655172,873.4813291274523,33,83.88602492651125,31,26.643402689845768,92.27867169520124,71.66630101401725,77.9602005486301,63.75422502042604,88.43584421803715,85.02397226952603
56.92790407048856,71.14005353013319,50.09549627075889,71.28966352537768,74.32118950186126,129,157,0.821656050955414,1913.9572880869,39,58.81878535030392,6,11.161062067028798,63.92229062434791,66.32905980125496,50.68131970046752,50.190242475875095,69.35267800940102,62.41319580480701
92.098747079762,85.9104531387706,68.1779213767548,78.03138743175347,81.68762457162002,257,302,0.8509933774834437,985.0093833388422,7,85.61582191165516,25,30.670300987911325,94.8342412302586,92.03626949187553,71.9475524312217,64.84884668169437,91.99541214854847,82.87712488191849
40.13969133700704,13.187879981866027,29.433592712661145,20.161519628357567,39.49286410068379,7,15,0.4666666666666667,1894.1197228303395,7,25.90272960183378,3,5.819040701747668,50.737909912871984,28.961931932365992,27.351927136821217,26.366204647680526,42.598598103528445,30.74735748062815
75.27607417471359,48.41836841041537,54.46333398245693,52.26949400886714,65.18458314511085,71,102,0.696078431372549,1972.3846896316866,25,67.25963261184215,13,9.494417982413283,63.74214167751595,65.93963057801948,41.99095820129317,31.3408385256112,53.15095076671979,62.28702980909304
51.48880718611391,60.89297956157521,61.100750356680365,65.71874632986156,75.25013008474846,88,112,0.7857142857142857,2361.455610755391,6,71.7318440967301,2,8.669763733964501,61.109725030172946,54.228397699103375,47.4728218322394,35.28648773467217,54.32841978184581,59.8502421554718
68.13758767559213,66.05327311462659,50.28263274807607,74.30458188096482,70.38163419927433,127,158,0.8037974683544303,2242.3608070231694,19,58.24417118461544,2,6.9074979129065195,72.71260319033398,56.2484573188264,52.896860423292715,31.27377714484159,62.44265628440211,67.24684500863233
55.447127438416814,51.918593077608165,71.73531237485143,55.11801016043422,76.98101668791276,157,211,0.7440758293838863,1008.0553875277801,44,59.0867074775338,4,12.027465744890764,84.12500523691797,56.341030786092716,50.81088957350726,43.479771768063294,53.76546400283093,65.22196780064307
28.037197301495084,45.61299119837011,30.132032006830315,45.07578305678318,42.129246477850174,38,93,0.40860215053763443,1876.7192575193405,33,40.78405636720296,0,2.4760809784641737,57.939464372206004,38.67473999849912,30.39540751912797,29.691082974801567,34.86139512232025,39.057582258891706
40.42993154951928,42.5981620685901,31.234326635768358,27.846423674085987,35.08553980186025,35,64,0.546875,2254.924812478709,31,51.836135837683855,0,2.245571996352786,42.55404620832149,14.863897662601534,17.992665688060242,24.44700438312328,26.037328965615032,37.0352370380399
75.68107206180143,64.59352836017196,74.40562469533111,51.66915527066897,64.8587543227733,129,162,0.7962962962962963,1169.7233549715356,28,77.94957351929347,4,14.560951631253484,65.78633780809291,57.14087270328085,59.43570922706175,50.661087856869244,68.21539197801228,67.79323848167306
55.757625314903876,67.67129767477178,58.54008098217866,73.96290687506514,61.52021067981941,129,204,0.6323529411764706,1079.9343116222879,11,75.03927687520007,8,8.818447989234157,74.63711272927446,63.42719226260881,35.0929025067996,36.51494715929441,63.45500978524551,68.6012182786939
77.41339410361802,76.29317041242571,94.59987779801439,77.84991085803027,88.97998676212441,235,256,0.91796875,611.4149108803556,31,96.64846259734489,42,23.907367797848362,81.75732998289666,78.76567328022952,65.83007771978417,61.96446242887552,79.92308190503991,84.43311641273654
50.94123132960248,64.35605280094845,63.17947550710934,56.98049499312874,59.48788617501593,100,128,0.78125,2182.954982320595,22,67.26631607254272,14,10.3154411102152,78.04476824924227,47.822956795839964,42.47426972963908,36.88616537319929,64.39938764645021,61.12511101619493
41.977992474434245,36.765716853085664,28.388330332523473,45.000458346634275,47.3826171678883,7,11,0.6363636363636364,2265.6959437547443,6,44.61777435603297,3,5.960110135105915,49.31950652015503,19.092256380866875,23.69708861345263,28.59916018186497,38.24937981164076,37.48431163388434
77.06153078600622,94.94012131841937,86.46987956216934,90.76319576271413,92.67387849388946,317,361,0.8781163434903048,1072.536041784956,4,86.47783197679387,51,31.54971464288724,96.9257467297292,78.90916594387642,85.81246752464915,81.26946225831651,80.59826337574165,86.17319904426932
66.90705442238914,74.79073320508823,73.92374796060251,70.72933704997897,61.65852782006007,66,97,0.6804123711340206,1731.280969706031,24,59.72944587382772,7,10.79561912852362,63.473873032962594,56.495375591732504,53.129109173225146,53.79341587724679,59.095735143814565,67.32073836803544
50.19842108852671,46.02389712213534,49.42453592414125,54.689328945468915,74.19047807066491,88,134,0.6567164179104478,1429.9971547288305,13,70.92120095349685,10,13.927063140950848,76.69536432049829,66.6101406085466,58.912027430780675,33.14102442773991,52.41468075672364,54.86151236485051
73.50303119135754,70.97288189690482,60.66781213587048,73.18155814484093,56.618444151912016,41,58,0.7068965517241379,1394.5193605951874,4,65.67717882235158,8,9.047253114449356,80.56615867865749,59.83690499635762,59.93361373208745,49.67197994552407,56.84165635254567,71.39986684857355
29.220962370733524,16.50424624081564,46.62715534963279,46.22446063813383,55.87388770596706,29,59,0.4915254237288136,2602.869380951938,36,27.569996391230077,0,5.369928100744177,59.59074541167779,34.50020986995408,28.24622256872971,19.715603498182855,41.557432377036434,33.86394876865487
77.13418960730112,46.54794340644504,55.471218373580214,52.11321939108766,76.3401101503342,127,188,0.675531914893617,2139.123104445035,12,61.909664310904546,13,7.779273120429142,72.86383866915287,61.60905091190209,40.72343553646892,33.47252115720336,55.040371550746784,60.29045972491023
85.35119440273952,78.78324312636066,76.64296206032472,79.84586658400933,96.64089708993295,364,408,0.8921568627450981,689.1934500448526,3,97.37811760389695,51,30.528990642729237,81.16550603121149,93.02906841736373,86.86042509166697,74.27732906086287,70.22496643208139,83.07969869048685
75.61659465728637,49.20801640377507,61.12945391963038,64.82764887780411,68.58723644271585,97,137,0.708029197080292,2106.42164034326,27,75.88314252598417,3,10.616325332843797,77.32020984622751,58.30299650511766,45.85591741528489,39.68333552141731,71.0422942024251,64.21809171347456
64.23566343801048,62.577127068826314,52.19753756563574,64.68473686140533,77.50849909685738,138,201,0.6865671641791045,1757.2892985560534,32,57.125062665552974,6,10.376263221803619,76.36975884215951,67.68921405559098,59.8316242036318,47.732171833700335,73.19552004376081,62.15117749205011
64.89387169473319,52.45782996806296,62.765354183443,63.94714815938217,60.57393019225526,111,146,0.7602739726027398,2116.1881082442424,3,56.373049912438034,7,12.56424536319251,66.38358590376227,49.38319156341573,50.0280598006259,47.64006540571749,59.86902464338034,58.34249684025036
75.06676324150621,61.713297363124425,65.46021813714594,67.46801600072276,66.51202058771896,86,123,0.6991869918699187,1997.4192289700495,6,77.78740963254776,5,12.553399783554742,72.41905373695259,59.83875223760843,57.473704639526105,34.95248930077999,52.4561626887978,68.1623775663071
27.479589895192817,38.977816652352416,43.311109458190856,41.77465672037499,31.17337464183205,19,53,0.3584905660377358,2352.907254894305,22,27.3563775091935,0,1.8914537966722902,43.253533769769085,35.58943364747848,12.01317684430078,28.070490544389514,44.39117992966777,33.07391492177055
71.41055154641884,52.317976914306485,70.16538047512613,59.397071341624915,68.30424902140453,45,63,0.7142857142857143,2206.33585504,6,64.80696757969677,3,7.485137092215108,75.33103014498346,55.00984635959131,35.2963823302561,33.13252241015273,58.12479738158971,58.99267471053905
75.49320553279595,60.08450547370576,53.07041793733248,64.96154395620165,60.04178587168739,136,213,0.6384976525821596,1482.5503165073214,32,71.66604895529167,13,14.816106556424328,80.77711018391489,67.79344270693383,41.3585021894401,49.313160579064856,56.636830624941226,65.78321703305585
45.87784477670739,31.023807774939158,31.572955157185085,43.46963198234427,42.93971709070132,28,42,0.6666666666666666,3432.442065620839,31,42.78553084176141,0,5.967949986132592,39.34179542452546,36.30294722456118,21.336861348022023,21.578147526374977,26.750524187045933,34.799472274755004
75.6610285745111,70.49345096220691,68.93111790899306,74.66974863925208,72.42861376025962,79,109,0.7247706422018348,2327.756153125213,10,69.5831126580364,8,5.754499354796636,81.30561450195393,55.33408489859862,52.51330288979993,47.05614077623545,66.90657232085617,69.30844338460663
18.741231918885482,30.82151821616876,37.51875207469014,26.487118968025207,41.750793899737104,27,50,0.54,1816.8347431876596,16,52.98199213634356,0,5.701783572328601,38.954115322276806,15.685125336894624,25.409558679576445,19.091776638960734,40.096630223785255,30.904839973090855
69.03085394570252,45.49902251429303,71.50456729223947,64.69836175364709,56.1286665566191,122,165,0.7393939393939394,1187.882712136223,27,72.93971024502854,5,12.470677343101828,67.40631124631673,51.12948850855705,59.715256059674076,31.66357037770444,71.08910730353273,60.687567184801246
95.28581990359763,91.4182303426303,86.65164658151538,80.43094094822484,87.24403947380604,390,449,0.8685968819599109,342.1667176748428,31,88.6501725484465,26,13.441861297302914,96.78676984712004,70.09549806646457,71.17059673004755,78.52260140380179,77.90675374323267,89.21095957627209
21.70199535551051,20.294018495882415,32.569053429234415,30.93783767976749,40.460182715089694,18,51,0.35294117647058826,1853.5618915518871,13,52.55946427143846,2,4.298619694120511,40.6623199119925,14.382927533595097,34.09681514114402,5.349659046828743,39.078851977168014,31.463208946314204
73.30549704248305,50.255212233567114,70.91111711333717,69.25802335081696,69.24652685705996,104,133,0.7819548872180451,1303.0599300550502,32,62.6048750598799,2,9.657855731799726,65.58485075133018,65.8637224978704,40.715681466224325,50.387343081023545,61.32448827295371,61.70958245789562
73.64335714417784,58.59899215939629,66.7932407432225,52.38840519090593,64.90060865755865,151,222,0.6801801801801802,1247.7677348249495,48,69.74108581681374,4,11.503655604954456,78.92486898724138,63.73816522019774,47.746851407660074,50.27051344595378,60.92695206893688,65.59820222533186
57.18405032772131,52.99379464939484,57.12576402560042,67.5463877662655,55.97011310077363,121,191,0.6335078534031413,1315.7409207662922,45,75.57069627152597,12,6.369968286189675,74.12864926392359,60.71580399757124,56.44397394517778,43.77238439423924,60.26773489758345,61.52143462402585
51.911319186707395,72.92967821771934,69.9710030361009,50.5236338182962,62.454634352216615,129,169,0.7633136094674556,1331.0360561442822,37,62.90977361341106,8,10.052245503229951,66.00596820194546,54.61316792566331,37.6457603019642,52.60089349346845,60.2049458022858,60.388625931669004
51.748340272488086,56.220883144204045,70.65317513219861,67.27668907955604,79.5457261036655,133,167,0.7964071856287425,1054.0525370420567,9,72.84601454083065,10,6.1336706623448345,82.94440630932287,50.64430656743667,37.9993827039825,35.06747270875526,54.23931141329605,59.082183086651796
68.01578982833246,57.97683722539232,68.96260868450182,69.0114184885049,62.80326216846286,41,60,0.6833333333333333,2245.2182150255003,14,64.49823163358673,2,8.777874883973425,80.31227225203054,57.34471711363778,56.4427313235809,52.37108844232466,64.94109689210289,66.06360184074708
58.199397428887295,65.38524068209666,54.46467619446672,69.81254204653665,58.26133717943402,67,106,0.6320754716981132,2208.2202897883126,24,75.65914093313972,3,13.93952260552547,79.40704160045732,62.95682080404568,41.61917934361886,45.53350053571123,63.03721554264724,62.149223311328605
30.05851347002229,28.776376929442826,30.301965882774873,27.609086736534337,40.749154872227564,28,65,0.4307692307692308,2331.2300576502375,10,40.50702146231288,2,4.983210597258941,30.09848760864646,23.509588026260815,31.773727157998895,13.455832080818032,40.34343295242387,29.83194103373104
69.62049265017143,70.66873698527631,59.013110769428096,70.87435183412225,59.44049548638006,71,109,0.6513761467889908,1429.3843396396524,24,75.5258020833289,2,12.450726145914885,74.17908898208161,52.638279158622105,40.51995044941002,47.89360097501168,63.04472042843361,67.8009082703685
64.5704220603471,70.57050350051503,66.2261546884402,65.54707903637333,67.40082224853538,98,144,0.6805555555555556,1009.2490934849831,19,64.94711764507117,2,14.499025944195347,62.72992748563367,56.5373949612834,58.449801668171645,35.81770500972179,50.86962452146835,64.80594051668571
84.45209398482578,86.84376300381389,86.36215976743792,78.5690134819675,81.43258665269677,200,222,0.9009009009009009,870.1177073121953,17,94.86030336064482,56,14.185925534987247,81.89907294836662,88.20458392971206,73.1033793458199,84.43557369284369,70.93382341088888,83.88421493187434
30.766163154725394,29.483020336093766,44.8881376468301,47.87329987411772,51.8909650293273,40,105,0.38095238095238093,2139.7572058488677,30,51.55630580413498,1,4.058216373781521,30.370660289804675,12.162771755346778,15.867680559011351,17.27744158010764,31.585163049540157,40.212474589129776
61.648480449216606,46.0916869620257,68.3603102763872,67.92465283058068,65.22005786239694,80,113,0.7079646017699115,997.8126591177052,25,75.83443459585887,7,12.830928457608907,65.23972345899197,63.257070183848626,37.527460808676416,52.34846148636423,53.72872008946786,57.02584628813227
58.54313991099546,56.96464594222631,70.05740846656505,59.75985932673511,55.28173615473496,110,170,0.6470588235294118,2289.3481040262222,12,60.167973310948184,2,6.8514654173945155,64.08453641161377,64.72304831035258,35.15055100921016,33.17942995479693,63.448990791102474,59.100060591354875
87.5234300593889,88.44234154028786,70.01963912003181,90.61263434851114,90.50791004925401,288,338,0.8520710059171598,733.680731347155,16,88.83573922389596,56,28.43175577363857,95.18010565043862,72.56289910166186,77.8463616051692,72.7222638897764,79.23201925538852,87.05568482553704
55.992001384211214,66.49469589997726,51.82831735925318,74.68284955526653,68.99715390316844,48,71,0.676056338028169,1822.6100100277658,14,74.22682955096607,11,7.841358642053985,78.32305649076423,47.71772449070378,53.80148421125921,31.142620615964688,55.05044593305981,63.13760584647636
50.633232828597215,58.92587599934842,68.73560061703091,54.01798525248321,75.91593180537308,151,201,0.7512437810945274,1673.738697738674,53,77.82908479853012,14,9.995353977440402,75.61216390269053,48.450365136891655,36.08805221558274,30.33649882328678,58.117321415000404,61.18597766450764
92.11686810969584,87.70702510451963,72.1251941387741,83.0044578574405,88.5988680358441,266,330,0.806060606060606,310.9390272208347,31,87.78811588877944,56,32.49629161505564,90.554022181726,94.82411990298252,66.84491411838498,73.84635711003303,94.23256339047748,91.03029083535684
58.93276351445378,59.9907875571292,56.22015598119868,66.01384491610119,67.17863406952023,139,174,0.7988505747126436,2391.248448440301,10,62.85906183127513,3,6.9003307983554665,64.69743799861004,59.133392076076845,36.26500212261695,50.02507244088982,60.99038126670135,59.770961669124326
68.49109818358272,61.47143092553182,53.353334701663,56.79852007032504,68.4657911883076,157,238,0.6596638655462185,1118.6887718998437,60,57.175213182791275,2,6.180917581971333,71.89250053138731,54.99189726104676,53.04524489714292,53.825103880243006,68.83896461847814,64.15901392788334
70.89121600169062,48.63146328517016,51.64827564717453,59.49135039671683,64.00996012798787,115,150,0.7666666666666667,1289.5666560994953,21,66.54365814926129,12,9.334082173718404,72.39943666731853,69.67557704953688,42.45884076632208,45.38172900858969,55.98769360100762,54.932649931390635
52.10667821705356,62.956428539402935,50.35960952477989,53.642631312230094,55.10299543481675,145,222,0.6531531531531531,1016.2133358869386,18,68.84162560371055,9,7.640158821396067,81.85425804189981,47.85814364003006,50.03725339157609,40.03138837447523,54.77001499075724,58.619794432194624
77.09277741296701,55.70270037593083,49.19563507553453,59.96008537317846,67.3652828230886,114,181,0.6298342541436464,2135.1803467056,31,75.15121504773217,11,14.87088537881449,67.38919346217584,67.41447122060714,42.61840501352697,32.40275827605978,56.19043497652361,64.87993371261234
63.91218796085272,45.83378369901234,55.178483454178256,63.06338088962796,67.93059037790626,86,114,0.7543859649122807,1978.7787806115539,15,68.34943053309337,12,9.251678729867702,65.18786563125576,60.82519481330095,45.639609003533764,30.402932612194107,50.70412485041915,60.52774296613854
77.19007195144302,60.5188948767022,71.88170062493954,58.662494275421196,76.5210400774369,121,162,0.7469135802469136,1063.362800091889,43,63.35366772986306,10,13.59762994589343,79.03269996889956,50.40641198069881,47.09479765324294,41.295326960273016,68.12161538350944,67.01084423218923
29.427319784181517,14.544120057064521,43.38330239468725,42.833253252638656,37.388951012565705,22,43,0.5116279069767442,1881.4615775766695,28,25.524889048764877,3,2.893671290601446,57.25815812269177,36.02342809578046,11.549023574858149,12.631798594545316,45.491684610488896,33.726295638833946
88.21288160313797,91.88754819571507,69.19317129878868,90.9053462371978,83.6292917608594,435,528,0.8238636363636364,467.7644881093297,25,95.88092100063787,34,32.17561243870149,87.84890214845271,90.41498598678943,75.97837271425546,69.42361073562269,81.56699464174017,87.08517447569106
68.65313331981652,55.9595868949453,46.78208921672313,70.75182745513943,59.2725948794132,91,114,0.7982456140350878,2224.7752355290995,24,57.834664261756686,6,6.009159835544194,84.29291847665128,48.67750026258243,54.1586431321357,30.87128404098966,65.61354493349529,57.108470389861324
63.56113646981819,45.305214542024366,65.92464169793872,59.73402911244462,70.82466175571514,81,109,0.7431192660550459,1174.472604815521,8,55.532365943172856,3,9.098398682995459,77.84476126229028,61.880491188490794,35.25595006439988,37.13346237936678,54.727288012594514,59.506572951134316
24.051607594496883,18.83454223513077,31.593406614468037,22.19399206005642,40.121804080555904,15,34,0.4411764705882353,1859.463607015583,17,50.54652332538387,2,1.3037763654499015,32.24609884118342,26.349208923720692,17.126610905085855,20.569736187579334,36.74938949173763,26.282754745707106
64.24288969851827,53.33142097555696,54.087512043930374,55.59605971408496,58.62482394549384,138,216,0.6388888888888888,1386.4082323959194,31,76.41317962192983,11,14.381989154256102,77.39362723819373,53.114004861875216,40.475875829600085,32.00358388333861,67.71636011848463,59.43296067947763
19.366218116572718,32.69140925405188,22.676809970418887,42.98024191412232,57.57670542991674,39,78,0.5,2295.8696976667097,10,27.741354310218128,3,5.074902926047905,46.13370486909854,36.161614783200434,30.041858871234442,11.913708748498209,37.642863920708365,34.17304328409425
79.88014879903808,93.69212080164002,92.99407605218656,84.95150288308271,80.11691028798661,239,280,0.8535714285714285,1112.4984429880906,14,84.12897425169399,26,31.277661632224994,90.50404400461593,75.20817367150099,78.11721030233693,73.87706503594127,88.5614391053389,89.37071712455631
75.29887432555819,62.15975835920125,67.60756076998486,68.80110842206568,58.89374399497361,149,212,0.7028301886792453,1706.747566758621,42,65.89069751804448,10,9.309933420681695,78.15606471268427,62.33492565681337,40.11204875626449,31.46267878623591,63.650168788339684,69.48564599329195
31.89067485759755,16.863165275268187,39.72860009939117,37.90180893603042,35.11218977470365,9,25,0.36,3305.240258140877,7,33.54555208492174,2,5.9827013605615065,58.728138545209454,21.48542005113113,14.955106245763108,12.311559821409393,33.85387434664499,31.32686197212916
88.09898940968675,89.19713320515106,69.2456360734988,92.64940389886272,90.48311915135305,384,435,0.8827586206896552,920.5807880148736,35,81.08693861497152,22,34.923715392497634,95.01580462359576,86.11799943454544,73.88224108048297,61.22902072887621,70.77642190087889,87.91364882318528
55.570337221299,56.91369076815357,47.13672086207165,61.29184320187929,79.25848531812127,81,115,0.7043478260869566,1557.7518724118654,26,56.485193864958575,7,9.878416434777778,68.62140953571581,50.09905793271917,38.6649603390714,46.40177792443015,63.95255942182128,56.42521620867365
25.508722611237804,42.14784251184212,49.437150530199034,23.60464556943743,30.535801680459723,20,34,0.5882352941176471,1934.2817681704748,15,37.70954033358381,1,4.29419107883081,31.21828470908672,10.444307221424637,14.989202438257003,12.954298521817785,33.566667354424766,32.10590440557298
85.38558152480076,80.60852237341211,85.62394412149185,79.9973493051586,91.52451646914098,297,333,0.8918918918918919,596.3747815781394,0,88.14764221340505,28,17.36022332365175,99.00759502964186,93.95819216203466,67.44268188466896,60.374962509428414,74.02750058141055,85.34555914291197
44.30789175840559,24.08176811375607,41.36184732973635,47.78847213019552,48.604175847663825,43,78,0.5512820512820513,3176.5403774428432,37,51.185442159218745,3,3.508917987851044,57.93414002516035,25.193726363356866,29.717474738836803,5.722749666048913,40.38627956015262,41.23803782689831
82.4411994871663,87.2914557141724,81.6973528550646,81.85461850855815,82.42237280787394,193,238,0.8109243697478992,714.6028468501402,11,89.94512507557889,54,32.56809771989752,92.89805810584711,77.20628942918421,72.46957177635629,82.28000182659005,70.34085059764554,85.83104649727102
92.76745046021522,74.44456723275724,66.31713840891912,88.07397385810158,93.9308503188261,200,219,0.91324200913242,437.3168018721409,7,91.09340077454976,33,21.297061009543974,88.9896552420216,94.29811376755838,86.2566848583981,77.65921929625769,77.26197398058136,84.63319505149853
86.83411954139153,72.77901768271558,84.80356708988522,91.72158550333677,92.9320510634435,417,501,0.8323353293413174,950.3505523510046,56,91.2262596173086,47,22.80644500462452,86.61585982855311,88.87350500395823,73.23383810624887,63.45580216963343,79.9760113012076,83.7818664710273
46.53787271318719,35.82524180384347,28.72643670604908,20.5078751501082,58.15471027104138,13,22,0.5909090909090909,3441.3011016180876,14,30.702954038214305,1,4.493093316919575,54.582564811031766,13.005332462396439,32.46684760109507,28.31349295308843,27.259552346595346,37.708450119828235
53.36704965762415,48.74171310156774,73.43588314904882,70.48494611763853,68.81026167170022,71,111,0.6396396396396397,1630.264748751842,11,69.09666405057492,9,12.956352921734672,79.16937998814971,50.1341970934683,47.48897525386974,54.01035467815964,58.58832361453729,60.39236389320781
70.11537577555407,51.11167385791546,64.39405561294649,67.17721180259261,61.38005310038995,69,86,0.8023255813953488,1766.3023874157698,23,62.744481737442186,13,10.399810521144204,69.81473502271649,49.545554032872445,50.031254936804416,50.73076573688879,65.00011171273204,62.146677404452355
73.58188224588727,64.4450414693863,57.120603085884404,50.404238498862995,69.79172051483759,70,111,0.6306306306306306,1386.3863805245446,24,62.60993863205175,6,11.532715658327437,61.34242969848436,52.83513903686391,38.735797553550476,44.50440924491335,66.5441288681849,60.489208853216894
22.18633124680797,13.90366476549067,27.27765392632767,23.720972940572892,40.55952729741979,32,53,0.6037735849056604,3272.97985849632,5,26.779042996369988,2,1.85041184009041,34.54119934415684,14.882310304354316,26.676571909793697,23.694706668543226,45.76685844598653,21.153453420120773
34.15935105016868,12.621754364190604,30.41637048769128,35.68508675061475,36.85183014256956,7,19,0.3684210526315789,2544.1059684206384,18,46.4498734386815,2,1.9786605415711702,48.11316772524851,32.683695098420884,22.437462487094443,9.647475655896464,21.623004980318488,31.456280672167292
92.13648460676507,71.42694798080835,78.65431055108468,85.44869152142338,91.6018397112648,163,190,0.8578947368421053,507.00795355893274,12,76.7699236374718,46,24.196098050602703,88.82064323496323,80.11213624204626,79.31069398583665,80.09942448502244,83.4600372595197,85.3074600205171
75.94781012149454,65.9597094024372,52.71531408073282,64.10212304221562,68.32576403720638,131,185,0.7081081081081081,1658.9483445300043,32,67.53009304269472,11,11.414903690642877,81.92297329677118,61.90140012533133,43.92459230350282,42.81720180822029,66.89366900867942,68.36627831046998
60.82802916362059,62.13059252712911,59.39750394892717,59.544485962746364,62.70808554549328,154,188,0.8191489361702128,1187.4050362777984,41,59.714103434183855,11,11.705135986187676,65.44561468321609,61.916457612374614,37.278304330844996,33.68006152744773,62.72053621227487,63.97385197061352
53.13838604538225,68.99827695119598,52.95117268483568,51.326094180301695,66.12982400540007,117,159,0.7358490566037735,1295.3837713100256,24,59.356376732692844,14,8.269124672523922,83.58763959470087,61.35082517453935,48.317976782082475,35.088367948010685,70.83436935635967,56.89674034177873
93.09062553639524,95.32082194313463,66.78876573161807,91.2491235483781,85.41240321728799,393,481,0.817047817047817,940.8570792682538,57,83.13746510481144,39,27.96181849295334,83.32828568621879,89.65918464904244,71.25141896275383,70.42621820802252,78.76175505794819,85.679858354362
21.507433859155533,14.294961478035365,30.401760616502795,30.31194253123187,54.79257842184769,18,52,0.34615384615384615,2178.4065923565718,20,45.62352098800021,1,5.51571969698422,33.130550259960415,20.719877782662124,31.06295535813157,24.797448468698796,43.56202856199525,28.714719123829322
62.98604876114989,50.42431905112906,64.40324883245798,74.81967545658966,70.56477244856308,75,111,0.6756756756756757,1103.3173254172723,3,59.50302755778931,6,12.70432195401234,65.7774119560828,67.58609241352319,37.43203420867155,36.34030139229866,66.57558595811004,62.711506645451024
49.1521188753644,46.618757572996195,20.27976517924672,48.7446249486325,52.20583257388853,44,93,0.4731182795698925,3060.081854243116,13,29.924241808341776,0,5.451096187246853,39.489130221627406,39.90680373565388,17.45882768703899,23.045745476958743,38.03224701750946,40.104325354036774
68.34713526349478,71.86426817257181,70.5107431571861,74.51635478906347,79.40602582341438,107,151,0.7086092715231788,1954.9696222016648,12,71.73439634758438,10,8.852582801062605,74.05595482096068,68.1101780179247,53.63575667414939,39.76037463413891,58.425815663794026,75.26295289206728
57.7708061755808,70.9328288556631,45.10118830651667,55.03132902262269,69.7611672065494,50,75,0.6666666666666666,2042.1713731906818,17,68.73937372409267,4,6.179063118202842,65.79962462459221,67.59312300934519,39.430904944308836,47.0557316894146,63.26157500102038,58.284728084815924
46.98656024685772,39.91889725557304,45.58209602372096,42.04616130975194,49.30651084393264,11,18,0.6111111111111112,2719.910778420817,12,47.93649207907005,1,2.469537064371775,31.60439008609459,25.11127038591939,14.545755217498808,9.028875814228828,30.762245134975565,44.71933189853893
16.507522000050333,21.42209219701441,43.3499281478936,33.16376855928414,38.72326042796141,30,69,0.43478260869565216,2344.1268199303345,22,48.745892802143786,3,1.8436837784868434,35.37322635867072,23.41210953796045,11.035467801334361,16.938039443562918,46.00989322614638,28.173921448316122
31.357749936568865,14.924627814572617,32.43991252840647,44.54526249861648,47.44306888393663,25,60,0.4166666666666667,2590.653110769716,20,41.33522414206219,3,1.5573459309877733,44.66275230109706,31.074830754825623,12.175293145183566,24.812425813915787,26.216126410043184,35.21995719310253
72.88818753854876,47.93907271185202,65.39269763047116,57.333208330162755,74.88457935306545,44,70,0.6285714285714286,2352.077093731298,15,55.47441253631658,5,7.675901783278528,63.81743864089121,64.21003056559334,45.90449923545061,34.426320091250474,68.97119808801368,59.30034159485611
43.27994645429737,14.53007758800942,21.26384058881893,33.98529714561856,47.749385901734854,6,12,0.5,2528.875970039333,10,29.242097307366993,3,1.3328418220054004,57.15365556740958,30.07321398422227,26.777957203288455,5.688880557019153,46.25490631368075,32.50239958390652
24.449405469301276,37.415831614614035,29.844501831483072,24.081454747907383,44.449612434887804,38,104,0.36538461538461536,2862.9293361963155,21,37.62759518204445,0,5.150145011031283,58.560577212170855,25.037304010705512,25.12504288963313,20.236688573745873,41.88017618075214,32.946115236835595
68.10005618377609,51.4795582718851,66.85926971150701,66.14275861864093,79.64361755025074,147,221,0.665158371040724,2046.018938498581,58,62.79661105477793,4,13.879018383283206,70.10487199022204,60.61832129739036,57.230953438170644,35.24566457726404,74.54693240881514,65.11713433276365
71.97544299391379,48.36340945014589,56.43212029303267,69.36400624786468,65.43353683165815,111,139,0.7985611510791367,1773.5949063543221,22,75.23967090589923,7,6.965865875819603,84.73874478312068,51.0820268215553,55.954800869589604,41.758095638649486,60.8747309728182,65.35088313072131
56.04591682629081,71.53413940726583,47.561063379796956,61.109559057526624,76.23555673637225,60,79,0.759493670886076,1565.6074161167467,8,71.25397074787784,9,12.258936605836354,74.24298516333714,58.34354951944162,46.31086237793875,54.4135776586141,51.24500707235942,56.996308540370165
51.99544212963073,48.35747448650765,63.71075049910829,67.10170943491096,70.91551038167411,122,152,0.8026315789473685,1880.1683224061685,37,64.6257203255386,7,8.118522116012514,74.6935371986323,66.40520836143918,52.54310308768868,43.57532761922669,65.04695898900086,55.05265081851738
70.17609675655474,55.98275210235926,66.25257242046155,61.638287034997965,58.756902270954235,101,135,0.7481481481481481,1612.3369587341265,37,55.53036409452505,5,11.311432892894356,79.83610106621752,45.362217153982215,57.00911023811432,53.85124399819796,64.37923354393926,62.04296250997791
95.12778282479738,70.69166665351067,81.85944024879137,79.2851086868637,86.13589427886242,401,436,0.9197247706422018,874.5075755229807,42,75.26783268857122,34,29.828701356165553,96.07270294307386,83.29001872544734,69.66952017905926,70.6390841429588,83.73723933779551,84.69103943348237
80.84716533764234,83.56498121254154,75.27960464362747,85.64489977652599,82.26334721251968,275,305,0.9016393442622951,934.212686462982,41,91.85667512185086,17,34.30797706046722,81.87801431578836,86.81505295562816,76.09375548261428,81.70355635943764,74.42874473618465,84.2756944226754
51.4201562269534,17.73990707066023,33.56002814161297,28.14160409883504,57.680366509055354,41,82,0.5,2499.259950331377,22,44.58339266356579,3,5.843434822314096,35.56438510069267,26.297826079776403,21.228153635475667,27.97140272314374,20.29733850935488,34.595101458815066
68.53956576791897,49.738391172653046,72.12491051868224,55.765866141535334,62.28505665720612,76,100,0.76,2393.0231946408294,31,66.37548377766085,11,8.92262145767694,70.97524977999024,64.92657208005573,37.34095818618642,34.55783308984099,74.34600662438037,59.81440796001977
23.150828808293817,40.98983790452594,39.45445990486134,29.41462641625934,38.27610503482248,38,68,0.5588235294117647,3380.829897886087,25,48.03786701894886,3,1.2470177380226024,31.556042686055214,18.91359274164668,13.68768560744436,26.833306198089215,31.781918794136722,37.156720772549804
61.4866084560519,54.52863631610184,58.152798362954734,65.25943155887634,67.32460019600603,65,99,0.6565656565656566,1041.9293076137137,10,60.51420354801893,7,5.626514310765165,76.56244613977654,48.035306324328054,53.67518147006292,35.067634781380434,51.2128005089463,61.623445865752636
78.83992104118558,88.53919731649228,84.9915624073462,94.32095010257355,93.69868022451409,422,500,0.844,1149.5840748268886,8,77.42339321176969,28,26.589814013357696,99.98932496431262,72.6202016249393,77.46426998764272,69.6280029975625,91.64550413055888,84.43443983126616
72.3927380239595,64.42747632812936,45.10838797602716,56.3423573772128,67.3472838051562,116,158,0.7341772151898734,2149.264639300256,12,57.58063143560979,5,7.9204555809791515,74.87057748726443,45.687322240794366,36.61750826259971,48.34675218032103,58.0472835633491,59.30537036574443
78.03155708762363,93.063111355621,73.25074317463394,79.4722523958533,95.42774491297848,231,260,0.8884615384615384,867.5717654847724,6,80.0082202111825,21,19.138530449486762,95.24259240900649,93.40441410416263,88.51877148086153,64.36953212187335,91.86859124141415,85.01595042791044
92.37767618649012,75.94875230278218,67.30939729486379,80.79502905827536,82.90198317057208,215,252,0.8531746031746031,566.0703172539426,5,85.50029512110693,53,16.291111354378824,97.85117996979956,83.48355604789127,85.18600387910156,82.40228249808733,77.9500868742966,81.82680092393264
77.52446005977215,46.739927174181254,62.5058864659774,58.73317589939778,76.08706232035715,110,168,0.6547619047619048,949.946675347758,32,72.24715845575307,12,8.902891008393338,76.36305672527355,51.358988470159545,45.799689810628934,31.41787845705564,64.70231978784894,65.6638429988517
72.39603020908095,60.86530122656278,63.33463470678902,62.90543349941398,77.0114558341926,78,107,0.7289719626168224,1085.4046485717759,13,73.8477352843717,13,8.812754552654471,68.25117192815034,49.57882227875355,38.657486470786424,38.469292361717486,51.04077810258638,70.30142480740345
60.17372253701564,66.90585798484665,53.95938040760225,63.57255328694048,65.83389050544703,91,129,0.7054263565891473,1841.4455323526818,2,62.11374046562969,3,13.229806253142906,74.66473501386224,60.32598141180964,55.51403529497745,38.57299146574698,54.840835634505346,62.39852203332674
67.24211437144348,61.522971791164586,52.51504274087819,59.2779922804683,57.417242908443576,136,202,0.6732673267326733,2266.3128127868295,24,69.89617046972678,11,7.3286398979084115,74.05703910313481,68.56649357765215,47.80706824715292,32.81843220491741,65.69457934290845,59.76532142301818
88.15725670117178,82.48234369824121,79.74221790298006,89.43953923597061,96.8793497888268,371,416,0.8918269230769231,347.0418008054369,18,77.48789591366746,38,16.480257460810314,96.32067004604137,90.0640187037907,77.15979070222235,67.46126652869401,85.95231814491132,84.40118993437994
94.00922607450254,81.60123174541613,89.17533597853499,75.15928809490902,96.6420989967825,432,498,0.8674698795180723,781.9984333917052,20,92.07820915532969,33,30.153735511352767,86.15591663361491,92.84471109683147,88.82037542506265,68.16856355075102,78.86062371982638,90.26035676421043
79.70260037925837,76.63803598910222,73.87084022124813,86.8760496161923,80.59057323431495,420,514,0.8171206225680934,714.002156022719,46,93.65020736318212,49,13.095748921039652,94.53498448336393,89.34765554426663,73.81506514822145,80.61969640694467,82.89148514641134,80.5803856104407
83.23034664875526,70.21973889762397,90.17623859118376,75.6398892028865,96.92323702512634,152,178,0.8539325842696629,1084.1382167431416,17,85.02189020739607,31,26.886112518150675,80.89536777376973,71.35119068374317,76.43076049048861,73.74055752765088,92.19544100839548,79.52417903481876
83.22180184654006,71.71324447350992,70.01167008406357,94.85661650889394,90.13423297708994,383,447,0.8568232662192393,994.8286073751193,28,90.27551359625309,18,27.09136011249117,97.63709601641366,82.13201792775496,78.55083362743005,82.97595692571679,92.49773858386679,79.49811029374189
30.141726897422462,43.70896227015659,38.30327102879205,44.087274211994554,54.295166118290595,41,84,0.4880952380952381,2596.1739414522754,26,39.400812688842315,2,4.175685240579131,36.40211512256696,17.577091871617803,26.210721886499442,24.057748184165092,32.93928094273588,40.331589085145694
75.34039048429771,63.229139840523956,58.59695403750001,64.30673380854444,60.052061568505096,154,218,0.7064220183486238,1767.6716337790444,18,69.89488421129124,9,13.933429528041914,75.28577018069723,47.89283248922424,47.77326441485369,42.43135789871179,51.51004671982317,68.39016293056685
70.7194057419979,53.18331101776132,69.73347714407137,72.31141293021435,63.76334680050881,105,151,0.695364238410596,1374.160582691747,2,70.81056348673349,2,14.076181048784877,60.87194581785436,45.97756088355608,58.732482172673386,54.121848641987654,50.69355566931596,62.96406767893306
63.85071190236562,50.24839541273963,66.99658708744231,59.04443836096835,59.65913077326293,41,64,0.640625,948.6692606635867,8,66.08349037932214,5,6.389459359427484,82.8672731177058,68.2181049498011,52.08566476045009,30.440785223350616,63.426855397583154,55.99080378053722
15.489751587151044,47.41542172416359,44.4765059734192,30.648176065273503,47.86090680355746,9,18,0.5,3166.2058270863404,9,52.11088246626679,1,5.97496312652369,39.504566121187395,25.264022596195204,23.942646007500187,19.485070749176543,30.47785183746839,34.072101547195444
76.72720497361638,55.998672892571186,50.17973838447129,54.62532230382476,55.50897595212267,105,163,0.6441717791411042,1143.7059549213598,12,77.83818411116683,14,6.783750019360904,70.54572006436985,55.56894802085259,53.999106457631214,50.94152264440139,52.369378034784276,62.07059767780065
65.05874620962273,52.37517957581466,56.56451672192162,50.6715147789576,72.23186971494223,54,68,0.7941176470588235,1385.4273638314648,20,73.75286200116871,8,9.818606523862941,83.56517849538315,62.6540080780965,41.54749339000185,42.59804544353564,61.666820476299456,59.742806621582034
58.01370473275651,70.56743915949039,62.90510135987826,64.48457709478518,71.47830509603016,56,68,0.8235294117647058,1365.3916419795623,21,66.66692366858469,10,10.545607137627746,83.45613383676996,65.3342371578264,51.65058604521897,38.73413006649388,57.607983688135974,66.22642113956752
58.40257905742652,67.23641429114811,51.86115411450382,72.80050010369925,68.36954312717215,85,134,0.6343283582089553,1295.923793081052,29,77.60875182367465,7,11.356411063196798,72.65195650294588,65.68848712656963,51.032520281420545,36.588611786232605,63.93595079042082,63.72310919416478
51.414931596500715,21.986138764034763,38.15133207562533,26.599137458462405,45.534071351308626,34,83,0.40963855421686746,2203.8412632240334,38,51.79802845906646,0,4.97080487985366,59.177279121181456,14.508386938879543,32.665324860365004,13.527566593045963,31.649676214268727,39.36565961398682
62.59656486915442,54.78783586401199,53.46612481655425,63.53688939084209,67.08981726879675,102,127,0.8031496062992126,2235.9706230720676,33,66.07310425318329,3,13.245946415509502,67.92838312120108,45.10865759519031,57.78114193645296,49.01736732715601,52.68129892058678,60.150832584252235
55.14038087038935,54.347868043407686,61.78998122895575,53.36190490196533,60.00837383179717,102,126,0.8095238095238095,1498.3173977090091,18,75.43741168848697,13,7.630252328845673,69.17700933981904,54.83292027796763,37.94715165720013,35.64553386336972,56.54118130159022,57.62609141430289
57.729947030737016,60.25823398011763,52.5579241404691,72.57282088384795,74.15964375206393,71,102,0.696078431372549,1258.1123152385142,29,62.556315970009805,12,7.108695994596603,61.41878404848587,63.4976672505436,47.7052043759389,32.84457493451207,55.53336956543779,61.87746314057948
76.63386069227685,91.27600325955788,75.07047201928525,86.49164395103759,89.26611622879642,232,280,0.8285714285714286,427.2451987947062,21,85.40443546175112,54,16.535208585265522,81.95220076217983,74.17121445513943,88.0932848969194,80.53678131940477,78.85161405887735,87.72006210773348
87.74616887532237,89.81285074701533,81.12137571331564,91.8157014387823,80.60167759567798,355,403,0.8808933002481389,551.5224971066837,9,76.66465704346481,46,15.325333335510448,93.90516801510867,73.55352133994795,80.99438003926056,61.36711551883414,80.1845569779785,88.05865468112071
52.63889241763545,67.89150479186067,51.06190089230683,71.00815149260957,79.03829551527504,110,170,0.6470588235294118,1377.490955783689,7,73.20563555481111,11,12.153535462678857,76.43954717008322,49.70042883883944,37.79460747762355,46.52164396004366,66.9094208913728,65.08577640281538
69.8554050194881,74.15396105649617,49.85625941199954,51.56690670587009,59.87114829918652,95,125,0.76,2117.0905685166163,7,62.58361655303636,3,5.687262798766287,69.98001293629011,49.66963555641339,39.611830256663104,43.064721775718525,66.82802845244385,58.69018121329519
74.0920587064792,60.9604043599009,57.32825499661942,65.05134182317613,70.87384282430723,121,182,0.6648351648351648,2353.5194452545,35,56.41548087892761,14,14.930186792123122,80.40896273040225,66.29706224649614,50.648377855486274,53.05813945552332,50.89346379318669,66.28321737062524
31.746764236259033,10.189700480123056,30.53199958455948,23.820924550905932,59.64358494730996,17,28,0.6071428571428571,2333.1439149343505,19,46.465438838881866,0,5.85697289924686,39.31172476327188,38.15356251341779,25.321265087193378,17.38271777475301,38.699558578770045,27.429767118927902
49.563159209076346,44.76852871640876,24.123272775715357,35.09474460407899,32.7861085118452,23,41,0.5609756097560976,2155.3732345783947,24,39.48041855570314,0,4.488161296476283,33.630151010976746,24.575668316220217,30.415127351540093,19.31192959270613,23.71265593239337,36.466835647122785
63.96407981382414,68.91987257216807,46.837263196544804,72.22245740629077,79.90996329748683,142,188,0.7553191489361702,1077.8114054634725,50,70.92849217873885,12,7.111604699627524,60.665792172852626,62.98389579376308,35.500129110654214,54.3350652232089,55.54018141855988,64.75773011411655
75.41934940155632,75.0902276277722,65.22688624934426,87.94949428309206,96.16454988109976,430,507,0.8481262327416174,642.0670580434847,20,86.0212142772028,28,14.33267905433198,89.71743518372651,76.4194141930127,72.12182254904808,67.68224912315716,90.07564744581659,76.2437100494695
25.475840624670028,16.79515990441047,41.31163996746194,49.077211633204044,38.19075080424993,18,36,0.5,3342.5167645812317,17,41.343043962264744,2,4.135810872392846,51.17646611724658,12.675016126554578,33.792008906106,20.701412268628324,34.56505848194883,30.279405435715677
64.15864080636258,45.970358637566925,64.4078502329474,63.85738028771892,71.67090701903233,66,97,0.6804123711340206,1380.674895562142,7,66.3838990752148,4,6.943321432737606,64.04023951488409,50.165302017024395,47.721021203262666,33.10468607898642,73.45295826491756,61.55970983983576
33.03124912369145,26.1407417977368,35.80122731388476,28.583443548425464,43.887649423114965,9,14,0.6428571428571429,2182.7524249667886,16,47.77742955905028,1,1.4087968417503018,44.48220448356416,36.82216240910246,18.24493773743319,16.11315430276331,22.382082967295375,31.933866057623497
76.08021723582627,74.32336758765807,87.14100849279112,76.65597335850254,90.85673797039499,431,458,0.9410480349344978,1053.3710916327263,10,83.18047247869383,58,28.59525580580383,92.20809334015915,93.73266992644415,74.91623432630135,83.85217341349083,73.37503193553017,77.34842246794065
46.60868555363256,42.60508706182133,47.06799276270455,20.16389972725635,38.94574334988285,21,35,0.6,1843.5154415056804,15,32.677121284889665,1,3.4592971157196803,45.729180839782515,20.479832331313048,28.747655556953564,27.620166767805397,25.922646738211675,40.6854581111198
69.85442707986779,68.5580268302666,47.55097360505812,64.56912783608861,75.52855317246699,146,211,0.6919431279620853,1437.174324756405,2,62.319905885561774,10,10.800644539843894,62.30138302743656,57.97767959254089,36.249049116795995,37.216301207824145,61.14902789940458,65.02997402731361
56.77938129761304,45.53860412997717,55.39746761377064,63.16928208288296,61.94277354770941,135,184,0.7336956521739131,1333.443371016359,40,76.59832615217762,5,11.660208284725071,83.20150889126413,46.764662236198475,58.83383982209055,52.75503208905086,52.94330750857222,60.21655941106646
69.32251269764768,46.010695115322115,64.19273137318336,52.919684056971036,66.62838254638919,52,73,0.7123287671232876,1433.890064431234,13,69.5736909145505,8,6.886670830177872,84.36747531771199,53.62292678284945,58.07483185030443,52.706624073999045,59.12122468905786,56.23835264249427
68.00809199617166,63.511589795321655,68.95055146391931,71.89685146501114,67.75262351633916,124,194,0.6391752577319587,1065.9086279109968,22,63.19193696616311,6,5.390561788164391,71.61190364293346,65.43623786190751,53.15506969097751,42.219560442117945,71.50124699240543,67.4837623123492
86.0608380173206,81.31469038063928,93.12059882647594,89.1203801532805,91.36107162722071,275,328,0.8384146341463414,746.8150371197698,0,92.94490045889235,45,29.606796676795526,83.17816335338708,85.25562873694103,68.38385205694213,78.78437715072614,86.42387890667848,84.09766757404171
37.6742729601101,20.842293998258526,24.414653965285854,22.595881141933386,37.25092007392326,19,45,0.4222222222222222,3047.4701043300147,13,33.10444821129831,2,2.6471006807071737,46.72073177011954,10.63882862490661,28.567008905279202,9.210112613667857,39.30283453433559,28.19131940554963
50.17312262698442,59.81961796290421,55.82008992927908,63.886032561020656,73.02063070207002,100,123,0.8130081300813008,1336.0572838565731,32,61.33961351037247,9,12.508303636863344,65.57017106000713,69.85749084510097,39.19578803412023,49.719292889137336,67.62611179563837,56.99387030799701
50.36980173001643,19.265910076520427,44.25431098167104,38.62397684460524,42.26536770225474,19,50,0.38,2462.7750135372853,27,44.28661707040716,1,1.6549124659661365,57.898116097422175,12.84341523536235,10.101990171235117,14.72576228962255,22.90782728409958,38.283954349785525
43.77075205480604,37.174681325236236,36.19530307945553,31.50150532182065,42.22505943699053,32,51,0.6274509803921569,2372.5993309791097,7,28.76245756815489,2,1.1345531560102664,36.58678925741383,23.06109615621289,11.98568361090555,22.89729571609926,35.45882364348645,32.64667026764301
64.0269311380622,54.93529242303204,74.88814703409612,58.890833045183896,65.7150659945128,72,110,0.6545454545454545,2297.4112427214914,21,56.97133214908053,9,14.218884855854572,61.35967415003931,51.644341420435886,47.87469636819582,41.99814222510985,65.1177448471848,61.716968836596486
76.8138162319562,51.28405295415707,46.14792434967904,71.81066357476047,73.8050678987602,137,194,0.7061855670103093,1165.4294539497805,14,67.7758012832378,13,9.71874586771291,71.22846342861163,53.371881903323754,48.342537429413795,41.313866548714195,50.91867191558885,63.08085948046039
93.70229797688474,85.90099018246443,88.37281830145311,89.38066677579775,88.94186203628894,177,202,0.8762376237623762,861.368020949587,9,88.88571450330801,37,25.45481022014413,99.94043609123395,81.39666250451083,83.72068659009969,76.68033229354768,94.7857922889522,88.48478431391558
55.53554087922026,55.9218861538998,65.00908588644619,61.17653888852059,78.35149550211216,92,134,0.6865671641791045,930.5112466014015,21,60.30767296954815,3,13.726366876911978,67.43359368850115,51.435280754917635,44.53602705264022,38.90417413286107,59.30844545963453,62.18119494977846
87.43460779703246,86.57317743895337,86.78274001167985,94.5170415892507,89.29340626942151,307,324,0.9475308641975309,658.9388113003151,18,85.09634267622963,35,12.583067098555523,99.2529682935585,90.89950301280514,82.39935515234245,70.22382361035675,74.33235800177114,87.50402887654185
51.7108827816249,70.3366912713648,65.21943816949653,71.23146566249116,58.46368606111736,83,126,0.6587301587301587,2266.775383961144,22,73.6220036376204,9,6.064963170044511,80.98678855807748,63.62853871051196,36.471915075385304,35.23536473988214,63.93193908287526,61.12477931385453
46.95885545259313,34.01773998760551,26.568863749637046,30.849996114995097,53.69894420219347,17,33,0.5151515151515151,2951.826906655591,6,49.09867891943512,1,3.2286249239592975,39.0585052924379,20.254820942320734,10.182827974179615,12.426971594041198,33.22455047648023,38.76998750712827
82.85774559188384,86.86007847940616,67.05322127727878,92.94794636643172,82.14885820408755,161,196,0.8214285714285714,852.7198585687662,20,84.05361696638117,16,24.77643744390152,91.6783857852227,75.17484003112645,86.28514369728686,62.10660915389628,78.90232712916054,83.50849876830254
89.05206848694186,71.04324012678624,92.0434048861514,86.1485855852864,95.63257072164986,204,248,0.8225806451612904,928.3564746434146,0,93.8117960671461,15,19.094791889401787,80.40091999065129,84.56422273037028,82.47084176115082,81.34664983813009,73.50413583456826,86.70612712402917
24.09491901358647,15.789859511045439,29.61097760987407,38.46256791223924,59.148635990625834,20,46,0.43478260869565216,2110.492231787579,8,39.177108758590876,3,3.6933586267835894,35.05399815702106,23.551221760193762,34.874612017079954,12.627071301102326,27.544873519360202,30.816852812984795
54.69093942723489,69.64353308879244,55.04386622920977,67.64795276495687,72.4955933335957,120,170,0.7058823529411765,1523.4623499717454,2,56.121316177580354,7,12.906273393830771,80.12213744978821,67.30942786483249,36.286667629399226,43.178864739515845,52.68561219842691,61.94157542903123
59.86806871547674,57.089184003701824,45.49611373682012,70.3698000408974,63.97983505972954,149,208,0.7163461538461539,2326.71934710812,30,75.46295568253387,3,5.543661784401838,64.21301480359398,56.39811060798543,55.34564750246761,39.5173883919336,63.46241626862649,60.868501465234786
87.90157334531389,92.79299366911697,77.10448598637191,77.68030456901282,80.5180881736401,356,429,0.8298368298368298,875.4252212768181,10,79.89817571470495,47,26.197065378237717,99.60925450184756,85.20219623854713,80.91610804055706,73.87039021355564,72.27505227628326,87.099827415151
58.46909915557569,64.04968984789352,62.43709034563396,69.62730509812476,62.34592389054902,122,184,0.6630434782608695,1273.060733949702,2,75.75046472280154,13,11.668666361205592,82.4969880142788,52.12897573775168,57.51541830254874,33.27158814858447,66.48825797574952,63.41104473862611
52.71751566753458,57.9798032307215,55.143473149786885,53.065480511435965,62.402928265297724,78,105,0.7428571428571429,1606.4352785865449,7,69.07708283212838,6,7.390256368036692,69.22536748364864,59.80268033677607,43.76883036873387,35.372410839355794,52.9115687222908,54.26488738106169
75.81252577393924,72.89599451894908,64.92749351685545,50.193856954329085,57.61028036884853,90,121,0.743801652892562,1243.2248780152108,19,60.30257364509799,13,5.664619026827276,60.55605122622429,55.92182289950761,54.83934580619112,30.767464364963796,71.22621462732658,63.0243025102387
79.38402616071235,74.8004438910316,75.26322862590783,83.59915239559643,94.95708507899123,363,393,0.9236641221374046,737.2356860213683,51,81.62274288154782,24,33.84769236965975,82.74178916157513,88.34707827006353,80.80595377169652,74.5901259252025,79.75300586720849,80.47131968392986
58.406505782582485,73.4273079996935,60.242809732283625,64.03129906277405,78.73140211716964,43,52,0.8269230769230769,1982.5042885508396,17,73.65871923949224,12,13.104875250703412,81.39091560487446,51.787197153563895,45.220765412886976,48.150358857872604,52.47639077242427,63.922011673125056
77.97823593666917,70.49149554063659,64.70733039558763,71.12833813801237,57.06637654474552,121,189,0.6402116402116402,1242.7877215601166,34,75.53603880354635,14,5.77893765595157,61.397206706326884,50.83255718895728,50.82553048845046,36.49699066124517,54.755997095219975,74.73467414751237
81.72172600500592,77.66524819701594,75.63644626485822,86.29188162580643,84.54180939674741,408,449,0.9086859688195991,1090.871871309237,32,77.37992646387144,24,16.729294217084846,92.27366375457487,75.57715836322437,78.64171662421587,77.09937824787853,74.75569827050344,76.10441191546262
92.67475930027507,75.76283018005654,73.0847015040009,79.85429973597167,97.85011495097021,421,495,0.8505050505050505,1145.3342060203713,58,78.37862108418892,21,27.112499198257744,94.64608384438932,78.88513516905839,85.51241111644637,61.11767328547155,88.88577751555069,83.54016090260292
54.247332573939865,56.677903889453106,71.49805041638655,52.285626854075076,68.57285025860875,133,165,0.806060606060606,1771.0872992142085,19,75.47226375631641,3,7.552560193687662,66.90663447828562,61.13169868118332,36.374546890572034,32.020226497634106,54.71765403698168,61.83347010876001
64.79131398439252,74.1488253398889,69.4827435676668,69.53193038502872,67.9332246715933,147,207,0.7101449275362319,1508.9878236140685,59,55.69547227873623,7,14.93692175406831,69.13218150699862,58.80947520661167,43.19636704053751,51.92371542006242,71.61506751059233,65.5700282733936
83.48067857582946,90.01301687571889,89.32805578017832,83.00713253679662,97.04875284811439,347,400,0.8675,333.40198796607206,27,95.64324351000793,49,19.853796351994177,84.3121953048609,90.3427567689327,70.42758073674726,73.55067674165949,94.20522102157264,90.91113196662579
85.33504406691176,85.2324844997915,83.74351588368208,76.43551612453027,92.28710998202125,163,186,0.8763440860215054,511.18809759826445,20,93.49104567370796,31,24.955645411937738,82.3990738604778,92.91979226755838,83.01637863207783,70.03614077282984,73.96560361315944,87.06734733111239
50.96116585387925,58.833850479583845,56.58210987323585,58.49016035616001,63.29659026083402,129,192,0.671875,2050.7380952117933,18,68.68847888570872,8,9.201499128485777,67.61829385184359,47.338971545884945,37.85827122073587,37.45327810206611,70.54522632218126,58.99238005893312
55.53272677555022,48.87220995920489,51.997729243619936,66.05817229876996,66.3841933375891,120,154,0.7792207792207793,1356.127242767622,9,73.03417811333651,5,13.21291784819328,75.97196014016319,68.74399486782137,36.21862138384388,49.81029992960171,67.47692958198562,56.22135924383081
75.6344684040675,70.57531908867615,62.39498223800591,63.008658421789356,78.26814486363493,133,189,0.7037037037037037,1059.9826044445358,54,58.69282964755291,3,6.510349924969261,67.78606310830747,65.00585534832906,48.080788196638295,34.703708713663886,52.57122430154512,65.10196633504094
50.087481790126404,71.24314087510008,71.30763020730913,70.16041685046977,61.20796207562106,154,196,0.7857142857142857,1610.0312689992015,16,58.53801126464171,9,9.272471962317043,82.48416322302317,57.98158536219611,47.64668246321721,31.556264748536357,73.05300974494092,64.04560764412568
63.72567991775759,55.854221041064704,74.82521375045204,52.77923331884603,69.75538089071517,134,173,0.7745664739884393,2257.649431901464,17,69.80848566466558,8,12.649393184016162,72.66423280143023,65.36446815006673,55.90482744381226,39.012168041902925,60.00861295540938,63.67619092332086
92.94865084213255,81.90788973409286,76.94015878863509,81.05831457666385,81.18250746117859,306,336,0.9107142857142857,735.6693627391815,14,76.37347924633045,53,13.330422337284695,99.15579601976408,93.56810797735281,84.6297385787102,84.78319753910552,83.61205832000657,84.56201672871445
15.443877125318998,46.82734508612865,35.969933340760946,43.20481681618881,37.73556667133635,13,30,0.43333333333333335,2563.459512803104,6,39.81531142439218,1,1.5766718840354006,32.52937770667416,37.300582801258166,32.56914503107947,25.700129966578267,26.449114957485136,30.192766436460047
33.23056234225281,38.25845049611313,41.01639676694615,34.716781244430834,37.16586185003776,23,65,0.35384615384615387,2102.8097497512003,17,48.291497756089996,2,2.6393840423391923,34.506717782799356,37.18570737777987,14.395816752123121,14.857067850289154,39.938170338001484,36.24920444328049
75.70614374352195,50.73549117291949,68.84852798474031,74.16681666763233,73.1773182306059,88,106,0.8301886792452831,1998.9633636637814,2,59.68784835547976,2,13.227162138158828,62.86643741311477,65.88985075590531,50.9885087637572,38.550737865115074,52.94518032669211,65.48008006230812
76.50620233489693,65.25032078042503,47.85977544012167,54.67580575014557,71.5865024532437,120,191,0.6282722513089005,2235.78972459721,34,70.13210334748277,10,11.995437632777561,65.96498790342353,46.429178682756095,52.4296107236284,48.900273179404834,66.48582800419373,65.1008353886334
17.733212919788834,16.181718053174187,38.76216071041714,26.563976332585522,42.701367571216565,38,104,0.36538461538461536,2789.3817368623127,28,53.859953869523,1,1.450075747734446,41.01357873039076,37.63971822111789,25.058336595358284,21.56630653062133,28.447394046229693,27.649702401893315
77.43660152736808,54.064171130666594,47.316727529763476,71.35971395648725,58.79881510128363,96,141,0.6808510638297872,1016.6019528722426,22,55.239452692087866,10,7.166322010255155,78.72244891519689,68.15926121763825,37.2842327712359,40.35059021223013,72.98524417180415,59.90299656288801
30.522000800030646,19.585541894755288,20.62174332328817,34.8818615673182,50.54466324562547,27,46,0.5869565217391305,2796.30582002796,11,46.118430298682895,1,4.737492423767182,49.299264081888886,20.437260204617335,14.240379861959461,10.613790041067245,20.177018507194205,29.01282598752114
21.33412095240125,25.850250687963836,37.264930921129945,33.51247516201533,48.61133058545302,42,108,0.3888888888888889,3232.693846227823,15,47.33329468531433,1,2.7560838106069827,47.17317061342908,25.236083801713555,11.119924187885804,29.515914226321996,46.77095476273822,27.91840501653181
59.7975278301591,68.68025686175415,47.98589351420541,55.125480621802254,55.04006922296267,149,200,0.745,1108.1857085264546,38,72.15363561375156,5,8.017575572502308,71.69580848429356,50.24074719878365,58.127165812153514,31.349315813772826,71.63542588240301,58.09446036977983
77.91664691255286,57.251390418944275,50.469876894497176,65.34015845123423,60.907192700988034,101,134,0.753731343283582,1468.4551189416788,40,64.91678691115446,8,6.855454000779529,79.60047634428022,48.23176569799697,57.882929815982564,44.68939944108181,50.69040940262324,59.891911068591945
21.369148124278713,10.979022045305154,47.272683658151,29.058422835083277,43.981483033411976,42,91,0.46153846153846156,3273.9795920460815,23,46.67817380997333,0,1.9450102065498334,46.681866799970706,31.937434123813947,17.296264150845627,14.860824594454742,47.57667606100373,27.853660836479587
67.06999819235686,74.9946649608437,69.06257233115926,60.72091332833098,71.91528620407709,154,216,0.7129629629629629,987.4999084272025,22,59.8324297725865,2,10.428553510313389,61.586232591500945,62.327193969239325,36.54507175197587,48.47185567615932,68.74906804300068,67.17438588079489
25.87713381996575,42.41815029891218,33.69475083611546,37.4993604220397,43.29168860819788,7,13,0.5384615384615384,2614.1297947906983,15,41.66164851095044,2,1.0493546601961374,36.25561164763777,33.43208610715637,10.948185621468362,21.16705245137847,46.59179449380507,37.82844729936815
43.85111576023264,40.71778713238804,20.367050686411904,43.33385998712171,35.838399320264784,15,42,0.35714285714285715,2053.0578526869294,14,38.70675044233439,1,5.050528743900334,40.783998964221354,25.943876270584397,20.71828674103933,12.796117378241526,46.49648637745068,35.440330491344156
22.31391721398812,25.958488064595308,38.716978071324604,38.866635140801975,30.002927086857806,40,109,0.3669724770642202,3535.0884709848715,38,34.02133814948781,3,1.8401037462804855,54.510990816610075,14.841031688631066,18.149642520193737,17.270871398674583,36.64688672787701,27.966157617549747
50.59815720906076,26.730621889763306,48.7914179940067,43.07196962177318,51.553915862060975,15,35,0.42857142857142855,3284.3986209317054,14,33.808991887808595,0,1.3926785213623436,54.914061829759746,33.88379106666601,21.406361324915466,7.981210254705941,38.491165954497305,42.266144638149676
60.45253937514669,61.93752175127669,46.91109307452979,71.89549605128815,75.63287857575858,73,109,0.6697247706422018,2291.656647610229,14,61.24764634047823,7,6.71635017415373,65.29897725644933,58.30086717083475,39.413854806071015,45.87487675552309,57.29132963486747,62.01299047697611
32.578178616745696,17.760186250757293,22.97702971974443,37.362901799064055,54.164852938998024,12,31,0.3870967741935484,2588.304259137929,8,37.19955747653913,0,5.592652258928924,31.186067794640753,29.68346902179576,25.98814708044879,14.5813608408141,33.108611012199304,29.757170765016035
78.69978675015724,88.20904511053081,87.76604403253849,77.11593040545598,89.1105173485036,302,328,0.9207317073170732,727.0899151427006,42,96.85642214306236,23,24.173151307302575,91.68791843178914,89.92153925690478,73.52416408656211,80.13665707601467,78.46528072781581,85.80635873864016
40.61286014332867,19.07342792132589,37.17408062725142,25.173916005556478,51.77900842703857,36,62,0.5806451612903226,2727.8087432045163,36,29.8208991613267,0,5.904762523699664,53.35193365235047,35.81895886367187,10.15019150845693,7.946749094364831,35.65256950025615,30.3640467505217
48.685048915096324,40.67876595024626,27.245622917544402,34.94328457002793,42.693252569340295,14,41,0.34146341463414637,3221.138916860309,16,30.05657202140283,1,1.39411947726675,34.06948572780234,17.520488946053426,14.9881841574555,10.341231269165917,26.461566340300067,35.82832159826598
74.06545461207223,57.95761215110251,46.20123842144377,50.43410189712364,71.1685646521137,157,213,0.7370892018779343,2273.177052922648,60,63.64156539671355,2,8.61620314013437,81.48664444926413,68.4697066053269,40.501692868871544,51.596753690781135,56.45507398671423,62.17040373393802
88.59992642523463,93.05786347362178,91.66565295180258,89.91467467362718,80.63282585687303,341,364,0.9368131868131868,603.6231705215516,32,94.72857535307868,56,22.571553350198585,84.47205096647342,93.33637763124631,73.6149148931743,64.02461079218438,84.07910971134888,87.30782474956739
71.85186273120135,45.96570449549905,65.69348253420134,52.00933344726999,60.91300355683066,109,167,0.6526946107784432,1480.9186307391901,31,55.929984196848615,8,9.757172044082054,67.13569212811183,49.24877276999182,37.6223683260818,41.284970976701686,53.131524913798465,58.11524047828265
43.40614510071684,46.54591345832303,28.024578477051108,23.64117204774115,42.076598194966465,38,74,0.5135135135135135,2889.639092665493,10,30.044980707208193,3,5.480833447424659,46.70630399827657,32.000199263580484,21.33347496790742,18.103097941599913,39.4621022051366,34.82758969618522
77.64836210308962,92.96511363708181,77.44476966564056,82.74548822849682,91.87442491274854,213,243,0.8765432098765432,657.2531756408636,31,93.71563690561123,51,28.801326982092885,82.70710869946568,74.94098051477826,69.51295570981058,66.56176462803161,83.13146046953958,82.21796942492392
63.19176091719982,50.49677600716063,62.55126144434227,60.20479454430053,71.36049588849306,68,93,0.7311827956989247,1985.5810357709818,11,69.17677371353801,13,7.1401786723800615,80.68317426962352,67.63800946261716,44.81907452368944,37.845404864974206,73.80089774195719,57.26338600717018
59.346031932886156,69.79949326392178,53.74368814120112,54.119320047797146,72.65722035097518,75,103,0.7281553398058253,2001.670916698032,11,74.71554450616475,10,8.027735923566924,65.00900760008625,58.564255085201694,46.00547432427505,39.75283033584833,66.81417987736558,61.132365773305814
32.91960314510995,33.413907879224254,22.998497720352397,36.705365376067924,55.20129640583471,32,61,0.5245901639344263,2319.7307804381785,27,35.902804841127264,2,3.1535687690778587,53.53406544738019,31.36265921854597,32.507983782949,13.893537067748408,36.022139049145835,34.58413644515461
94.92322170330957,92.66123295442257,77.55037422481274,83.8879123690216,85.45909290928148,325,361,0.9002770083102493,540.1150944904477,43,84.94131436860368,22,31.741427594213736,96.89728170821017,78.99188903057669,82.18085858651708,67.8208549381055,71.52263858087957,85.07648408299613
35.26716772566125,21.859356948146107,25.00013229035147,44.099469471271256,31.17885766743641,43,70,0.6142857142857143,3125.3911673490884,12,50.604807155402455,0,1.9929930789195685,53.60746596408754,33.97565215247056,34.91531388210079,11.023082095422527,21.692237484660957,36.310586546746016
55.02456256065692,73.06563856393208,56.76400297659202,61.854734023172824,65.53940593426589,68,83,0.8192771084337349,2051.3346247252694,22,68.30771880262957,11,12.973753747701803,79.35496648822966,52.4078034611761,52.038851828586346,47.596838327373746,64.06278540261916,64.04733100763117
68.50085212249606,48.648583761406684,67.33521109943159,63.00522684890787,60.627431259799714,58,76,0.7631578947368421,2086.1652128588685,14,60.79707777245762,4,7.058392869952762,79.34980176417864,45.20729520379114,38.245211529128596,34.99251040165708,64.92998381647845,58.97163810697281
60.87623427947207,58.06192890634799,47.20683086933148,62.46104601087486,67.3578562012515,85,122,0.6967213114754098,1144.1293293212457,18,76.97583278138877,5,5.425909539703131,84.23089993167773,62.646551522406405,43.3990912138413,33.67894252409309,53.58546530590687,60.02603735787546
76.3288522906994,53.810292400753085,57.47110734854787,69.67392026197604,68.65061483301875,115,182,0.6318681318681318,1634.5580912969967,19,61.22687584569985,6,8.083550706323102,82.11241336984659,61.90584337601194,43.522910229802264,43.58835945935309,71.01339699872985,62.25304525481956
53.45540070583334,60.146724428368834,73.55319853228897,67.46450678631976,70.43641450994402,152,202,0.7524752475247525,1675.5725320351999,23,62.878040669435535,3,7.42320231370725,71.78790928490129,68.45198408190626,54.72951631098287,54.11288098211058,65.20825637867478,62.737429142007876
90.75963343670692,95.52932564091638,85.73317610161553,92.66386105847218,97.0675731213752,194,224,0.8660714285714286,363.4950573389051,26,96.7717671739018,32,17.052689067644003,88.98166785352227,89.91129423844524,78.67657477296106,76.24880245414722,88.84420505112631,94.24468695864397
82.72731706975176,74.01682414135699,77.0096444746184,82.32987158322327,90.07234715520572,411,497,0.8269617706237424,923.6746143963006,40,89.80621624618723,46,16.54218447799674,98.21595822097736,74.364599616909,72.15150129148213,72.92091919336248,76.58409047495198,83.27817242142625
36.866325937836876,26.703628114714434,28.536390494147625,29.911722517592903,37.26470490294031,16,32,0.5,1833.734085579958,8,34.237886120746275,1,1.5128621935982336,59.99368115437786,14.932678345338344,26.865861098879737,28.723886804522643,30.144099773976734,31.15674849061705
65.78579242755555,60.75654754892702,66.72291728317154,50.492232799393776,72.2594392907856,58,70,0.8285714285714286,2216.912345999409,14,58.4118011565534,6,11.283363652986537,74.55926407895872,69.6725916608814,57.1733099079293,40.27107943702274,59.28964602281337,59.08970685200362
50.61009059334315,68.6796903108349,54.51266361822377,71.34407755004943,75.06576054000084,108,137,0.7883211678832117,1719.552736539206,8,65.23107292475305,10,13.326515022526404,79.6155820942497,45.54352019591687,40.98637035213755,43.573560144943144,67.94043425048147,62.63170275671765
23.339898284097487,38.93280840701363,35.80963711407032,28.862240401968155,44.15349738979235,22,46,0.4782608695652174,1974.6648204698938,30,48.84623879553655,3,2.713368636085363,43.40166372522014,16.497870463867674,12.505542116716272,8.714461977721564,24.66633515609967,34.08944547413721
67.22674001882066,51.72365706781548,65.44424939008763,70.98667741460419,58.08388428624489,146,201,0.7263681592039801,1092.9005343377878,13,62.691382362344065,13,5.740045756995025,73.23414968744403,61.183671461392585,41.88956160394396,50.00851019184606,66.7443961509341,62.66614573761637
17.925076196928785,40.39514231317188,47.685666442930824,31.620356021878393,52.187172817869055,18,33,0.5454545454545454,1922.0360217049556,12,28.275002376341703,1,1.2011488801304577,55.085721921736564,39.10918580936943,12.087547798578285,11.167448268108691,38.91774123243884,31.847169193615684
59.97495108645235,65.21251938776577,66.87706528405083,67.26381600999112,57.84904953395381,76,106,0.7169811320754716,2034.024873697773,23,64.54110545344594,2,9.671741333524466,77.6206041347679,52.72109522856148,42.88201282759806,31.513806406031513,67.1705303998074,59.72678684176727
77.05510380272251,74.21405559848996,46.173744144591595,73.65493816200079,79.93537331543563,87,134,0.6492537313432836,1737.4147866058738,20,56.37171044646175,4,5.8321770274007045,82.88129710076896,55.10656787662883,44.841904597225536,37.56888426544883,61.5165936177676,66.50702270309901
50.27686022047378,69.14965676928367,60.52242566450694,67.13026865846173,77.86724552861193,100,157,0.6369426751592356,1146.923841059157,4,62.01945819211891,13,8.58925047882119,63.702462495030126,49.69589905711426,58.369868001513204,45.26706320512202,72.30395332974535,66.26076899646345
71.4266396082971,62.11771098510641,67.64482315954963,52.4741899174752,76.95346727168193,155,239,0.6485355648535565,916.4210607470534,36,66.89898530935073,10,13.511939701767673,67.0043517152906,60.25170846333419,35.95170577874699,49.2795424029557,52.79265305582429,62.91763109929834
50.548895785066165,51.84263305041728,45.717160574933885,58.63685509222648,58.642327220750914,90,132,0.6818181818181818,2147.581680419877,22,64.19692864984167,12,9.862855723513466,78.34816809081217,64.34951490667277,54.61689951822194,35.70418335951461,54.813370443094335,56.2468050159353
53.58681713489345,48.701668967301565,71.86945915522371,70.48778098619256,66.69793307906772,81,129,0.627906976744186,1155.7745378170225,11,55.817299816482056,12,6.716083497474761,62.79280705256046,48.814429796120216,41.17045639612361,34.20580294982272,66.84998567390204,60.37946958515814
65.2923285538015,57.349523904048944,48.23471021555841,59.8353394087606,73.34841136833211,81,97,0.8350515463917526,2055.787918961445,22,58.5411028644018,9,10.4099652141473,73.19547978061293,62.61446569432998,56.48898831633663,53.566153661991606,63.58424718109962,59.17908853584712
52.280344285014124,56.33427301297301,74.82216414147975,51.21279675065718,72.41667279752316,43,65,0.6615384615384615,2188.818972964751,7,71.27375159051142,9,12.33660639013065,80.19325698956321,53.84935305124163,38.99823499198802,46.20861190023095,67.54921508108696,62.7817648276457
66.53806702765444,53.33714242356185,52.78241253257323,66.95834574272976,70.04260711638925,87,132,0.6590909090909091,1954.8916348812288,3,63.339253730887194,10,11.953165018011113,68.95407804628016,49.0603693889425,47.96263822194771,48.089189257160996,58.020237675073645,60.23885022158341
49.10980540279949,11.00434361728107,32.221331991597395,29.37044475373915,47.131584446531335,41,63,0.6507936507936508,3287.927911229294,20,46.02067617658665,3,3.8994662118774963,51.14975651254126,34.38688111548829,18.694623637476695,25.30752125372674,33.01666801040083,37.79883594428191
63.65314588604612,50.05709536264545,63.8924748804319,61.126139441123115,59.2781187976238,95,135,0.7037037037037037,1678.7515333268432,39,61.788297603051795,3,6.004665793043613,66.55669763747937,51.14660282006123,53.55555959466999,44.318609650403616,69.09940211613103,59.00765272012661
95.94771371781005,89.60300949351638,89.14720330524315,75.36013111200909,97.33058642733246,212,246,0.8617886178861789,865.4142994169532,24,81.4749875635434,56,22.34637078336886,84.36886365766614,73.00618066279189,66.7085233883065,66.58289459383,71.15308910839335,86.06377814073508
67.69291082165192,60.66751573070295,54.57954979493532,53.61059788774441,68.82491456722303,155,212,0.7311320754716981,1447.5759811582961,33,73.06630296392818,4,11.84449048463197,75.57073092402949,48.82222114111991,56.11975900723904,34.8943777853284,73.30705360176952,62.65818497692975
32.89607551132836,29.26348465069337,39.83682512820782,44.44716491014917,39.9986284044729,30,64,0.46875,2634.4379290296097,16,28.195409022473157,1,5.523459040228517,48.281778929611605,11.167104032892926,25.306508521918364,7.241715169102907,39.889638678524925,35.152904302250526
62.93415404007601,71.52330639616972,53.88631319400111,64.01631146602443,73.58749660710241,86,133,0.6466165413533834,1666.6353017346278,33,67.95794540372712,11,10.607527727794363,73.58264816416636,69.73630275350209,40.11265783497809,33.52483495914944,65.29180194076051,61.81983984084251
61.84883950674914,74.47469495382185,49.70113043387845,63.520301769951885,57.471778876341276,158,223,0.7085201793721974,2305.0590650733384,26,63.99824908952011,14,7.979191943121063,76.06059933933264,57.54634284041629,43.98941003123123,33.482729581636164,53.37085378630529,63.72175276489497
75.02916576905628,93.24418714583696,80.65135404100755,80.2533947066097,93.81102519528135,191,210,0.9095238095238095,603.4912413656572,17,93.14573785050331,17,23.419854711303913,82.46636982150585,80.0242581672088,73.76774469980211,79.32100208566258,90.07926279081828,86.00568082925238
53.929575236105286,53.031308894258245,46.58867401353974,64.87521054241748,58.63190292384511,156,235,0.6638297872340425,1833.724978543556,3,59.36728568319496,2,7.3515557000841705,78.84054701460897,66.63435780232061,56.965539920189315,49.5918398254901,60.200354174956715,55.18598687366804
70.34493340257455,66.04471846588089,66.4910716534213,61.3602437820366,66.85400436295313,97,140,0.6928571428571428,2138.413008761391,2,75.38823526213692,2,6.384426344655404,62.99417329777212,62.499745863803966,35.15208277287398,41.782610043912705,52.97177763995491,66.48175108920942
71.54880423625251,73.86226134111669,68.38903068400437,71.8720491860536,72.66324080757977,159,201,0.7910447761194029,2130.329162525807,59,73.97589494433731,3,12.849991744235837,71.36458763938023,57.3102696678843,39.659234720404285,46.522376348473195,63.78103295306544,72.29613322192243
77.80295840877048,62.12325053898911,49.16874793150555,56.804978481914134,59.195552353073104,122,157,0.7770700636942676,1883.0082077058323,45,69.51783314752197,2,12.684325542576245,71.41803530185838,53.71221857295116,59.06127614010832,30.207332735946427,57.63482500188459,62.478262751316024
63.143042598877216,72.98835105972432,66.59284239057996,51.93529185563233,60.60524530522108,152,208,0.7307692307692307,936.0565449996133,11,73.68637602957367,13,10.460913252963927,83.94532956883396,63.69111531491933,56.2529717014028,38.84988923861667,63.85910102071025,62.284900864748955
62.925119694641765,64.73272395078607,69.47517513533082,59.85520387126873,55.82385437786595,110,171,0.6432748538011696,1506.456987093985,13,59.333533006545885,11,11.623155244421266,72.52675801768193,61.473771175136164,52.15189910655425,30.55807182244294,51.350989808697555,63.182929810470625
46.828385424387264,11.809185227168213,42.90872148085106,40.0072967580088,36.11543942919363,32,50,0.64,3515.4547532338247,6,39.49211544840075,0,1.877884326292742,43.330978433849225,19.258434747176334,20.8307855273761,11.263118498138137,47.02888754797397,29.939719641175007
79.76810707331383,90.34209656596227,87.0373376936424,81.00978771200865,85.8648161161601,301,353,0.8526912181303116,481.18089704018996,20,78.4036353894142,14,22.937558862197015,90.86049167915326,75.69374340258024,89.10072117913785,82.73636527343105,88.05358088639764,86.8159326928047
77.66113031814695,70.70850031072119,80.70759455664358,79.36519745387459,97.80977178403337,398,463,0.8596112311015118,623.2878722844214,20,92.13912839350112,31,22.979059156815232,87.01638218670031,79.06399491397737,85.14286314170545,68.2044870699403,75.22648434267116,80.72306453883951
15.600842702125263,10.562861070468859,20.879403726426712,26.580753253477415,41.21963355085685,20,50,0.4,3166.8258640016406,25,26.669767202714986,0,5.428114551970803,36.457931332151404,37.36316430349666,16.654582382024863,16.380973483433387,46.14873435454732,21.02785665255003
52.538890217162574,68.93517704336122,59.86613324232333,59.71298600946707,78.76569817460333,118,178,0.6629213483146067,2292.030283146086,40,64.26439116675121,4,13.616965321995227,84.88980846668738,68.08021731778805,56.51662448717276,54.81500758648853,72.69521079937215,60.311965164399545
27.952804778841774,13.374138081842553,27.012112843829563,25.524411943541505,52.370005114681454,19,34,0.5588235294117647,2103.011465788249,17,37.448080627274955,0,5.104458675206648,48.78388821208447,16.432117498918775,18.441470189420397,13.76964290616476,33.374855368404326,28.39405324077381
67.40900551405899,69.4171041681748,74.77344960898228,50.74100181629307,71.5014543145967,55,66,0.8333333333333334,1821.541415562767,19,74.71824686756013,5,8.277592238870515,67.2394249015852,58.61740741118966,43.16712054474873,51.5929493752587,55.27393587592277,66.23629240130809
50.606235994714986,67.4923759633594,73.51769327257205,55.481676007846296,63.544321676195814,91,136,0.6691176470588235,1745.1032639595414,11,68.4288324696938,12,9.860953031950233,75.49655657075257,58.4329173808262,49.06176533821693,52.25119774684852,58.89042075513925,58.809887958220614
91.82789837189172,73.3199329649841,72.50049347648314,86.6108802468782,95.608098929775,373,455,0.8197802197802198,686.0946246375165,12,92.01790149028962,44,14.37184898322645,98.05105813359134,82.63130931119643,85.66143665269354,68.0012400257653,92.38808071240501,85.89859999145729
73.54489134792158,46.50432069215431,56.89826398003034,59.25008851437578,62.12000935623877,119,187,0.6363636363636364,2202.7565858951566,36,70.94531183040053,6,14.008678944015792,67.82364043370896,59.354049990239574,47.51888186852465,42.23902265569014,61.40263498793031,59.61605324263382
76.7968429412085,70.91547548911664,55.21399778071223,52.81707614388767,67.47641987150344,144,174,0.8275862068965517,1228.2520163815389,41,73.06523570960151,9,8.024195561127978,74.1192099797835,48.13006622220918,53.89270317046531,47.80087846883211,55.41256689201323,67.90886947880892
54.20816213661745,71.57394563646031,74.766390712085,51.35005577207891,67.3814093463871,147,227,0.6475770925110133,1932.3752476085135,38,72.01319099837737,13,12.267096859306179,65.2895958223873,56.7190198118806,51.33895855645249,43.48746370021783,65.20820864761234,61.612692065129814
53.070587229736375,54.56631852618544,50.2899256130412,60.21026969620481,57.790917179271965,97,140,0.6928571428571428,1186.9397613031608,35,76.87096422740014,8,13.580136575683268,68.55954415022971,51.66649145970503,59.621648508621064,52.77839425325209,50.724818624974496,56.17087827303534
51.39559420245634,56.15116833895769,59.582212210977076,66.68935308375254,62.37262790036109,131,196,0.6683673469387755,1382.3245620190683,11,62.277846006686694,7,14.455435621759694,67.68756936158576,65.24969687542725,49.84860132017147,54.387112333759504,61.94033924277741,62.0028295890279
77.21206067510268,94.4536048767297,76.92716063262567,85.3550270105496,95.0787819063319,416,465,0.8946236559139785,402.12616911653015,22,87.45330339803401,51,17.93265743744858,93.19968092068358,90.4305550050304,78.88002028998656,73.24126445890016,76.04630727251129,86.30903840953134
56.24841639528194,56.63616801679404,70.70016275863253,68.47264778685175,58.864772498593084,92,129,0.7131782945736435,2394.147141544913,5,65.71353004972653,11,13.279113804335157,71.05075846930426,68.75160011616714,48.800530717392306,38.17180374065721,52.150499439290805,63.192442511004565
26.930729702628874,36.85987583804014,48.63878539746631,35.259465848480076,45.226057762015664,38,79,0.4810126582278481,3334.436889986764,17,37.625101711788204,2,4.336547071933284,42.62879505177115,26.39495255576972,13.762415193417523,10.437082328443275,28.01943595786684,37.40782539294411
31.276281854584152,40.09234284932698,39.94688916717493,46.79179737308172,42.017212523303165,36,55,0.6545454545454545,2632.9056780053843,25,38.88179541021525,1,1.071820123970054,45.90517559509983,18.42824206621566,10.296647917281836,15.617625162302712,45.95235192699096,38.24941525103901
57.1416646691453,47.84667525717753,56.65390023520322,64.69313481728219,69.4540550149866,75,94,0.7978723404255319,1343.6798137402798,15,73.1002063152515,6,5.85535359299462,67.40825627729642,48.43421636437257,46.68396818067952,33.89837878290196,61.571118941449434,57.73610765285652
55.734994918123924,54.042747353956756,51.02612207074973,69.35651421081128,72.81444858118152,81,124,0.6532258064516129,927.299388226579,20,77.29924845530546,14,5.320645214841711,61.139524676954565,53.6128501391505,37.194239094191865,41.9819020073472,68.21776712724447,57.14302997015427
76.0239208607424,49.60855660513054,50.400541351524204,60.840150835238376,75.17248369799222,64,99,0.6464646464646465,2188.5694945599844,13,67.31913998310964,11,9.951715922466663,75.23056656923387,51.87270843705602,52.91994291748426,44.87290052297179,58.12060274371387,62.55510407595281
60.47349784663103,59.94000719513235,63.46949694869582,73.95086299224025,63.26969550517516,115,163,0.7055214723926381,1586.27060450714,19,69.15202486996145,3,6.243082992512724,72.68199411373072,46.290208853763204,43.03040747240905,45.51506693984978,71.02642340076886,63.280607685847905
61.84820883301749,46.25543834648803,67.38243800493979,55.575004525961944,78.48031233224897,126,196,0.6428571428571429,1561.024150779903,38,70.40813045582453,8,11.366445258895432,73.45472361521664,60.17077606885613,52.06628003334154,34.336382502553434,57.53157002439155,59.74559158437564
85.19774033072132,85.7843290466876,83.93922659275967,86.83394324612651,92.64740791553929,281,333,0.8438438438438438,418.5240946248347,3,83.84376053583068,54,34.32762274892001,85.25351285197303,76.789219118776,76.82242832027262,84.59600782138594,76.72397364566177,87.18141226051345
50.49258966382962,53.040351962582264,56.261856619535195,72.05594904478454,78.76104506370861,60,93,0.6451612903225806,1822.365128702911,17,64.52202418867066,6,7.184382449886804,73.56025321695772,54.2777915944147,52.43747590092737,41.89484479336839,70.90282012319219,56.66464394328311
91.45927649035107,87.86047731009127,91.79341223967418,88.7883426774265,85.10836297474789,207,222,0.9324324324324325,908.5761717208853,20,89.25420065330601,32,26.45198370363722,83.68202646721915,72.64125863622327,85.32127428841895,74.46891190899998,85.457125525343,88.96033128302741
47.13623613477681,29.416978737252435,26.317445657425502,30.313888054759147,40.81098666210163,10,29,0.3448275862068966,1826.3361231094023,8,34.4820336989236,0,3.7338672549753236,31.45526541152981,37.59016252649382,14.448934839368851,16.28822139847965,46.53272163439428,30.862394342320414
65.03225547836215,51.448573504707625,72.4737646964096,54.73699050238793,56.21058066043173,118,154,0.7662337662337663,1029.0392308303053,12,76.89228658023318,11,6.810640101190933,73.82076080966591,67.61756266767463,54.71732126599574,52.627227762996256,64.57450505741288,65.01976700351297
56.45029457589485,52.906916675565526,51.90550474002005,66.4626611798099,57.898337766437656,55,75,0.7333333333333333,1563.5471987447884,16,56.50131084813813,6,5.20433166071525,72.9774810440546,64.06128239964386,36.41035766611293,40.565196981852665,61.280253581439176,55.19819982121462
17.883117897100462,34.85702708763262,47.26797670028052,28.630890024354514,38.079185367462955,7,19,0.3684210526315789,2249.4710674529633,8,27.592361563566048,1,3.7240596014511267,35.72557413882252,14.380060722492212,33.38258875334594,18.67998126011403,20.128507315805546,29.65588112511428
97.2330608380044,95.05411940432057,90.5902836640208,80.88897784139172,86.93175911483465,310,345,0.8985507246376812,452.5434720174832,24,84.07790373661786,12,25.111406912055394,81.94352987541536,85.37518066747924,89.75134625260658,63.5021003809131,82.95824130909342,91.8575193220189
38.82738666470807,44.304677491650914,24.11140792316492,34.47340753686244,39.63152849807325,26,54,0.48148148148148145,2509.142482766058,27,47.17719869396652,0,4.1686591014121035,30.771958956112492,39.676756379439524,17.398608122847705,20.591134112628186,27.93937046465988,38.70814025318155
80.01190028979632,70.3945989394575,82.44251316746062,77.11706471755818,95.71434909253489,300,356,0.8426966292134831,669.7713826564468,9,82.51627823472887,58,13.902882911344427,85.07875543847392,89.4997081727636,67.46843017206665,61.891527597602774,79.03853496885097,80.57699583145083
72.81252878217524,51.650602239194406,73.03887656228339,58.24933343644172,59.29594995439032,110,147,0.7482993197278912,1612.3784808167102,45,67.00943599484135,9,8.199488623515874,64.58307605562402,54.13982107188946,51.7378926900503,47.43406725903663,73.10143288400018,62.89224740878816
20.98432560010418,17.479961850409445,25.43588161536036,22.631623250405454,55.640343484840656,17,46,0.3695652173913043,2495.3297475545037,16,37.96801010540534,0,4.220696868674859,51.655008045773116,31.474820109578918,28.07856769634844,9.236444641225933,28.822420719525542,24.67196228590148
75.813082472146,70.78702766433342,74.0626032732841,66.26197663195427,71.8953716604023,134,207,0.6473429951690821,2072.1517720869224,52,67.50599599177036,11,9.425372157772934,73.09001432648094,48.20990429505629,43.987193346302995,31.58623902191509,74.49170326055997,70.76593915206323
59.2057361508534,74.91420548590601,51.71532660801588,67.45755889295346,60.96046614442571,106,143,0.7412587412587412,2149.1749712827323,17,68.65877478052231,11,12.291025786033003,69.42549641677266,48.9719753548851,49.66259703681063,34.9117912712383,61.439978270096724,63.443923943833724
71.99276712110648,54.77392184236876,69.45426951562914,60.04215176414422,68.9707790352964,118,150,0.7866666666666666,1307.4255790724505,13,74.75366084043571,6,5.676843552692365,68.43023158277536,57.91713477387329,55.05924707397588,39.943160387652206,56.74895812252645,68.15683813561567
69.12292461917781,52.53237072088036,59.990107311871604,68.66866931281486,69.06666951640833,139,191,0.7277486910994765,2014.18625212455,33,60.93087783383143,4,11.710901744959187,83.9478137722537,64.24092416978532,50.10044991437945,54.765702706646415,56.63316668356712,65.22672088836558
87.86127523953651,83.83545122914116,77.06928601374398,78.23195911916042,82.13037382387857,310,343,0.9037900874635568,630.2620486352957,18,76.20235656226073,22,14.072613557485324,95.40962906238059,85.42042210938938,79.96592947074653,67.31351071203925,87.09733386944193,82.336448004193
80.45830719668949,77.50532386956198,93.13963596378491,91.51342891958956,92.56034659512542,303,327,0.926605504587156,878.4767225635923,5,79.31045962362687,47,23.03474122899469,94.91476630082379,75.13179186376647,72.32264366754323,68.65277467735288,88.66816093002579,86.7837652173382
76.59455159891859,86.59637823458749,86.9901085888506,88.5225079517658,82.49183887992909,302,330,0.9151515151515152,837.1666891989835,23,83.71993614263988,43,19.863821396426278,90.5535493244339,75.29089746424653,89.89077773747209,84.52794769669839,86.23772324268619,81.46590913331627
76.32613492084381,66.5796766141416,46.869765071522316,59.46842868151097,57.144318902182206,118,181,0.6519337016574586,1406.8382168901906,37,64.7310095066398,2,8.256145071274624,66.09279240702965,60.60146106943372,46.172354001414405,52.762900248300156,62.29096790285124,60.06987689991789
88.60949028452521,74.99260759754496,85.00056955677539,87.46759131919814,90.8444450682308,151,174,0.867816091954023,600.9982744062936,20,91.74428192931254,30,30.519011139288665,83.71553909397416,72.12415724723667,75.90615065892894,76.45768598765154,80.94292062333854,85.9420383987155
50.458553381397394,70.29908025611972,62.34761536010156,72.29165088839396,67.11470207994046,45,60,0.75,2084.8675503342074,12,61.92268971302102,5,8.822559146564046,76.18946227017148,69.1569062974349,47.759385165721554,54.67192117354301,57.55623487282993,57.67707797737343
20.93575065871037,32.092659870080986,38.814768189193146,46.462811822513636,38.99003779620043,14,24,0.5833333333333334,2692.23866319104,8,37.84180240559675,1,3.646786137469765,36.965861355546025,13.447880246310614,24.261536461910875,28.314949919559375,23.856979745368342,31.408122125318624
53.452431417302826,58.20542323051071,69.36011818196376,57.8785873886159,66.09578763230164,115,141,0.8156028368794326,1875.78267368227,15,68.01121826394598,8,13.3206597548209,78.84114951497938,56.65145045797094,53.938634587145174,41.96855156606893,68.41558835817906,62.62900205171709
38.07059888314106,12.861671747928842,22.10158819007073,38.647115176136644,47.74185732595592,40,87,0.45977011494252873,2584.382954230862,8,52.32922786575065,3,2.4140002378109706,42.98340850751431,33.78228053082895,33.06390976151422,27.28307432624695,33.37366665863317,31.80754249057469
58.0258318797513,67.02345903193257,62.67419447633171,50.31818204224801,77.54110444425774,107,160,0.66875,977.273389876673,42,71.1630082329823,13,9.15754387675602,71.23591938270114,67.3786789742932,54.70360034919777,33.16314190788945,65.25769453850239,63.75370553207528
72.71313574554601,64.63960869720998,64.11960504431296,50.43647270562916,62.93732230912728,91,143,0.6363636363636364,1506.719542961932,17,71.85516459342264,13,13.308462829083815,70.16497904103126,48.972687049518356,43.34890890861115,49.182214232452324,55.82213778324938,69.38763777556142
94.39502698490058,82.72927750231923,74.34126326489964,92.43595542049326,82.8058525555365,214,226,0.9469026548672567,642.1351277619029,21,91.3993872218769,56,29.084894536451912,81.0170793766748,75.52808157222537,71.8565462539725,73.69029960357024,73.61288059767375,87.11275455398551
97.14367205582374,71.96573105603552,75.97042244784114,79.50762536013532,83.52499551441686,175,213,0.8215962441314554,583.6323352192979,18,78.38014232052882,17,26.626958264765754,87.76331412253991,86.85325738840157,71.49762448107082,68.62980521235527,92.93714607829975,82.04032757229272
93.15368505757341,70.81155256880744,94.0059665088018,85.53189885179579,85.45905846917802,396,416,0.9519230769230769,901.6544110358846,53,88.95701096253741,43,22.18292633724854,98.9783243637743,76.14999350766988,78.30217059845029,72.05890521456882,87.57166110125253,88.52942161551914
64.57679487048347,47.21129456016732,60.36583430278818,70.56860077598733,78.66998194489398,81,97,0.8350515463917526,1759.0058747866815,4,75.47718729180727,8,14.049768817816814,60.11004022509466,45.00825398148691,46.80658651988038,30.732342625134265,74.36331384155936,62.36755138793593
56.410798184872725,70.13049140331631,74.6036561422347,72.22740338689513,68.20685664814076,155,230,0.6739130434782609,1728.065185308627,53,69.68754983570567,14,8.82862796694943,63.62530418490713,53.44139282977309,52.10886503120781,50.77113200148553,58.314557262334034,65.61212092618108
91.36868736516698,75.48411073876932,85.17567212714418,89.0851814900484,90.05520206359141,189,216,0.875,969.9313838735916,5,84.85929096095815,54,25.024811305654012,87.96800933218849,77.11489486339796,69.24974532544093,68.38345595870526,85.19898377080855,82.22992948541533
51.63498665188031,50.02449257928722,57.43220567011596,59.31129108759669,65.45129007407556,42,55,0.7636363636363637,1418.4678902014334,15,76.34520805358225,6,11.819874051463097,82.5155146245225,53.76072352586405,35.73780161237251,30.615150728124753,53.487572208757605,56.122070252558515
25.512897428767147,20.898317436781518,44.018856560567414,27.69138435107391,36.66486172315551,36,83,0.43373493975903615,2894.2090721699274,29,52.952991612299684,3,3.468869602843279,57.72496695868388,26.016451746392207,25.432505060346468,11.674234798468614,44.390609622461355,28.941627176348902
57.388216529117756,61.85018876516833,57.626955674271585,66.29164989218893,67.09483082636284,138,220,0.6272727272727273,1283.7732731799447,19,72.43388494884043,9,14.620584480276381,69.13334033868713,54.52749623981574,51.33681307398903,40.47999274724873,73.78059364099013,64.73197853523534
79.57508671595616,94.34516650344962,65.55573730237867,83.75554543779138,80.38928586431228,429,467,0.9186295503211992,901.1320262364762,43,86.68055329216207,11,27.46204761844902,95.64791617288918,83.26876505970355,79.74585986099389,65.01540927811632,77.18325833069123,84.78354522894914
51.483209694970306,68.46585255204222,63.47456699369611,57.879983666358726,73.02331370854779,139,194,0.7164948453608248,1064.9339426432698,23,70.77838492753897,12,10.45993026533768,69.35851538375327,48.37149761676179,52.68795927653305,50.341395500726485,53.14547124845782,55.64276525822918
93.81639587140022,94.90571396860685,89.72803957768623,86.29682873434854,83.23382538506323,347,367,0.9455040871934605,311.53948455954526,19,93.57333387415385,11,15.010266186732247,84.71131869189003,93.31259882743456,86.48757439062246,77.74462625559931,82.05563075843317,92.41209160687731
93.56953161522725,86.52543053221287,74.11162860773567,94.65889843240443,84.93445100945489,377,443,0.8510158013544018,820.4597536560633,46,97.50537268745119,51,12.486964365913705,86.96026707526985,87.97481188495152,84.17322315872899,70.40296361079649,70.42274533140917,88.03796175770482
28.928255461514993,12.258280291064477,24.737507780803032,29.343541214608102,41.63603966198092,37,74,0.5,3518.280924901586,9,26.06972931510106,3,4.649298459461285,56.99692622467025,31.09471554780999,24.214600925535372,17.727069597706297,28.157468807974443,27.7122164909931
36.85055721518256,11.310989451619669,44.56527298693858,25.845584572245137,38.77026383351583,28,48,0.5833333333333334,2117.339277644339,9,47.65888458256154,1,3.2777178549825634,37.900641851462375,37.216936239733954,15.343587380823683,12.090155446399729,21.53770810629975,33.63599877873021
26.091526649273163,19.46695084227354,37.67658758784055,34.12925889802764,42.090993707700314,23,48,0.4791666666666667,1866.114685685534,13,46.67572058403569,0,5.732008674587066,56.38674279932145,17.01748732729432,34.136775372361086,26.339018986598127,47.58046070226325,31.61931756788114
74.87608774403469,70.53866517892544,58.00100846090505,68.96684711716952,57.43947923940674,97,142,0.6830985915492958,1163.082877829916,11,77.8976330890101,11,13.905511487694657,70.73916582017821,58.34440984337594,58.882154900045556,37.49229414686411,57.224773298548534,66.54071443563767
22.462528509148378,47.81467397998545,34.273113496146976,41.546988142426116,50.332504890039644,8,12,0.6666666666666666,2460.2955698308983,16,37.651866018370846,1,3.27703460238261,57.57916369578929,32.76763483990192,18.52603258375463,8.857864557427257,40.97682845849798,36.72182036174332
51.96925657844829,67.71099170823607,61.4050953080996,56.971263252169116,76.56435885153641,130,160,0.8125,1622.3835826618165,9,72.25382527665852,4,14.340768492714844,73.36849288533777,62.34315153656105,57.41213181606241,33.671796895830184,55.743366352963214,58.381597682454405
70.6697205010041,68.37034566098541,68.08819169341574,74.94667562283931,56.78627718717643,69,87,0.7931034482758621,1743.8715806469943,13,65.44488824459697,4,11.30516985213998,76.21208354675319,59.59241457008539,39.587080109000574,45.08574646236917,51.412773523112996,68.85146645734744
41.04559778995153,12.777309444384855,34.51120486699831,35.56938059434419,57.964188942475126,6,10,0.6,2950.5106141877923,5,53.37715985123811,0,5.98459500035397,38.08888883888416,14.231594953864118,27.487259364929407,25.542053898047545,21.794169807537706,34.879455579927566
59.446999274965464,48.685199365713125,47.53927821636754,51.162400992282606,57.77390652585842,81,97,0.8350515463917526,1643.1887893544167,16,75.42420345806067,11,10.205271128091637,78.105245770334,54.15821311746896,35.91944481832725,52.6083211883135,53.19483720644555,54.9464910139326
51.363626893933045,18.973249297836958,31.01280003446727,28.247793416853085,31.19380868536252,21,46,0.45652173913043476,2192.120737654787,17,54.004723550103265,3,1.631481509912788,57.882581603491886,14.518955754780174,10.80063490351367,11.551187850823625,24.89878516474162,33.22267442432425
87.9423690775138,81.47181655503849,83.1726590941717,93.37469421212755,86.52082556777464,328,403,0.8138957816377171,710.3813481839431,27,94.03293520844497,56,25.191165883478185,99.12094287223866,75.01186288821008,67.73160525774054,81.34904917388556,80.9787454158437,89.0045480985147
37.66140041387975,12.144449468285226,36.78146522043561,28.316125569708284,41.08432583953311,11,21,0.5238095238095238,2695.8504412652887,12,34.05916413225538,1,4.558681541993874,34.1486038105921,37.784312909228824,17.699010212448847,19.375627422965998,29.011258971862226,31.238144998507753
74.93208913823831,59.06168546823699,50.870431492247626,52.32633257734326,78.59816595247199,116,173,0.6705202312138728,922.3451625036344,22,75.59002519461974,11,5.411218966173923,70.32448275266295,63.321315831763734,46.04888004062741,48.95027723680414,62.735235672780895,62.074429766781265
83.04547715376633,81.0455418625994,68.84555330897294,77.45843759997946,91.15222804601588,266,316,0.8417721518987342,1146.5759992675025,36,89.85246372201004,44,23.414787886514713,90.88922664298337,74.21101377829788,84.01161515690167,84.62322771103729,93.64436792521153,82.08759033566284
52.897930100619895,52.60518566775044,72.56937976501196,66.74856533409415,55.336101099585406,113,136,0.8308823529411765,1560.195627410701,30,74.31677017150297,12,12.242407868134126,82.38509311395639,64.01706283847597,36.20610307841354,39.290575258944195,56.825583793803055,59.51678736518841
86.70707924610022,93.08327098908997,85.81273761047225,82.89258139812064,86.70444090041795,189,218,0.8669724770642202,1182.8159024611168,6,83.37551483940592,14,25.889193761354022,82.90632912673252,89.96352288205217,86.41420491224747,72.05233796986786,89.58053642630746,88.79651988672383
64.19427180520834,53.32556371643522,63.75283675684159,74.04478759528045,75.84873139865785,53,83,0.6385542168674698,1438.755526754685,7,72.84407508943893,14,9.995017699989548,71.1734509341272,64.02551510538618,52.69928769099706,38.21337791490515,52.56370314811616,62.34530873843186
94.48719642914264,75.35614764235304,93.56286954958772,81.83731537596302,97.74446587010549,253,294,0.8605442176870748,318.90824128772465,24,75.20187587480238,35,30.78307059363734,97.70477757415131,72.167664189891,78.45907755252557,82.83074215698176,79.69931885994716,84.090186437747
90.95916031239716,74.15045167610944,91.88844656491364,83.08982128903818,88.2012610763936,159,177,0.8983050847457628,859.3565800242757,10,94.11865351706868,16,27.870593950635058,87.74366548311869,78.65271250411018,85.89721020315606,62.53190309577516,86.89731557075527,88.26250679282893
75.99848825566085,86.46193576544458,93.54210026619971,87.03223640292663,94.74539946968223,363,424,0.8561320754716981,1014.3694653424647,14,89.0525627435728,51,32.700531838154255,87.06842758605436,75.92176397436205,84.51313788109655,66.8701508887034,90.56535796284196,90.3971020320959
44.93970082752442,29.904262188146586,27.909329398349424,24.2471747417844,34.81509383797243,38,69,0.5507246376811594,2626.8776223189707,7,50.96367000216911,2,2.717771254347504,36.30620481157036,23.812734674868786,34.80999773343508,14.067797521707089,38.2932506188191,34.21499402592972
30.648210696794155,20.895623071473665,40.33211440324811,27.382209537148746,41.528692396418585,23,37,0.6216216216216216,2393.455556603468,8,34.46797217760182,3,4.301696583757954,52.843242530410215,24.41845360614124,34.67379215754846,27.86684689184751,21.677407369922378,30.57095380070082
93.45947063033569,84.87326472760182,80.3800317786925,80.86977646416243,96.7715669497907,414,502,0.8247011952191236,556.1060715866079,16,77.61828304996183,48,25.219929748081547,80.5933644612948,86.88550518867723,66.12133920058922,71.26492547457835,93.23566736182785,85.46166402832662
66.9080397482605,73.07176645136396,64.84479061242953,69.65747040193256,69.54695869729083,53,74,0.7162162162162162,1053.742010256771,10,76.30536112143331,10,11.361362537110267,66.16608438404188,50.8482098163473,42.155046715529856,44.81322611133872,62.31575709855418,65.65155237566655
60.43126314763065,66.10822231383467,55.08654290853051,74.47914065887853,59.37447721801849,107,163,0.656441717791411,1611.3622676554573,8,72.3331136542356,2,7.497164136350026,63.36255369004928,64.93843151454692,40.716877959665474,33.887781068957395,65.5777671897014,64.74296997286007
56.260560911145625,73.73175829335312,55.86073580573223,51.16077761680848,79.25816681593257,78,120,0.65,2370.013265411092,26,74.83266021568795,11,10.200539720610085,69.40355687120126,66.28941107565436,49.39357542237302,37.827901555838196,61.1026009584275,60.34715081448846
64.10101990906078,49.34823202920047,70.33460232967836,66.13164897666292,76.72910622077089,79,109,0.7247706422018348,1817.0550848393598,13,76.94792815215487,12,5.736610720170594,73.62138142798256,58.81739221906963,56.8609696290186,48.12643750680735,56.238809805378004,64.06687459409223
32.264217675344284,31.874199829717554,46.64013101591922,43.15269092680996,38.99930878198343,29,83,0.3493975903614458,3492.2444760987632,19,37.331487844535886,1,2.129289814028433,35.62658061616962,34.00955705797751,20.428242229321995,27.915001894558394,21.188182542279787,35.535795926644326
40.400058525477576,11.785888755463139,21.13596836321151,20.94956307450664,50.92947373822594,19,39,0.48717948717948717,3016.094234597156,17,43.96720551118288,3,5.192748724810243,40.50553149574216,21.986837896869552,29.557248874003033,9.677270393240068,20.282011952447608,28.395022744360425
37.93103862680361,34.967207089225795,22.981704441498444,43.55351467979594,49.42378672985956,43,85,0.5058823529411764,2187.0233484021,24,45.68704949359956,1,3.559053184402684,35.184715604908746,30.421925612403985,27.376640151551374,10.337386735321415,42.301862036284405,36.91409265586326
68.67557612114729,52.01072146329286,59.68932635457048,59.771896225895716,57.242698785990775,57,70,0.8142857142857143,947.1857928690391,17,65.89476098927754,8,13.01657762808064,76.23815321873423,56.69369583500409,49.3937409800962,39.625384283890426,53.16390857485595,60.459840964250795
53.953207568232116,56.36412345958716,65.18400834553438,59.04194712581316,69.50016438380914,54,73,0.7397260273972602,1735.872827427818,13,57.69072942069492,5,7.485023275022735,65.55026335685803,58.720383254080325,57.65401586329733,52.81816565220994,51.36909443814564,57.190405428068274
63.53230421885375,66.45610532654304,61.566814403555114,53.93599261333527,56.61396475433256,71,95,0.7473684210526316,1679.3790794506858,11,73.45041755518804,4,10.771096494637824,64.07025969949655,48.73383277227179,47.5549228453391,48.21771761504123,68.77530431887776,60.06017536435077
92.16634633920455,78.10086522913795,90.36960566832028,80.19206567416957,80.02958762802409,254,295,0.8610169491525423,730.8343721689703,1,75.00522187901987,45,23.798525045880872,85.62785964344326,90.55570281442526,83.82121639705515,78.32147968329578,91.9048119567389,85.83367113230734
61.31762307182157,45.46335322666426,72.32187203560358,66.91429737501421,63.320342940869295,57,77,0.7402597402597403,1269.5776918388947,6,77.65889461418531,13,9.256852391184339,69.2060886286279,64.62373047199644,36.79952329126817,53.99426286150304,60.447947149701136,61.195424202611775
34.73730526559563,28.48632007971652,41.543956344619815,34.20280026249383,57.12389951474967,16,42,0.38095238095238093,2157.0819672857247,11,29.838387742692912,1,2.26593166666231,46.30610887326665,12.361902953262174,23.290128291259983,12.591644956054708,30.726880916482852,31.589612023770922
56.24537111301667,53.294711870546365,46.50316279514916,61.87777396208397,56.43310677161015,57,85,0.6705882352941176,1646.845053874307,5,67.53163183022889,6,13.370112605030167,61.53771852920704,69.30342394428594,37.41629848954761,42.79345301757296,64.0052386009449,52.49446051828646
63.7236081174247,49.284848376502985,46.666308701177115,65.64423537704897,61.17554675869714,131,170,0.7705882352941177,2299.5223096956306,21,55.676799529515854,5,6.047582595384981,80.9077468753918,55.20482704543545,41.57057565530972,44.393752088007766,70.55457264541835,54.69509272732791
52.15557826878386,58.471772218166464,57.53649527091195,54.53520293263859,79.17171266343452,45,67,0.6716417910447762,1943.321376623294,13,71.62467409957699,8,8.484054138031016,72.60659631774864,57.86342246730017,59.799870408103466,35.82747865980533,66.88268771467696,59.871539751007674
58.25250372174736,52.854646967423975,64.13134271660141,73.86240071136949,72.1435933082621,104,133,0.7819548872180451,1202.900586961332,29,74.93425019435789,7,13.462773724729193,82.63483082322513,56.2970623412733,35.22657745466611,49.81327647266176,57.12672101180729,62.3555518813271
47.66272888758233,38.875000866487724,30.628218918627045,37.56092129266493,33.86965377076973,10,18,0.5555555555555556,3095.3874167284202,14,41.72295141186978,1,3.497361851568898,36.86269303465056,33.94785561880414,33.27680430131653,5.108332912069556,26.521643228827436,41.542842793830836
23.92200809989446,38.181684355008194,49.20062338378969,25.98774028173903,53.4555656859644,19,55,0.34545454545454546,3482.2254562915214,28,54.988266084766764,3,3.774492282865306,32.86818852417623,19.09020102302548,15.771689145029319,10.584741708410712,37.8781547250675,33.92264919392235
77.38974570639768,51.16935670348186,62.312061471180854,50.13365822509848,72.82635990065718,58,70,0.8285714285714286,1690.8889102066523,21,73.71990945605062,4,5.40995761838034,68.35196104172793,60.64976164402589,54.835488179715824,43.65156241576145,64.51871940767451,61.74733089958104
28.83405808042837,20.99798507027905,48.7638528566498,26.296563252675142,52.75705783819688,17,48,0.3541666666666667,2848.097157664727,5,29.288292877729877,1,5.463446325366192,35.78468011300184,38.96978069456377,26.654859498630728,26.3837553530873,34.71139235245221,32.07121282000256
87.86014309864828,83.07236948801369,69.33309452465232,83.8413242623615,86.01388373755813,201,221,0.9095022624434389,323.3064632245366,30,83.42458688275,55,29.36344841505616,99.10350320956265,76.00378990055036,73.08811534342595,64.59532223704538,84.423403083621,83.47778527827775
82.03558070501495,82.56150078470299,66.89549290580679,87.22283046422493,97.70723060616365,311,366,0.8497267759562842,363.6269473659296,5,88.39146132245949,12,34.913163340026685,89.49067125244882,90.40141892785809,75.80168212666544,79.90976806549273,84.8853700405027,85.27740919343842
57.21913493125602,55.54380638259329,55.64163410668901,52.025172312983045,66.23926379043158,83,106,0.7830188679245284,1919.4918410955836,2,76.96741966815955,3,6.319053932554447,74.3867666914105,53.55359103866843,51.907920085755364,48.53648672106384,64.61732188120955,57.850725248561965
31.806057054670546,24.307697339887508,33.40763875510517,32.560720265047394,52.69855854563418,26,44,0.5909090909090909,2346.847873173064,7,46.95833607136716,3,4.653227746014066,54.26299892369263,36.86178662408129,17.61412538512713,16.857629007219927,39.27268402161583,34.04223947316378
72.01819022486757,50.73135481965886,64.50490597552931,54.991200479533354,69.58301195609427,41,52,0.7884615384615384,1785.604888542093,14,57.09857506461558,14,6.8229253886909245,79.14698645874641,50.74671585933423,42.26753151733048,53.001287672087216,72.77625376784428,61.09164480375147
59.91412944735136,49.45134873604429,49.704520032633354,51.09379250016888,76.41812985886132,142,183,0.7759562841530054,912.6966324259643,27,69.54606973841301,13,12.198996363846994,76.28457927890037,48.60911397174186,49.87349847484985,33.285389878531554,60.030911349078195,61.528677096119026
70.51965823006236,56.798510099783726,66.64542193036243,58.12057037847974,74.72725378991034,119,159,0.7484276729559748,2338.9858567623205,9,67.61488868703411,10,6.998209203413641,80.2754027565664,48.929561790209334,40.26155542855008,39.150334796003776,72.00870489629975,61.3274226665848
67.26794526147978,47.81174598179149,68.42799539371482,74.78769220696255,68.27996985603778,85,110,0.7727272727272727,1646.2800156801686,10,74.69019264143682,6,11.615645681734055,77.21458014947058,66.78951813136207,35.84553218928798,40.108251483688555,69.61837785215249,62.23443339856769
55.7462657580726,65.18140307918623,49.10317509600459,50.570307296867576,76.58736332112801,85,135,0.6296296296296297,1118.3433715929355,11,65.69201852378222,11,13.000403233779064,79.18856712570422,57.49551648937705,55.520122467653636,40.31631346104629,70.67501242580886,55.223632950491734
90.08387764853003,83.969167515369,85.31372790447692,88.65342304925518,91.31721227107987,188,201,0.9353233830845771,454.97773148126976,16,95.49239934788619,40,15.233614117987408,88.49566683048373,78.54372105814818,69.5855910874489,60.17101870370909,81.67544666304354,86.66271570056632
62.87132818051608,54.84673628565072,60.57519439503169,60.68277604468717,79.51351621701734,135,205,0.6585365853658537,1900.2292024437727,4,56.52350854803213,3,8.418901170620376,62.6745451908014,64.03673322343292,57.952369830013474,35.44887136650294,73.14183734822993,62.20583277008648
93.78847665859587,89.48818466974822,85.98602772846571,81.13862145962466,81.027698082343,410,440,0.9318181818181818,889.9589746615013,0,75.27411360849956,12,32.003005351587575,97.81664296579267,81.22594400924905,76.48259220532684,61.924229575200435,86.7691256360759,85.93745501206816
28.58401565723739,20.009007382497398,24.500115821824174,31.689779874709444,40.647125890422984,36,107,0.3364485981308411,3499.0277040271467,19,26.79245815970578,0,4.040830567517397,36.32041986012137,35.50408851488818,23.722471983743006,23.337542072403426,38.85786097123673,29.67751718836917
87.62087715543149,87.98927514001002,84.55883778507801,79.4853861892112,92.81922598425564,438,503,0.8707753479125249,460.94043829919593,7,94.5321384413661,26,19.08539821260495,90.85080461109798,82.720351920969,80.90831545464738,66.2615454651396,84.7467711890136,87.82195746062598
72.34530431943097,51.41138924557737,53.01621830269707,55.83135804556371,67.87456009239514,64,101,0.6336633663366337,2007.2528785449274,7,75.09986649205884,9,13.78335605887587,64.89680462697844,49.17434684181385,49.3894281424605,41.58322253865683,66.50431604117392,60.88561263241285
89.37210429096098,84.86539556173747,89.98491130364813,93.12174120962521,80.21882188659296,273,296,0.9222972972972973,317.81609251252894,10,79.40283665148948,21,26.289726328141032,86.68099931337538,88.317476264757,75.11318463934674,61.708830007748965,89.59399606210269,89.28845849383755
75.43574427761015,89.13386679235171,71.25198720854995,77.65856085415965,91.49279812638444,340,372,0.9139784946236559,1107.6471457173434,10,80.07497437130021,51,31.75957042587908,90.00116518382174,86.87233007635388,70.97665960187574,78.95101052528041,89.00013862405245,79.56557612662881
46.606348541776775,44.194074842877214,43.452601367174466,48.27284561929834,59.38301833621789,19,33,0.5757575757575758,2607.4662510381127,5,27.65420055297444,3,4.275789836452739,43.3369045696663,39.12329218232165,34.20448742436142,27.630128295439068,30.082495864401295,45.422498894247376
69.81567362739115,57.17663257814176,45.934072137917084,74.18504075588075,79.65840155395216,89,140,0.6357142857142857,1375.417932953378,21,56.84074910461654,6,12.199892310327243,62.12424593580623,47.662790925795036,38.183719409397135,52.609420841524816,63.14624090659533,63.76367382615599
63.95440047262574,56.01342769600829,71.44668783204003,52.817792068722724,67.17307870797777,156,212,0.7358490566037735,939.0868289783895,37,69.5688978225719,4,13.34449957347763,78.81296651425905,56.51272899770447,45.73026948854249,52.433474139219214,57.21145876045321,60.40868243651956
95.48514447562238,85.52057580874249,89.30483269879107,83.59346726710297,93.49747876318884,278,310,0.896774193548387,448.15846191285436,15,79.56882526864034,27,19.047555335073838,91.10267573506377,84.69979073659582,75.66249368104653,75.38551949552088,72.03937314028414,86.23848384292288
68.98603034501366,65.53633299093971,51.51466000473195,74.60624416228225,76.04188023178722,104,165,0.6303030303030303,1307.980984475072,7,64.31254122693052,12,7.0261881912527855,82.95756855024432,66.45699307139887,39.97610764550881,51.89156559773784,55.229653252021066,64.50727016523237
27.87698024297935,18.280165617506572,45.236030656787456,43.77401001629334,41.52979588779039,8,23,0.34782608695652173,2137.3444825929605,5,39.44827738330636,3,1.0032443478861217,51.06129756427311,17.99496690117816,14.243168067296928,11.854861584207287,47.07085992351395,31.867546816881777
96.28965859058272,80.7679058325339,76.86302803978742,81.26412522140348,82.64711331019859,394,436,0.9036697247706422,1110.0748647148325,36,96.98613306597234,46,22.902147855112585,88.88255426331503,94.87144932648303,78.63452803045756,62.205042594746764,85.17193353942325,86.87178647290521
83.33275027000471,91.48614810161443,86.04497304395498,84.18687311187912,80.99182763285896,407,465,0.875268817204301,1005.8441693760452,30,89.74498038238967,21,21.153087966757415,98.62957985193361,78.45577418293212,87.84690725804491,84.52612155636164,86.54526821436062,86.59558114110075
75.69069236244974,58.50372817905716,67.32911152012099,61.674185229094945,60.6950188928214,83,112,0.7410714285714286,1370.120047280505,11,68.91664415915764,4,12.247042751485582,68.74431142237695,52.83309508941979,49.953526634263326,40.90624779274541,74.52108420559746,67.74826870952985
43.99359721695461,37.8229644103548,45.78834393995912,41.07638518831436,49.082554334167014,6,14,0.42857142857142855,3035.356947266241,7,43.60635399111461,0,4.206025926302907,51.88864322897709,11.567096693323315,19.55526270433122,29.073418621992182,27.22220394364399,38.42970435879623
61.78332970432989,61.133747835460895,46.42010366427475,71.53122407751809,59.264288830154804,121,148,0.8175675675675675,1105.1897019724945,6,57.54549803532288,11,11.769654846253522,73.80341969615056,68.81304160029767,47.67942901921441,41.23530073241116,56.18863914292859,60.291347958806
78.90322050057064,88.67996463640233,88.10267093762246,84.24656994918566,92.85356640833031,410,451,0.9090909090909091,446.62493370145717,59,93.88373478321792,35,16.281795822159616,82.51322291159165,73.45946406354795,83.70404497571741,71.74135642379059,89.57335431849668,88.22463543711851
87.24192321642644,74.37676085389738,72.40722280002757,91.77098429805656,86.41134164811669,258,280,0.9214285714285714,351.8828239791224,20,97.22759987492736,48,24.531036123539295,83.30484100885207,84.57461065411506,89.99284510389785,63.76303729158534,90.41892325298821,85.47094741038603
92.18605051806686,89.23964605382591,93.50938258791776,79.05872735149805,90.17989936858592,287,320,0.896875,323.5770376788583,29,94.1290320045428,54,28.04642443296173,98.59233845751368,89.56454849628345,66.40340258540525,81.31820049689279,75.63853324814332,88.82791672647359
85.43633648575813,83.18018301800706,85.62169738057143,87.66566964665991,94.59297211301315,277,334,0.8293413173652695,809.9076029071264,4,78.35838882861849,23,17.051238046024757,93.54933537868924,88.96021601999261,70.62264926379557,61.91526910652783,90.2629121646593,86.96134890090765
84.9126297441789,77.91680585147272,70.9428655016087,76.31384232979319,95.96814771002657,218,242,0.9008264462809917,791.8126875553119,29,92.8546809828668,43,15.93153725567951,88.36289576325599,88.93207445688752,87.44911617119472,62.103191556484575,79.82759768898502,84.87972190317203
58.70553680814099,60.11198235924702,49.8532006915411,59.23302360529189,57.467022937096935,159,215,0.7395348837209302,1051.614738557614,38,56.96573643421207,13,13.419584544183484,82.67240979084569,46.79723636500034,50.86375352154067,47.10963561480183,63.3442485608006,64.56664924653931
35.466169763541316,39.92412326526946,47.7271349726253,24.894053437274156,42.83623451146904,33,54,0.6111111111111112,2113.978177821262,6,45.28558812934472,1,4.8647924595559076,47.40030052819543,14.638192532247924,22.884824284831176,11.527718521445223,27.065030687205947,36.829647427521834
17.707686360039204,11.455194675685252,21.9188085116158,25.999954403563308,38.34210766757254,34,86,0.3953488372093023,3435.992550361956,34,29.522297788165183,0,1.9837290047672624,30.82287305837872,25.527584021288888,17.956294514046107,6.088284044700447,47.44852260438846,22.92206451992312
76.8586803702133,50.32908679632888,60.93914405898582,51.0897394329303,67.47958811137721,121,185,0.654054054054054,1070.8050039080472,39,67.41817384947248,4,14.716504979316055,76.37451735097221,52.196007326920046,41.01998274845346,33.206205141126624,68.91286810122648,63.494129288193626
86.12221547118895,70.38082530908466,92.63431640542525,94.52172048399143,84.00108979949454,165,198,0.8333333333333334,528.041458946401,14,78.60548985898771,43,25.654746257900864,95.09654916724662,77.73656441115456,76.19929140955475,70.13679190826046,94.60223659916285,84.33274648502525
50.843956896230786,53.71528238334567,63.25557294631171,58.93421697872797,74.37562639073734,60,84,0.7142857142857143,1738.0454459703972,24,69.46808085250215,3,6.689570411013186,68.15935513295943,52.57616870796466,37.703299308484375,43.6727254816307,69.09121584781386,58.614943970125346
46.81298523955318,30.65092224290112,24.231732679451873,28.095050013473013,39.609557207092784,36,104,0.34615384615384615,2752.2622905169214,30,43.7635185567685,0,4.925998195266571,33.621230441697435,30.36454502222046,28.63309552237958,17.856208898035213,22.205088137656375,36.970028974505055
69.04677836647406,57.03938483231253,48.42551303963878,67.9744686794225,75.60219030426859,67,85,0.788235294117647,1136.6639966886678,19,55.580854918896584,10,12.52762841135952,75.83156027796235,68.19190397965343,49.37691536231243,33.2432688181387,54.4216118733752,60.12312679352797
46.96832253551279,22.883708442957737,22.95551975347322,25.35617463700355,40.97247534304366,22,42,0.5238095238095238,3468.3565426688983,13,26.288901784229076,1,2.468022676989986,48.99276790323617,12.090736734115989,17.49160427968287,10.267760159459598,20.095666723148984,30.290622984009094
28.326678065364213,17.360185205651554,44.89442110598701,31.28903478173169,49.65032982249789,22,54,0.4074074074074074,3127.6349498740638,29,44.46786401957198,2,1.9704093948314703,55.23635510718043,30.40007774595303,21.26946348937941,25.651393762211704,40.069877519790296,35.69623125841375
71.86728322010546,56.000015336238995,74.33687963358379,60.86050345295824,58.76121376933041,132,172,0.7674418604651163,1755.840077611347,11,65.55167066900164,2,10.176104774128252,81.46938213071162,61.29500258452668,39.7189619483526,31.57541947188427,60.60909471703367,62.41476445152663
73.2232061655702,50.72376796427516,69.21539310607473,66.43735148140627,59.81858768030921,111,145,0.7655172413793103,1326.0529359761663,8,59.68391874583538,9,14.945051042205588,60.3002290771066,58.52299533218247,49.341664938725245,52.855219742020296,62.65013336917344,60.25011373636261
86.8266239202148,89.14195094574231,78.09258796188779,88.33543819567794,81.69789367323878,413,454,0.9096916299559471,819.0321589719807,37,77.1831125468984,29,32.771155741160385,98.67142166915296,90.03369979684521,81.85647105016247,60.14296453401973,81.64564383057812,84.74222114664678
15.45247962387168,39.672834142607776,25.941950427237504,41.839436395822375,30.476047420974517,7,12,0.5833333333333334,2282.900782522884,7,41.41257676803876,1,2.4184397980835444,59.798639271817706,27.39906380096317,24.16194562635601,10.52174075266138,31.44330428401752,34.41455006833706
81.7479625384085,70.86886786233154,89.47462553075886,84.00766426078016,85.85239271120476,191,219,0.8721461187214612,1115.498172582334,16,94.72608772956202,33,28.28790820221813,88.70931050143957,76.25615813157343,82.17345889166758,78.56651796641053,74.49740796837096,84.72523092592716
74.3067466399533,60.8737061706235,55.93710471672756,56.65198275749295,69.76274522026573,64,85,0.7529411764705882,1878.0219230086968,19,72.90951729256558,2,10.057833001200494,76.26095659416467,68.90679002019218,54.12093492756881,40.13141951430269,68.70688435993142,63.50522300709645
92.74654388275972,79.13233963936653,89.3594447205713,81.39042903614951,82.94399069144873,178,207,0.8599033816425121,724.5806784517869,20,77.69203667224551,40,14.018777024839133,93.3636132391581,92.39530253496447,66.44470492549661,63.516333480841666,87.91579841755079,83.98204010969305
69.50825165017706,57.37033577193197,70.9332337767649,57.82872560349533,61.873882129963185,130,160,0.8125,1847.5210513393401,29,67.35296249464537,2,12.37725934634846,60.63501897486636,68.15507541406298,59.57292790077966,38.85450166995236,52.67684624288337,67.4119761700368
21.486470544786417,12.360985037519692,41.35593949448116,41.67745492509452,35.31431261116137,36,69,0.5217391304347826,2269.1106503438473,36,39.959312526688784,0,3.2682940544178445,59.504932400976855,37.705926477258984,34.423723627698,15.822937126000747,42.41577155554492,29.02745500105879
56.46705775004888,71.22755630053008,50.13032563254685,60.64671402207859,59.679327873173676,77,107,0.719626168224299,1426.715535835218,31,62.969520409412134,7,10.537739542944381,77.94669627828159,67.42596290626712,57.543541901016056,38.21272635844658,73.81128157865963,58.56736775318326
77.03532754719414,75.09555442289778,66.35681866731615,81.50660661526528,86.99619121441067,202,235,0.8595744680851064,1168.7297765377243,27,87.48200991263971,50,18.814290631193895,83.30533878126005,70.39091016852984,75.58503701765925,69.87203795438924,77.33720436795096,79.24801323885029
77.2047471506174,68.57918826887692,56.06013673945884,67.84870976281087,78.2842347003789,48,67,0.7164179104477612,1668.0198686531924,15,62.1651909465416,13,13.735342010653152,71.10753839937674,62.503839468414355,50.89777152416758,32.92890207799258,65.56598381756528,63.369726254662666
83.60059041288682,94.72447514851169,65.66608438963551,81.07447703263651,96.57925075339247,238,261,0.9118773946360154,904.980597208601,3,77.37237550020231,57,14.428763108601242,94.13099604565653,82.48871753215938,86.74823905992484,63.15487727565591,86.9473729624022,86.9659387954772
67.98600582201334,62.82211963055081,67.66983755753832,57.43503231627427,78.32913937428773,91,125,0.728,1981.9283228967388,32,64.66663022521107,13,11.616843562366649,70.2632278486679,57.599548142159065,59.18008639605483,46.54028741270981,72.62488064930812,65.98746701846684
97.34937819394939,92.07175943091818,86.6518856349462,79.71969839497912,84.60922980970383,432,498,0.8674698795180723,684.7869165226946,41,85.10473954291271,41,26.637439459066947,86.28711962152653,82.71426727911756,87.68916184815232,66.23230572872187,80.25957307589074,91.81779274681529
24.738572009016863,16.773616089565373,40.99969013742228,26.308206008790922,53.40257875252429,15,41,0.36585365853658536,1936.7968392295368,10,40.169367730645014,1,5.032262838477008,31.65072706714,15.913862549341063,22.229876655565736,8.941191573695674,39.39602399544035,24.68460253396189
69.7201592666861,67.26665506572631,65.64122899036064,58.42320482979312,57.79319568390156,93,121,0.768595041322314,1719.3719514043328,14,72.7557486158579,8,6.730845728204018,63.48751178656984,52.030573360537936,40.10172176196853,53.64633843494637,52.104260914005096,60.88415518293345
94.42831084274484,80.87796678054505,78.22565338107547,87.68486181955085,93.9405935469677,216,229,0.9432314410480349,489.34789904471165,6,83.00327932156998,53,15.665976112225186,80.88184432795065,79.84968769282638,75.409804253548,71.27268345472386,90.67258860067422,88.54168397359436
78.71144924293282,84.87189283537342,89.16296987899959,90.20321859580318,82.77019828448793,297,355,0.8366197183098592,611.9028838348929,1,84.3944783723951,25,15.93978402989842,96.54713109652292,84.62096579222205,73.43831164709547,80.07128022488865,76.16299764094957,82.74534854466127
51.777711454811765,70.63515276954601,61.91838384806633,66.22738184093554,62.681056268739354,82,109,0.7522935779816514,1827.0487262717058,21,68.6261073518155,12,14.499609008768916,84.59597521351937,66.6612195158566,57.73878976937753,35.43196946917841,70.77516972474436,62.387941485540956
88.83028695973148,84.6284474925521,69.04147192609177,78.0183196542706,94.26819478030328,413,485,0.8515463917525773,431.73575993007097,26,83.16488594388213,19,20.744484953429083,97.42543701900235,86.57869573499556,73.5427969835422,77.09248864311552,70.49208038453534,83.74485586552284
96.40477695609508,87.57873067117315,74.21716885543161,82.40049048285631,89.90849198785293,428,476,0.8991596638655462,821.7580495207728,56,83.69030191572529,38,19.80402114812005,90.11863308639117,74.04807516580534,81.45255545141231,84.94373472525501,81.29348689953609,85.16280385794794
72.24955014874988,67.53921886956529,73.26783520975684,59.95641022892529,60.15966855620452,128,197,0.649746192893401,2375.537787625765,34,59.78142527105232,9,5.757396452964587,60.318473583430375,60.2200523124624,36.63660880369115,39.50947342596183,50.09016090266154,64.27670186265382
51.957089607504365,59.556427124148016,54.71326737795808,71.24848276889367,72.69472892274759,56,89,0.6292134831460674,2230.3789316209795,9,57.94129668157548,8,10.07160590925821,73.50522694754773,46.29418452355163,51.71307162589917,36.82849689012625,50.49234805447051,60.01176397969972
68.50865921589644,71.44551771940888,47.10256927257429,57.39084962742101,72.30852359781531,129,163,0.7914110429447853,1522.0315644741472,30,70.3945074937922,10,11.965307936042223,72.68034204195224,51.03057812773492,54.90376270057686,32.10533635176718,63.12225706887877,63.248718230718396
74.30504383272446,47.70412041766017,52.08583074873507,52.28577013568439,57.594680421236646,99,156,0.6346153846153846,1588.0353255772789,38,63.36026567682963,3,14.276640744282306,69.68941539385139,51.310109225703094,47.98298388902301,37.43338029605245,56.545426299046895,58.99978253756194
54.46300703693146,54.876631830203465,58.93920931501022,71.17783058727301,78.44283209132436,65,86,0.7558139534883721,2355.6165057583794,10,58.60760271361652,7,8.135203608101616,73.22273093944561,51.96514462828457,55.61324916467278,50.48078194762028,68.10851094573164,60.37924899805633
73.9445676210497,50.044358294322365,72.33700357777023,67.40755501628176,72.90814885814208,139,176,0.7897727272727273,1631.411640082735,25,68.67730708910176,10,12.261766255722524,65.03182596294543,59.873915513956625,35.51554501857221,39.963684984608335,69.10263101429014,67.75189653882882
53.9432166880712,58.312781333410065,54.76398300739927,51.415061640136635,75.82984135982952,98,143,0.6853146853146853,1079.7609923118057,33,59.41897452564293,8,10.745377145262058,67.88140643437075,57.824018706480985,41.15592753015524,51.59241147506731,57.845469508179036,58.6732291637925
69.92514727973759,64.9021303572783,73.88596709344343,61.03790811719371,61.69489932911898,138,177,0.7796610169491526,1566.2531713092067,16,77.37004920271747,12,14.33161479938216,84.78946986948951,55.71077860581715,38.757375334231924,34.89626942258159,57.95938057780792,67.87254649400016
29.883282867724297,10.875732947973685,37.67212785659173,23.662130895411284,36.41414576686265,15,35,0.42857142857142855,1837.675168318885,25,42.322724411874425,3,1.2377894994235863,36.45105860114231,25.06953889277468,18.217435095395835,16.00364019763533,22.359590774180838,29.856683122357595
47.56508644347711,10.956098615677204,41.755245922715034,49.965132837642045,49.18927405720048,5,9,0.5555555555555556,3444.418433290143,14,47.4832254036982,3,5.240051583882089,43.09111279543005,11.545256393871506,33.74153586229082,6.812001320608983,29.747068552617872,35.7440078530221
75.89705222972819,55.320311005728456,57.06390984302119,54.76550526703784,69.83021738182774,151,221,0.6832579185520362,2167.272309402928,8,61.95990863746302,11,8.19187710123841,67.0839749240595,66.52053151850431,45.54135017054596,38.47690854509782,65.08776353565034,62.38028345358178
80.0717021041429,74.83499919649286,93.52455979749294,79.19795259172461,84.69653443370302,176,197,0.8934010152284264,338.79009805349165,12,94.61730682865537,36,33.79893305329229,82.8239812707437,89.0878960917053,67.7170634843673,84.53143943478192,79.54041247772838,81.88445594904431
51.17725429012645,62.9471327955569,70.64460158976564,59.53935969563794,73.50089862460442,106,143,0.7412587412587412,1111.5896992384455,38,74.65499888564852,5,12.087215037485844,72.68093888018893,65.10056973797828,52.81355022832493,39.19757313215689,58.41684585634231,59.91787157304406
58.38396014755466,51.08737032460598,57.63309886061077,50.895086292848376,65.56359762496018,86,119,0.7226890756302521,1377.4110381545242,31,70.52241667839789,6,7.258210764995456,77.69763122933517,61.78913707554561,38.066961408849124,35.96603457754177,73.66439466175525,55.591254797680165
35.73524529789559,18.67863139562076,32.366399421106145,30.103694233114744,49.66576643914571,21,33,0.6363636363636364,2700.1366208933014,19,42.33035779920301,1,3.4647905024482113,49.560973310221215,16.067968011396868,27.562680259126047,21.49441691104198,30.498893068145655,32.62967114385174
28.60005392371081,29.9057391346764,24.860784842535267,42.07919603156212,46.80842547200105,37,85,0.43529411764705883,2519.227801286962,6,41.93402981500605,1,3.823908974665363,54.808114551458004,22.283804925555586,12.16860478369869,29.85371473822774,24.63768258314403,32.56033214435322
65.18664098886855,59.11746421806059,65.96911938173363,52.57987403361634,61.634662643312815,158,249,0.6345381526104418,1521.7895139907682,20,57.04018587930695,2,8.555498928040366,70.56800806807885,69.67050128910621,42.76656785170504,42.96706132413584,63.40178309677505,61.925866978939226
85.912003025385,78.67819152381475,82.37940208365383,92.78001221629331,90.24748971941963,265,305,0.8688524590163934,346.0489558009283,10,85.33316764470965,54,19.13541152612821,83.63527195522389,82.60332104796096,73.07024483619625,66.45269107933537,81.59963543600952,86.85404267306886
72.87045664370768,51.27252608834702,55.02473177541394,66.60896729136611,69.02780964270197,136,209,0.6507177033492823,929.3138759550875,14,72.052657489849,8,7.94726696727677,64.56759666476837,60.60825974827665,42.35047677984359,33.95249609283979,72.64565455467002,62.10739531584588
59.62141589155986,48.43526357736775,46.58515124866642,59.13366330360569,56.183596613736,154,202,0.7623762376237624,1989.24962954874,48,58.52480096440403,2,14.032236249709362,72.27958001074008,61.972084172232556,38.646388972087614,36.44509792479923,64.65267794843056,52.64499140088331
76.17853355588093,66.88832897930827,60.14052700498008,64.8362287987768,78.19208995865891,140,194,0.7216494845360825,1055.4321943874609,42,66.20137918202705,5,9.073570244376203,69.12535434648014,58.15013509021485,50.1135306652926,41.6608050893239,72.41620408637611,64.5498751069976
50.73519092667737,56.30216235992864,65.87665073035707,56.31487732797834,78.94260267516218,127,190,0.6684210526315789,1715.8405447389616,28,56.12290696428351,12,7.3826241333993,81.27729705580361,58.9304761232511,40.17102595358903,45.587695248905554,58.942919123560685,59.20665077561062
53.61392468916416,46.09807955544058,71.92238939912971,73.2234563643448,56.90426654729812,59,92,0.6413043478260869,1386.7101874846667,11,68.08481087160604,3,12.36467387450002,63.89457619848416,51.73766145966207,37.49644561180064,51.62859953594508,57.40732469423748,54.61655644822976
89.9842505311811,76.73501946313338,67.0927103693603,83.26946528243937,88.31200680404882,222,242,0.9173553719008265,484.13425286259826,19,80.12321146072134,49,29.751525774999397,97.50069062490518,85.35406756540497,69.70499954199656,67.131949923522,81.89816743412408,81.3728501721309
87.34129837065827,77.23364686378937,66.84823955877408,78.24996830948884,96.11060945936187,283,336,0.8422619047619048,571.2526161897233,16,90.88415218489263,32,22.787921073317147,90.08849492126873,84.6269454093304,77.8292504082641,72.39226925571785,78.31835384959639,78.85203055661808
60.87828919968312,68.22500655206181,48.87889113514072,60.93037422511671,72.47331567113159,132,175,0.7542857142857143,992.1441581671563,4,61.33139233484938,4,11.12655895228373,82.99702556321967,47.77564870529223,49.76678087522922,48.21672204406576,51.76934175350764,59.331101688466205
89.57691790949477,92.88341518927469,91.63260528241959,94.15326949617946,95.61869827580038,310,345,0.8985507246376812,703.267636423471,27,83.42381913796491,47,30.585786357114387,82.49010508731385,94.26500169643646,78.87329110935858,64.57309996053283,73.28038707329216,95.24676542199906
25.279894401276913,36.15964943671815,27.092029994763735,25.155152829580622,32.03086986553382,20,58,0.3448275862068966,3150.466571049615,9,41.26978081714448,2,4.109159342663796,44.99916714674753,22.68070121103426,18.120878423993958,26.657989800152176,33.566145291799565,28.45670634460458
23.348473821451012,23.731377707620112,33.43427203165894,28.736544276534136,52.991167110397,15,27,0.5555555555555556,3575.989628839937,9,50.79421457635058,2,2.0927964564341455,45.42410154995456,17.6604867560292,15.058406284586662,11.893056273573361,20.07727015814787,26.751984042967692
84.23888307691713,90.77590890664109,80.6809179391511,86.00077481997208,81.74896427538738,229,267,0.8576779026217228,1100.183158424064,1,97.51937806780228,40,23.522293942753972,87.49929098149059,85.64645992675293,84.83977993005809,67.01475539935922,83.9199596093293,85.70308055739484
67.26059012020906,47.33470856688091,55.3398982406507,70.05884893401954,66.93021229883146,67,88,0.7613636363636364,2164.9519100253156,18,77.6000278612888,11,10.651565725778081,80.87301608128175,50.53832513839532,56.540739344527736,44.79800350943174,68.13750338461314,61.6171312360019
60.367133949828045,50.714004704935505,69.49599295701614,65.08103303487029,64.01039632370004,54,65,0.8307692307692308,1489.6796882777717,9,57.06155159652836,3,8.873437396580346,68.70968777788033,50.109990471898485,57.43556428070864,35.437633342195845,65.91682170003459,60.3893429321811
23.13712083854969,25.068113507586894,48.734761547838474,25.699571035581357,38.81320785125601,13,38,0.34210526315789475,2673.9059558782083,24,29.640553792199,1,3.1540602304310057,50.29171222886962,26.857089950648472,31.247732343415503,25.7108397008229,36.5342604146289,25.806006305806537
80.19981863324294,91.24993811754416,92.91195260507976,76.90721842546007,88.10105550967205,324,396,0.8181818181818182,375.1724232120169,15,82.6359607674686,16,13.179758526567959,89.85070761428578,81.052675866993,73.36002947471871,69.8643078829731,83.24851467325583,87.15660079167819
30.616970524078177,12.503823058692852,34.203935033131046,30.6241566688095,46.505831575520645,33,97,0.3402061855670103,3386.1362875845343,24,36.65384924629249,2,5.114774377032295,57.03269584979384,30.48931703727763,31.441351086549876,27.294153533358145,22.5764643671388,28.873131444504725
61.870586203676204,51.84224818325371,47.10105675993495,63.38795911151792,79.75815236317163,135,174,0.7758620689655172,2156.258936530405,11,72.68663200405734,4,8.073784710042737,79.33913437987913,66.96279929528129,50.6004998528516,53.18509189322758,59.57609532125209,63.170247061586004
18.4796346415409,42.53450956914764,43.09721099034988,37.71474601470343,57.55785393302722,8,21,0.38095238095238093,2282.2646672529518,17,34.30026893709763,1,4.250017901318798,53.93136285401441,18.67612649631507,34.919488105233995,8.522409247749433,46.934238452919985,36.9471346531045
68.70764347146898,74.58644440164346,49.6043450120937,50.84586935500901,73.63784876865745,41,55,0.7454545454545455,1482.228432133459,3,66.65784993193789,4,8.59187553416565,64.76791010103098,54.23501427915595,56.34568019581891,48.456301089423086,58.3660211115891,64.30020156100326
80.94983160605189,75.02145447926962,67.52294673403954,81.52867153006586,90.07719762155892,372,418,0.8899521531100478,308.1651641874525,44,92.9364440884763,15,18.516887810108376,80.36855437476434,80.80601959731281,86.00303756853047,69.80378028612992,74.48743308559584,82.44170614221952
50.272324503673445,65.21668196839143,66.37162906687945,65.72099471396707,63.548255439960556,69,89,0.7752808988764045,1942.382046959792,25,68.42234428337484,10,7.103337022892651,66.88973920182109,59.16855871131684,46.168765067269234,48.377929710413206,59.46691728665801,63.599326979069964
25.776842642667198,45.61943073370674,34.48523631553733,33.04039251775717,46.97694654345845,36,106,0.33962264150943394,1876.5000811592831,5,26.859047965049907,2,5.510529323012302,45.83832502979426,33.6366721232702,11.282171983566311,6.89694473709972,23.31890274658847,34.03941396473793
83.0710452886978,73.04374242711775,69.28975046158507,90.23021263434944,91.1279251396927,402,489,0.8220858895705522,683.482327542247,39,76.67354914637644,59,32.51362890186586,82.93209643384051,82.83315421730983,70.83070181061319,74.53263543066956,91.5784630497251,80.4499141300538
54.9269169225076,53.453633277720726,51.205168040458105,74.2861186261609,55.465275408903935,137,183,0.7486338797814208,1335.37683028636,43,75.41454037839144,3,10.479463040706094,79.33793130678235,61.861532086109335,42.36142231885293,43.21852528849448,71.00315399780627,60.18296605232424
24.07390061541554,47.80271951204638,24.50185373614655,22.54995612753731,39.1687231754746,30,80,0.375,2591.361723242693,11,47.91031414594574,1,3.581657878735956,32.066240556246875,14.534057782486046,34.839304287271524,26.77988505056214,23.73316774170614,33.956706992954196
97.87691875587996,72.33511601135213,65.06952643714442,75.88323872355663,86.15208328526171,186,222,0.8378378378378378,428.56525857075474,7,96.55309365455228,18,29.620666454298483,96.91842879355464,85.34010285593646,67.21511784924198,72.19069524168027,71.94123336679013,79.71915208087634
76.34083568883422,95.95895208201813,87.57207361158402,92.27806632588226,91.72155881771623,293,331,0.8851963746223565,804.7311075997654,39,95.15768170290333,10,18.79885238259709,94.10725381793364,82.8303935444888,79.64744008381892,64.49021847068258,88.37557995445427,88.67568371289643
76.7848158974846,56.73830566220837,57.60403662549301,74.22254292785095,72.36519029066821,90,126,0.7142857142857143,1952.922751470758,9,70.84392914178778,13,9.060342065943694,69.24825011475306,65.67309772417153,38.90793053498095,38.59532259087724,68.12427012188478,66.1232071796409
69.41304565716587,66.60846507019221,59.28757226783318,51.92067392160255,67.40120379290254,53,75,0.7066666666666667,1873.4240231917304,9,64.05998346928112,11,13.272336728041426,70.44900372667874,49.391392337279065,43.752951986528124,36.153277792955635,55.717840128391146,58.36925773494204
76.45421356770001,74.28255162465445,71.82333542634419,55.10358632937415,59.865004248199924,146,229,0.6375545851528385,1112.0358646981558,18,64.00972907648057,11,12.585507474717424,71.19332224203401,62.673228379704625,43.05486059940718,51.10793103515809,63.37070195600287,67.52520993971922
86.51024211000706,84.1014552894732,93.54435678997973,91.94334722745148,96.45625728712646,370,413,0.8958837772397095,642.1760569072713,33,87.11234733718607,24,24.272858574718207,92.15810185586889,89.1220815385532,85.32464346790233,77.95307690566236,93.88809239887337,91.02334190674125
63.05516951881786,68.26694515402443,46.826179958742024,67.63338042028252,75.49279056883313,133,160,0.83125,1170.2055406983095,25,58.86313511710517,10,14.626521402274275,76.28984785284484,52.42427393378926,58.24243746663614,48.51485498690467,57.11518029567605,60.903412315369366
18.35489492686823,11.533498357174754,32.46936311991721,24.905861641742106,59.804405707994796,34,74,0.4594594594594595,1941.4967823473603,23,32.88241775815159,3,1.475439391867682,55.54431221407379,18.682646300937684,26.966755002810906,17.723108383216545,26.225147353723596,26.76923334613969
49.341820189238135,30.403409512784805,37.37916615904575,38.31807585399739,39.96645750620648,5,8,0.625,1834.5112290955567,12,40.33150366836827,2,5.976106266780654,59.750632129683765,15.611465405112543,15.325803952423112,17.29765926401081,24.165961344655884,37.704714633174014
40.11255396723588,13.493465853482794,42.434531928807445,31.29453990331273,57.64600843314561,12,26,0.46153846153846156,3143.8929279829913,7,30.453470423114123,2,4.132544401584633,49.972461669583055,18.14579552743297,19.559033074114197,20.41091252498911,21.83597848991124,31.410079070926002
75.32060454197315,68.74021509640603,54.99367092729971,54.51506265700346,61.988375612668534,90,119,0.7563025210084033,1747.683426510932,4,76.03025998659723,13,7.792733941000348,62.73218594882417,51.41682066314151,55.94184546522021,45.37939528458106,55.68308062723702,66.34488011396813
84.57299171374324,74.67114151477772,85.67327244460472,86.30144566073388,95.45609698873093,291,319,0.9122257053291536,550.6187618238114,14,77.64525154704626,22,33.734650067784386,82.83222701235799,86.07083477039345,74.54950113657365,83.92036676477194,78.24937238225691,85.85013433402872
18.300615405691524,23.975207622521737,45.159111467651876,31.90589632492197,43.67025381194668,37,68,0.5441176470588235,1931.751380373066,18,38.22785407988945,1,2.2271884459606768,47.18205599971546,28.417169827357903,24.251651870927702,7.122975897591282,38.67208895906094,31.89841521870437
21.505540375304527,18.39614452222707,22.512498397984917,33.56888402476493,56.35001783924076,30,50,0.6,2180.2708916909423,14,34.17984566292793,0,5.986487553687323,42.062767957241476,35.91665174005031,23.729442303226534,21.664576983343323,24.377743153015572,27.436190972703326
72.20878295983317,63.01367061825435,48.01203430126803,73.66928703590052,56.9512382099973,148,202,0.7326732673267327,1350.8866841713775,4,59.903926500183324,3,14.597196891333397,71.46064685112289,58.07395693920568,40.99529176422203,52.29669959377703,74.27936012849895,64.72959867102956
59.325043393532724,73.94834446477148,68.15920232126936,50.504898519338234,78.93538716295504,93,122,0.7622950819672131,1273.6484245546696,38,55.78179417070877,3,11.165466891494674,66.8962531287305,56.141874466435446,40.297253892843386,31.264467129168438,62.924261685671965,64.37298542898758
32.427926413213925,30.37345725142745,45.93702393820807,43.91835523758,39.652295950556145,30,59,0.5084745762711864,2337.188628393207,14,34.158724894946914,3,5.399157480599922,42.780985483344715,31.68169451226809,17.164641057603653,27.794650587230837,32.744094747622945,34.53993112590736
42.97414180294997,46.14228326664802,32.84127293883128,42.71930281453618,51.81487663335716,32,81,0.3950617283950617,1868.5200295191203,17,51.43721136619623,1,5.367522921134742,55.00913629694131,35.90338090517097,13.249917140704985,11.103528114151763,20.82872364993965,39.23991022739235
70.12688571396342,56.23055672328555,69.60173369923993,50.646677043135504,57.56864776348553,47,61,0.7704918032786885,983.9761527410099,10,65.029394078123,10,11.75763418362137,66.5294913514645,57.924080430634085,44.042570034787225,50.44247347364363,51.734916552966695,61.64969491040407
91.27832377492416,79.3598028882555,67.30170198368069,83.52595434806852,87.96203824490388,382,432,0.8842592592592593,720.0148402477778,24,80.4621789743306,34,28.495173282075427,90.76189328242222,82.71764960540666,71.07811326056671,78.61876829074805,74.2059144777123,82.81345137961885
51.0122744951561,54.64263833435012,67.90653702178156,74.00515517966183,61.90341040757985,59,93,0.6344086021505376,1773.182056229754,11,72.17009068970177,8,11.753546270086591,73.72346696296688,45.08777127276627,36.00049101847515,35.021280401277906,54.65021079639988,62.105341702029484
23.285489344381276,18.41933766137263,23.569575319990424,39.486535519743974,52.39030529732135,30,86,0.3488372093023256,3459.907769130333,21,34.59536120155018,1,4.24420002222367,50.63374828000477,25.45344810635674,28.713145672239293,5.74227321046213,27.174182292979488,26.521111274365623
59.31079407312798,55.59399225430237,54.26327329085993,74.46881789298772,78.31827713773718,56,73,0.7671232876712328,1582.2583860665336,15,63.18661333039796,13,14.230845940043164,77.96311281782131,61.7786227935793,53.0885631012508,30.781165474233436,52.47250652673798,59.68738847054851
55.33955883404818,72.46851276221697,52.755910838031696,52.5680843421713,65.97761118517418,145,184,0.7880434782608695,2357.8585239775057,56,73.5815472094936,7,5.131333737099338,68.86154050739717,63.57041726443329,36.949570824749586,44.18349823922339,60.72681918637508,60.50026218996523
55.697862815128715,61.66992219446358,51.5671848777395,55.1505499920402,68.64328318476582,68,81,0.8395061728395061,2349.628975206898,3,74.75741755052768,9,7.5261946060177465,71.78840968945612,53.84819191438259,43.89401787485757,51.05705246870539,68.66047349343347,56.54855128859496
60.17748853554271,47.841824560733755,58.605760261449014,64.9265376114913,65.18758230093997,113,172,0.6569767441860465,944.5277584342053,18,63.75006282829059,13,14.205301486111638,70.30748964602071,67.21985607990192,39.973253053125816,35.53567669650432,71.15478441462008,58.52871212003716
67.82175083838666,51.92088370345959,57.09026999795759,71.77956488550008,55.72993805048702,148,186,0.7956989247311828,1719.410731516889,49,77.59856264487581,12,6.421463704565168,76.84799685211341,54.78008604286063,44.99469368855621,49.1222382152786,62.48655335432285,65.66541278997163
36.76758802035647,35.18665294927745,35.17001489822543,44.52523056216745,46.400049074957266,29,52,0.5576923076923077,2950.596250766408,20,34.846157248837955,1,1.5382991767883167,46.94753264949624,31.790094033363566,28.76051538542634,19.787338179249385,32.54580555646639,36.276331990458885
38.112857137003516,16.24964254120915,42.84789880308949,45.97836854893013,38.561330439530934,15,36,0.4166666666666667,3015.2383732857934,20,45.67914610723647,0,2.150663724124741,40.855254083399544,37.30913152810628,21.64352716064377,19.859502109069883,46.203842918288615,30.278885079488543
58.555765708600035,59.86573869935534,60.04889426769282,50.582176986064546,63.88649629710346,108,157,0.6878980891719745,1895.65010418255,15,56.02480252720602,5,10.255496701502295,73.2088030637809,69.03668647627525,43.022034975916085,41.98852812765571,70.29283994302085,59.12946643393836
85.27602455968886,81.63500644307113,93.65068758835005,93.39269816056148,85.60150528047217,441,537,0.8212290502793296,1115.417163939927,1,85.80549939331968,38,17.90902854792275,96.0160537595705,85.80306071122558,77.58783778244991,61.50271390195989,92.89837406277884,85.41438041069722
34.09701113440211,34.0706371170493,39.84888408144963,20.03887639735334,32.668813013447036,22,35,0.6285714285714286,1908.5690927798007,20,31.015170540743597,3,5.2465219862678785,30.424987828864047,13.558548231395513,27.12907805352251,29.097313067689928,37.998019796316214,31.524174973381456
67.00800530579222,49.806142631866365,68.35666379734616,57.48341142973413,60.27557690847101,144,179,0.8044692737430168,2204.5096984537613,5,75.24144205855754,7,13.673486885373574,74.90933826668522,67.9423538348756,49.636207287115575,47.814126946959384,60.40201192922082,59.8773418215071
94.22795546696781,76.13059444293945,88.28000621106288,83.10620366171487,90.83339690591615,447,490,0.9122448979591836,1174.2555846374757,36,94.65085714750032,54,22.05480394278701,81.94786785107104,80.12551997700804,79.82295999579455,74.48537248358753,86.56553197520802,83.469825496937
91.0022198466462,81.8180676839621,83.8267424025219,86.686286238462,96.2208441888378,161,199,0.8090452261306532,352.07750798193666,5,85.4801053140714,37,19.720181490330155,83.3935980779113,86.1712090417181,74.7067095997468,65.73486864262374,76.64844812410597,87.69867111499234
88.59005422840795,93.74335500716847,88.93407116625824,93.4291547243306,97.61310740478842,423,461,0.9175704989154013,522.48460703757,63,94.7766532777078,49,16.155242074755414,82.60052511300265,78.19137409209038,70.25439588084808,72.4421989886943,81.90051767200299,93.8082607493963
80.52160202146511,84.48005266214537,68.24679940296646,93.66620760696676,86.0032223659316,422,524,0.8053435114503816,1038.4151611424836,16,87.30279398680082,17,18.23215378103805,85.71253199367155,76.77273058117179,86.38520405260721,60.7971198802148,71.90249972451936,81.55492043215683
66.76735241021635,73.07402928163863,68.32000335091848,53.799814036116935,59.3545551663232,133,173,0.7687861271676301,1318.061018431063,11,77.68634673902827,9,5.817039596022288,63.38446490027753,48.89190313854939,50.76054370422308,48.385350637675074,71.4910977641349,62.01230359054092
87.41638391488846,74.21236082518121,90.2458898093013,91.92815698629114,97.19425362902263,350,421,0.831353919239905,395.9384278203946,8,83.08542370608703,10,23.396300272742565,93.76804792855472,80.87068346509366,71.16005083097767,80.477557941855,89.98539697422449,86.80285493912707
76.78351108531983,56.04810976335363,64.38757552971572,50.86875204335115,77.22210685209582,156,239,0.6527196652719666,1498.712491640927,59,66.69198502286889,2,12.756546353260333,67.20373722583437,53.09940266403847,51.971955809764914,44.07995231120403,54.05573927741242,67.24407931431497
80.85922026874454,79.14900569302216,86.16845914352879,85.43101967821934,82.24365372187064,380,447,0.8501118568232662,989.2815830962784,48,75.50247437568264,14,12.447305158465866,83.77588055546889,80.36020994296237,88.39565333507056,71.4264914816444,77.25637763431324,80.6205854641438
73.52023796987197,62.45341832777164,54.70282065966646,62.90577523542285,72.49265889374797,137,171,0.8011695906432749,1011.2589454273835,51,61.87999679951862,10,10.420965091983188,79.1374625101325,66.0019289921931,55.16786920111819,30.413486232246914,54.67019745476246,62.96933071444979
50.03270809987334,48.31352014126102,66.11667454281927,67.06238983439107,63.06326432112178,84,108,0.7777777777777778,1373.6944481460346,20,74.37748505244731,6,6.7387132142112085,77.37541854586382,69.07511692826473,51.26529260328243,38.77435359002773,65.89865914501745,57.25096313805473
92.1197473848991,89.22924873163447,72.42856661596717,91.67079263087547,87.29183828684818,281,299,0.939799331103679,692.2563319854535,34,83.90769699453259,25,16.8433213816137,91.8597697756502,88.89794786562844,81.12096490050492,65.86122122020099,88.29019860921309,86.14666022264456
84.8234791384039,91.26838391398482,90.82191749769031,75.13904261062382,89.19345144639618,286,328,0.8719512195121951,923.1924296012432,41,82.76514894228345,24,15.870693969977403,84.3752843914614,83.95255005043353,75.09590427645102,61.62230617772454,76.34788534835862,85.81389917424748
76.71868817291222,68.34270671546221,68.03902489523699,52.03811827321466,60.814213526833285,123,169,0.727810650887574,1563.1156101583467,24,58.034210793739774,10,6.316406158782599,68.76931461502824,52.621699815186155,56.65844742396379,40.251561211964265,53.10108748085911,64.5570865246459
73.81981816839794,66.08697848470243,47.60229817870058,52.92611453441924,72.87979676634123,111,164,0.676829268292683,1019.6451381766066,22,62.71632073724074,10,8.50718509454251,66.83459795284446,59.434981678327276,58.33754691756087,30.87454683790384,69.23078008853594,62.00273138634516
76.9858158196565,73.9986783047929,56.33397978606132,64.74604779720546,58.533934372209465,152,208,0.7307692307692307,1934.8230162525156,23,64.88210921027805,11,7.7637934531589945,69.432143109281,61.50469993744646,43.24825052106187,51.92896770675132,52.68946756784657,71.13700197020025
76.59407877988077,85.03367791180553,82.928973196067,89.77860910698945,80.52505806123338,256,291,0.8797250859106529,739.1101757513717,29,95.96974051185755,22,34.89983906351003,89.60367030523776,82.14714015474033,79.1462946852668,82.91890007796867,90.02045249649376,88.20802430821593
74.87504369131663,51.46480335122909,64.34686230904833,53.36015317219473,78.84939285201357,57,79,0.7215189873417721,1632.523624976427,16,62.87250239132541,3,6.659544974862617,61.47972720760139,62.40887711938302,45.33086625545414,31.594246951635238,67.26437694134675,64.94381357819445
75.77922068567169,78.0983024494517,88.41487122638263,80.55174345258837,83.96174985345975,198,214,0.9252336448598131,1164.9632857225097,16,87.8180234844711,31,13.963042365808809,99.93748503691894,82.55487525828107,79.88462543300109,61.67691193471069,88.74901175997945,82.59179835566451
34.01730385303155,31.423772649737113,48.88520260031997,20.996680498565194,57.681408284746894,38,68,0.5588235294117647,2997.982949312205,18,31.802650492891846,1,1.4872805428975173,39.702754025686076,29.059855197908785,27.76865934446739,27.030969595684894,35.14552272685497,31.91562540531104
91.7552855747171,90.18763360899284,84.68485513043214,78.54857538939413,89.81048454014488,384,423,0.9078014184397163,785.6005984459546,12,78.79074076177706,38,27.761854370665088,81.8374177542009,94.12824355317491,77.20985325162349,63.76690269274693,78.55959090083866,90.2777388759905
96.74206192578765,93.84399626621514,82.50278645432273,84.25220606513957,94.72940916990888,331,359,0.9220055710306406,1038.8272922517003,30,82.34218184908234,40,18.48133905911933,85.35054060496685,82.9801743650865,70.85925226694688,63.089162185039406,73.09227126534402,88.75172671776562
77.75546196486121,58.664344547853325,70.55508776285701,55.4079992254743,67.64582949141506,52,78,0.6666666666666666,1559.5929564953021,8,73.34972941872037,6,8.765196406964849,82.58847963401132,52.08342848188276,59.17471578589809,49.18008459889211,74.76687128177973,65.99483457152154
79.06862986895163,95.67074012306819,78.32310670719856,85.63743533010033,95.72513351726988,248,304,0.8157894736842105,717.432824754912,0,84.26218558287488,38,31.769797129112547,91.84602742124191,87.36634432025438,74.11676690585841,78.46264696276296,86.66542712198431,86.8732464203301
81.27993424453956,74.60700502629096,73.82800209911343,77.2959385450256,96.94759238511995,262,275,0.9527272727272728,491.2025494759257,25,91.49377307486046,32,32.345498429281115,97.91125696263677,92.72938160133964,72.84695191287568,77.27639531848155,76.79082953185925,83.20451115435834
66.99207170088253,69.24979196764693,67.47024162745434,55.07423535410459,76.55731323885529,149,191,0.7801047120418848,1000.9633325608219,34,66.18279983595639,12,7.38185705599562,73.90594314250725,53.85600496584469,55.93024775723171,43.2036970198841,50.745268071345656,65.82928955905376
30.184894338373574,11.615684188339822,20.68796506264045,48.71966585171117,49.29732172500654,22,48,0.4583333333333333,2270.845793107708,27,43.28614459413848,2,4.954417581642742,47.44712342095157,24.424053306652848,31.307426116697144,16.12112569067707,46.542044195361456,33.51272856550846
64.20145728319663,51.18556730911233,65.11925970565413,67.31349949889685,58.557523112481086,148,213,0.6948356807511737,1179.3773151004386,11,64.31070265997198,13,13.21504215407343,65.30503047201046,62.83213932256105,39.47440706787815,30.421934771448484,53.99496509472564,57.466287552065005
58.31656640670286,68.05614291034249,57.82819462326089,70.48336560076547,74.62134280889471,66,98,0.673469387755102,1940.13876302441,11,74.25746929507834,10,11.288605853445022,79.05427763709194,66.91214032718413,56.30348909636189,54.122074854096326,64.53462238341278,62.34711162234862
50.61645123867932,51.35659618349872,61.091160711723774,62.03902419443365,67.5374273884016,126,155,0.8129032258064516,1890.282416763864,36,63.23325998787231,7,11.440232166355479,77.8259818814658,51.93349794847349,35.01529087888968,51.63439030255274,70.5606096144952,57.01418322468984
45.372529832261876,44.1654647458011,21.702472704579563,32.488426813309644,46.09830969890105,12,22,0.5454545454545454,3318.282864948514,15,51.008275190372935,0,3.900380361233271,37.29160474476969,27.6775079218569,20.014940875910327,26.139462486271672,30.559164555056395,36.02574058668076
67.62263074927333,46.513869096996864,53.71454654292117,71.28636035445041,57.53270917057285,71,97,0.7319587628865979,2076.515275712394,23,56.716033651934204,3,8.552618131385284,69.66121646209058,48.05265510576986,52.00494752141327,36.08662956961204,65.72168988237615,57.75444182945691
43.36181329954314,44.13058555527905,46.15262935969885,33.965527832887204,57.20573501054334,28,79,0.35443037974683544,3198.547452410471,35,40.9784684918078,1,2.212322954669079,57.25259886542547,28.453272083471383,26.684402680016426,7.733337075443459,21.84074879629817,42.08364379407383
95.11961943874185,73.35146721191097,86.59990407882339,77.02331239226207,91.21648136746086,164,179,0.9162011173184358,875.2816464509639,21,82.3613047183617,19,32.09459479489722,82.5360359825352,91.66489221488759,79.83938136035745,63.1777622716756,80.6885463839928,83.63768889230398
97.12053700194578,80.81043761379875,83.03247996179647,89.19609426544744,97.11065623536689,166,192,0.8645833333333334,920.6472171003671,13,81.17681423427474,55,25.49482512996429,95.91826284840313,81.8769745012561,84.83245191746838,68.99706494386388,93.46900317909397,89.98239767256857
97.16793270020489,73.51208380186978,69.55326229553306,92.79153236660984,96.99070910257623,293,307,0.9543973941368078,301.2116438609073,19,81.34622197075258,34,12.422881269486737,89.2813337880901,93.57654743517429,73.09548937256079,76.52851696071741,86.30588382831101,87.70265577687347
71.41574101015954,72.45529011559793,57.40491411190115,60.58964567197697,72.5656776580913,58,69,0.8405797101449275,1854.7060628251456,11,61.86275181191379,2,6.105863439639547,75.69331838905664,49.66865711493317,47.7553983519601,43.22758169151096,71.90508405562463,61.400706366735236
20.02488915681458,37.38714103067519,40.70512249241308,40.70735488183382,58.06261333270573,40,104,0.38461538461538464,2819.5992889712497,26,31.56276129874781,2,5.567551577041285,32.20657811594412,30.99382846292415,28.254025121082794,26.09287626576349,35.49414315667463,34.13507463546903
22.351692053598683,13.057125986431142,29.544435045021725,42.360398227979516,45.302987165286616,16,30,0.5333333333333333,1958.4432525424083,14,33.40898600916991,1,3.2629501276977537,43.74106662989344,27.689503837000462,23.158837735253837,8.314188471566453,25.518398101580907,28.117818871476928
60.10785324618908,70.32122740338227,66.50015604848812,52.511400577837705,70.61393756280228,87,132,0.6590909090909091,1106.3463871688093,18,58.98042483161621,14,13.849177626043925,64.87088806480693,63.28013956363738,41.766200330450516,50.135411265691616,67.08605068187583,66.39676689032375
85.23052638635198,87.3807041455685,83.89761512183779,75.35667580387246,89.74090806381184,185,223,0.8295964125560538,532.7848759433705,26,86.61881136502285,46,16.128505991370066,95.31209636515585,82.33827075581553,87.01671156375372,69.93105328667087,76.71751839385671,82.73934212053133
34.55814125017774,26.334494694175273,43.950169858185475,29.773839792824155,47.04319989272883,38,69,0.5507246376811594,3320.8705503593865,38,49.07138887890646,3,3.7780261173109806,53.8850339154504,21.155650245917123,33.63484601366098,21.67896806156278,36.6737352431423,33.92990175950425
85.17730021436486,86.82061441676994,79.82377223423812,87.40557634201686,89.79560003804531,322,383,0.8407310704960835,780.7709026277573,5,97.81890884110236,13,21.942239619127875,88.25526145497588,89.1061405213095,79.56384592604985,61.77516950556471,92.30280039227704,88.7440980588307
57.64856557024636,46.52930290406028,56.19835834718159,71.39074040397689,67.4587877712971,150,238,0.6302521008403361,1911.9164169866458,12,59.44622193663994,4,14.989033679394518,72.96915572211127,69.1050371444089,35.40904297044565,48.02407820585431,65.67903623032791,57.48436307387451
69.76947285475066,73.58810097755179,72.38796711892294,51.4298075845345,61.20414608023202,87,105,0.8285714285714286,2341.1549908350407,17,74.63859388706393,12,10.69662302720409,75.83796814091498,65.78094074679346,57.58302873033904,39.813336101455164,71.10212105928724,62.42877396282399
55.9396099610866,53.806358786849,59.14702390094179,55.8890464952632,61.148227609651485,130,186,0.6989247311827957,1166.604231932306,47,62.77039020443765,4,7.547420714930015,75.41675083618003,57.58079434634697,57.967273167079824,40.46198944643328,71.37059533166419,61.1268398925189
60.664840152251486,55.63988255294878,46.81292031457913,61.66614501878439,79.86573219978884,118,158,0.7468354430379747,2090.497471553702,4,62.4801819122239,9,5.586295590986154,60.28890702535464,62.478470742519974,41.982187394854144,38.35197238834544,63.67005064786281,60.30547998233312
38.34677200391674,45.49431797574572,37.69738978643899,27.21610707580248,36.47151688344583,6,16,0.375,2915.480412023234,12,43.13171536632733,0,1.7507836489156654,47.74119819330491,27.59887263911843,31.75459214931003,26.395417526050313,43.434376936878536,37.27049696635846
89.43262565402252,92.71560496884481,94.52250407597886,90.36546827729036,87.51980207901201,214,234,0.9145299145299145,399.4267018182552,13,81.83106615846229,59,18.815086770487774,84.6721550209982,71.05232974090904,65.44684836833534,84.6930597434008,80.69432834339656,93.67056106964054
16.283390702635206,45.63676849509531,27.725418964358557,31.3690438105535,53.85832622956515,14,22,0.6363636363636364,3072.455233342609,16,48.875959143079555,0,1.601151130938737,48.50177544837712,30.285782487323242,20.958496810239602,6.151767743435606,37.75366294952574,28.430632923069062
91.80496173550266,82.09534591937667,66.80427027802355,86.2459363175582,97.23725512109684,436,523,0.8336520076481836,453.43014435652583,61,84.72184960811236,25,12.028443634466417,86.0170621670651,94.5309093586076,76.87216358765546,69.56315700610021,72.99572505044115,87.25438488404994
71.24954296883683,52.97398265786018,49.532731428161576,67.51761440468421,61.44140442017987,92,124,0.7419354838709677,2154.7097874989568,35,71.1760220578577,5,12.88686429231424,68.78604183676708,49.17750219414085,35.834830121646434,39.6429178190255,72.58898259243205,60.05792485393303
74.74102860625341,48.19594572949803,69.82463239598692,56.856083798152504,73.18267240844358,79,123,0.6422764227642277,1516.536600998089,12,64.39945084402294,6,8.131683550827475,61.480584929312414,51.44419230463935,47.257845474082536,53.653422943081054,59.722574347287456,61.08354289806004
38.32938960130937,37.32994533476739,39.360555583486814,23.5754215769709,39.13033575485455,18,50,0.36,1884.9355471120675,27,53.21856408791345,3,3.740230770816405,34.66017151553142,26.44874745090881,34.36218358752127,20.772505509915625,32.57595236939212,35.194418912554035
96.2993698758201,74.20405838512366,93.97496959154998,79.11588753978843,93.34818995240293,298,339,0.8790560471976401,554.1311271383906,9,87.29486204059509,27,28.764005503231846,86.02926118917601,84.98432482179966,70.0315947033618,82.25591554489426,72.87265858404776,87.94500815811226
60.59657483643868,50.99922368064182,71.1570437632652,73.05388451984714,70.6682762451862,91,130,0.7,1475.5759658080497,5,61.4554953359877,9,5.5580546629684635,79.72428889025362,65.74507861823918,45.0293859118498,45.97387539693324,71.45902755980896,60.544305528591636
53.622058391606195,61.91972350324839,46.46764643924998,71.84338257383598,75.17707299506552,82,106,0.7735849056603774,1995.435295786421,3,67.64629978646676,9,11.282113667005017,78.79915564216205,55.958560022391,50.81686747713681,42.174244718007124,73.68345113495782,60.00970658606403
95.68879359721512,94.4628775648786,85.12594661005718,88.28847573185355,88.14957807875732,351,410,0.8560975609756097,887.4553113995017,36,89.30454487640431,42,31.404652182294484,83.8988553794032,90.67169617933405,79.06638557256856,79.05468777985206,87.84018415658679,93.33408422047043
73.66341445766935,72.30030963181068,58.87743854704104,52.21678593390635,74.92662974004301,87,131,0.6641221374045801,1364.0585436946988,34,59.20444784665346,6,14.52146195210191,83.50423297645717,65.23659130707586,57.23105633959507,31.24136922370895,71.22781666136643,65.35594063598526
58.33338805742727,63.70696218501804,66.78677114081673,50.97959455028127,68.27359327680912,114,175,0.6514285714285715,1912.3826656567458,25,71.418372441146,12,7.436025422831458,75.24535968460636,66.18035272382707,55.05056444891963,32.25769371414067,67.43185559186358,62.32899990774221
66.72725867510098,52.903255216356115,52.74057788174299,58.7659020369602,77.89686418302372,44,69,0.6376811594202898,1813.035193800532,7,72.97859218993315,12,10.969251357296542,63.98565517220755,60.864169983624855,45.75411131286249,30.464801465575835,63.49411217868738,61.4095370505811
76.45345544520413,74.67702899813865,48.0497509201499,70.85801780105973,64.55291235468123,80,111,0.7207207207207207,972.2065128510765,13,58.653723327657566,13,6.260717748802586,78.03181181507752,55.341654712912046,54.981676100643085,44.97914688307467,58.87255313174501,63.11359344890474
57.52932052772148,46.68087399746741,57.25973046629508,51.31478678101696,68.76231173664794,132,191,0.6910994764397905,2382.1299851048398,49,56.523858029946595,12,6.899965092022845,68.58610708235025,60.33731929629949,37.392155182647656,38.864195527903775,56.27780717047515,60.88004615797923
64.43182854419356,58.98358257803277,71.46599335852409,67.21504690790277,61.95278118560891,95,150,0.6333333333333333,1868.9710172936525,35,59.03215094183671,14,9.742199471639008,82.16888515216968,51.022745905767955,54.709075337457826,46.892747145098525,55.574649118513435,62.061951820348185
46.93235025003729,45.06235351083145,34.47279093069238,32.76414599030111,46.17117830832276,15,36,0.4166666666666667,3494.5206432175555,17,38.3935027333409,1,5.065506790959229,34.85148863622691,33.61839504310423,22.91765203848462,27.96571301078299,25.303934592863616,38.969407838146644
73.52941467019033,49.44905204423242,70.66008390906944,66.87859636109621,59.255825810958264,80,116,0.6896551724137931,1018.0633757138478,19,65.63830369580124,5,6.990963940700698,83.51613358401309,64.03853870190272,52.40576483810359,35.97322042694647,52.96433582602376,60.408574142208614
86.73252338747298,88.80852390591944,68.12412073760862,79.50877510927387,92.65298193761618,403,462,0.8722943722943723,839.4320690966405,18,81.20587656294893,28,23.459880692059436,81.54116558268662,71.46377323109948,73.35595796740152,79.62242442778668,87.6920233685229,84.15246962772471
81.93169110577527,89.43784388458252,80.08161170277438,79.64425390293634,96.19234231894222,253,277,0.9133574007220217,788.564379552068,5,96.61613884310992,16,28.802630146613932,93.87435214806678,74.16826899983458,86.96572788433596,72.38559066009914,88.53652277847614,88.26652649120237
75.00433318980139,74.39610782925581,76.69278162279477,82.59005806749437,84.0811468926232,339,381,0.889763779527559,1179.1202956595935,13,86.01861145137708,58,12.966567528942322,94.79808241533861,92.95191380497877,72.00093323876223,81.45854191997802,77.30545576154745,80.22506214291039
86.11315985621438,91.79399094812682,75.84211337201559,92.19589349623291,87.32248641713102,444,506,0.8774703557312253,986.2022628073817,61,95.77585433064135,54,33.883230990251114,83.50983254762714,84.19318294827636,79.48286166654844,72.24061155125612,86.11863121442046,88.99387223618766
75.97385610548923,61.99355249103111,72.05794377278795,72.55048248723858,78.60369501061199,131,172,0.7616279069767442,1921.556182958352,41,68.94245336888957,11,5.553885345780528,68.72290487941083,60.52010213171984,45.05777991297494,30.638857116234487,61.91206585436787,68.38276429684075
88.01286225923089,95.6195501182851,79.13196358081443,78.64214277643167,88.72601060870623,358,395,0.9063291139240506,787.4707931947803,44,84.25865100273055,18,15.205189703674955,96.69860473598598,94.61005451758881,78.14225455756714,64.29198214620759,76.80768316298422,87.4833982133907
79.93890787779596,83.43327075594073,87.08052105096007,86.13688826269126,96.72237594290242,314,389,0.8071979434447301,461.50071382276775,13,89.00697955419436,47,25.51278702681592,81.23283766873647,93.96364017060218,68.54833026898497,67.61807015132446,90.56294504995871,86.05012823380636
82.44303504043945,82.70472295052132,88.1122225342338,88.6659075321301,88.02624871478147,375,468,0.8012820512820513,683.5631720123756,12,94.64682481261602,24,30.280619621248377,93.87364451562978,75.51924031971902,67.05952614039607,77.01248255186783,86.36278035702838,86.49090465599734
46.24173144729255,36.77006710722365,38.124151434602936,40.55629856339036,32.68161510634369,7,20,0.35,3364.035919022659,18,46.440620488037034,0,5.764785244499381,56.29880494841261,17.222403772469598,22.229061831045673,6.751391515638753,46.69264817148208,39.145706162272006
48.251493710175424,11.546872597275804,21.296009025672504,46.5762055193775,33.79933926613024,16,30,0.5333333333333333,2331.4722439868533,9,49.08142248280306,0,3.7951248238992283,58.45119964493432,17.418392428323997,29.480514723141393,21.90975722170977,23.249406432932336,35.67921964731337
15.469027449664155,18.36772489388705,43.62569422797061,27.038515772909328,33.32188533118548,30,65,0.46153846153846156,3176.2980141345165,20,43.363663770975094,1,4.202570753856554,48.09310672230619,22.18485845529502,14.918848829718456,14.35501855617862,34.562721334430215,25.120765378868345
29.733117048684015,27.554836595805323,34.087850479874376,28.096937083597012,39.8469796393199,13,21,0.6190476190476191,3020.974264773525,11,34.15803134449159,2,5.309646135579081,49.56074374239002,13.581012097462027,24.339439351186126,14.840717105288771,29.614386228229854,30.97224752102419
67.00989633649264,50.69517331424629,56.47990555507124,73.92172040493138,62.204372819450164,118,160,0.7375,2245.1671753038518,20,65.8171027618456,6,8.02365392390067,61.12300138105339,58.917264535257736,55.871337263418795,40.23671120856548,65.43234566145217,62.46373800792495
83.85048319608538,82.72378767323742,77.8882577639709,89.81252297788741,95.53350318176533,283,341,0.8299120234604106,567.1080138178655,32,82.94028893440937,52,28.845518890691377,97.63324964665425,73.03738477719413,80.86598141218451,74.55359518944496,72.9603759793983,84.2321516006763
82.15800238645805,87.60513663311025,83.17337748358071,82.2918745639508,83.92206597658982,353,410,0.8609756097560975,394.7332666773111,48,78.2327182543023,14,17.255195175359727,99.54904235980736,83.29781766310658,68.39472617659843,62.48255506884232,75.2216017676435,82.6682864409142
53.55658155401606,53.891028205224664,62.089820969157735,66.41783420024943,66.55839699158616,90,142,0.6338028169014085,1791.2390368194772,14,56.01761818740959,3,7.100529201793052,79.59792322116371,62.146811380786005,52.02444823029409,43.815864545729845,64.08945856941372,61.769020305390434
64.47462173739702,61.77883162935901,65.15303881369087,60.78612480770026,57.890297204810366,66,101,0.6534653465346535,1595.3283349540286,26,55.646338723205815,13,10.121038554637991,66.97650692949841,49.029092197404026,45.657022656363374,33.27536386084036,67.47462770436213,63.833329050586485
78.79969060477055,80.13668117648015,86.89580926545435,92.64517112189695,92.07697408536514,258,302,0.8543046357615894,578.4354460765039,25,96.96639176415475,14,12.035997419403877,92.72802740366814,71.27838453605251,71.44018050834305,61.488117508694295,85.0948863237347,85.14616560434001
97.69393854821472,73.1972410217703,71.9339273728294,76.03393674483054,91.52005340306445,184,209,0.8803827751196173,1140.4875157751144,4,77.37610601385236,23,27.828780914931695,87.94757976928803,81.99742703980183,82.1491933995746,60.434494754636994,78.07826642675697,82.88323554627274
60.896801207684604,73.564416281436,58.113871682531574,63.78981427712145,73.71583201214767,109,133,0.8195488721804511,1869.3742527905706,34,69.35617010563904,8,5.443965591696332,63.98495851681077,68.93784910804041,53.18914103927425,43.192635523357346,73.53851250136479,68.15625651220381
36.53501835857132,41.0501082817173,35.336597469338294,39.35088034650223,49.98457187482224,25,63,0.3968253968253968,3557.109873224847,7,26.50775120581046,1,4.781313554938064,50.46010452502988,13.173767343746091,33.9498955264057,27.72840717819819,26.614163551280726,36.7101535031923
56.14230582182756,67.02655018586606,67.72446974220357,60.48000018176836,62.43251498064098,83,105,0.7904761904761904,1426.9175586767124,10,57.56687358739351,11,14.293485246909917,68.40090827068997,46.67771153815879,45.54049244805463,39.85860358083768,74.66217669824223,57.19811993499261
76.3687861789714,77.10655079331316,92.73988064874787,82.08492006378489,91.90975760841052,203,225,0.9022222222222223,566.7132691925226,4,91.0180692321509,57,22.49508196813799,87.71625043518578,87.85538592143284,66.73771928621466,84.30416559351727,70.3569245421458,88.14291215565352
77.8557945977302,54.07195559486933,52.162153360877994,64.19726370763513,75.8781540835801,72,102,0.7058823529411765,2382.953757733925,7,76.13549909154143,13,5.430809700059248,64.98066106639938,67.68677567096262,37.41150259474424,51.42139803439084,54.44508095275203,67.33345560231916
55.55066191615682,45.86505528236972,72.32282057240894,72.27013434253085,60.4620956807873,135,164,0.823170731707317,1327.5870057348945,38,65.46473858917591,13,9.92193887578015,83.19081448285758,46.965846679877565,55.762795893658364,48.97785671160956,67.99945683696356,63.10895874291899
60.649636794987096,50.53881620211946,67.80107566387295,55.169538983103,72.38576303670624,148,211,0.7014218009478673,2271.2826362002666,42,61.55338552707763,3,10.727532592481626,62.28319110913331,50.09484588249804,35.7777146046854,42.83233956148746,52.11331538233931,62.523030288864625
34.44570872143279,46.543997607887206,38.1762439270567,44.91553483245554,45.4343174662709,41,79,0.5189873417721519,2435.7793037721394,21,50.236902868302266,0,3.73715392935608,47.65329894055739,31.235672512263793,25.097447707096883,7.423890536653311,39.2863688561862,43.78569613665537
81.67067145392484,94.2062592430178,76.754718898505,85.93401041113536,89.57639022171654,398,422,0.943127962085308,625.9586293188554,56,97.38079774836365,16,16.68230268356629,80.20181213378049,80.93704816520524,87.06835951683556,61.297523589682726,74.77796773740006,87.2603287293281
76.56650756864101,75.6725325694251,93.06134483921352,84.32232585316979,88.0169574676017,234,265,0.8830188679245283,1162.151273933524,13,78.78645384994938,41,17.071215706539235,92.51301578854553,84.2901912370736,69.62095994867562,61.48967743382859,85.10898299286927,82.845990540882
53.54382066679145,65.15525915413403,45.108475853147034,52.74343618031125,63.77125864421217,52,66,0.7878787878787878,2272.2313403793105,2,57.60775632096105,4,11.213551549925544,70.48542322242231,57.6043592609475,58.78856087755669,40.50588657979935,72.04204989535673,53.78525355807986
92.24078714577753,81.37103688324747,92.97923187661954,87.64944404822955,85.18932448197661,321,337,0.9525222551928784,1150.2750721891907,45,84.19076576727996,55,33.25702400138118,80.48781986220193,84.53562237172717,78.72331311248344,65.48301003028455,80.72218578375526,90.9478110282828
75.58408002776281,68.7140478288022,55.99851909325457,51.61928401207092,70.92298763456274,111,162,0.6851851851851852,2139.5978990019257,3,57.83713310311864,9,12.690330987867586,72.63257381027323,56.448452587421365,38.978588056046505,51.095382917702246,51.115347002597616,64.73041757512689
66.41417992276287,72.57762739578935,56.83617624727276,51.72882101694409,63.69877153577481,40,51,0.7843137254901961,1973.2262696615842,3,61.71438933468069,2,10.065538158814178,60.81637586485507,46.73290653428292,41.43919314123792,43.59746051782869,68.48877871837482,57.804771937051946
67.64699181099726,48.04369416432104,52.870240969112125,61.47286183161546,61.64929859410565,98,155,0.632258064516129,1993.2800548106486,3,70.00282832272244,9,8.850306812328252,77.29770577901894,48.36982715956301,48.52044944639404,53.04260563886284,50.698395111434586,58.024000853690254
60.59095220007574,69.41828222571257,68.92756057472452,60.865962332466594,60.412131839645575,47,72,0.6527777777777778,2382.1763655938876,15,63.73851594033006,11,14.321769949174092,72.7967632568652,66.17816335324305,50.39731450741506,43.86504609446844,67.05325333712781,61.59179920718019
83.39035904032417,80.04798187013782,81.93323272036648,78.83564911183721,83.8115963119786,416,499,0.8336673346693386,857.5479762668289,14,97.62461528105851,28,15.925289446649963,81.49259628674163,89.56740101860373,71.63468522970487,64.4441596962812,87.29045138923298,83.6547387418519
43.53895854549843,33.881259708985844,31.65836995830953,24.76100909553475,39.64826088078715,36,59,0.6101694915254238,2286.2638744165865,23,53.727868477900515,0,2.250526336719849,43.439897013288025,19.309640347621126,21.65467312102314,22.411538941822457,33.49779467225597,35.22134536021247
57.97154312885155,73.79809715396652,56.37260169146556,50.23964100360986,62.09615370865341,117,171,0.6842105263157895,1762.7010816054863,29,59.63272690292446,5,5.725563754291661,68.86799514747004,45.68006271788689,48.82958730644324,35.28752401449468,57.17507763772996,61.71447289597304
52.816398384705465,56.89818376052917,60.217184946505924,74.89614004290682,59.465197733091316,85,134,0.6343283582089553,1540.4492989218288,11,58.377507888688804,8,7.134973939109958,67.28597708255319,66.36366254338225,59.9752365417217,37.95431728746066,53.72142009874851,61.59341183924452
33.68952037650372,32.86855725792901,44.56881508830863,46.56928248954185,48.7205406346647,27,77,0.35064935064935066,2869.6140452671525,31,46.4226880763278,3,3.0674327639520085,56.01898604125567,39.09470013559013,12.123209632564063,24.428452686700883,27.234013223315422,40.564976380911816
33.71186868235192,12.765583096672172,27.16235031013749,43.32641951195576,56.737794897674824,40,72,0.5555555555555556,3354.463828413917,19,45.46535578199021,1,3.278066912852738,55.05256481450462,17.93465677329595,13.318253534280164,18.874031623997546,34.26423787756006,35.859404696938604
42.65161924662482,45.77926991115188,32.71192809365626,38.03711738183631,44.51013776996972,17,37,0.4594594594594595,1990.009478304539,24,53.923328582389644,1,1.4852371076555795,34.16464420907098,15.74034094567405,19.087335526368925,19.79466209126239,29.339502876864664,39.48097333991537
86.7811041786915,87.68592225941718,66.25018701807153,76.69584032091606,92.89382098512829,258,312,0.8269230769230769,394.8307805575254,16,96.99953216088804,30,20.9146903241037,89.23893873341912,94.78971022175685,89.26874894176676,83.55788474182982,89.59606691919184,82.51037804295743
84.02951825830556,78.89258927044753,89.96717320125325,80.495956215358,93.19675441591853,168,208,0.8076923076923077,860.0849735236966,0,92.16521768908876,13,25.35832708662994,94.28775124074585,92.91607756734791,82.6374162983656,76.79448175637165,79.8585286587666,89.07430487849213
76.84264146684752,93.26523305757371,81.42777128461209,91.34595539924987,88.1417291213294,152,160,0.95,447.5995328905475,13,76.87748958670356,21,17.683374382233367,83.19089360226377,91.79458916480505,70.4803496839511,84.39663139547828,78.42239479427766,85.12735882768021
82.84339314174167,74.88092996295512,89.63600610049863,93.2950780267592,89.6646187055621,295,311,0.9485530546623794,824.8756456947414,7,91.16419349169045,54,27.038089168036585,93.62418515643098,88.80387230644165,77.58942240846478,82.35136513009716,93.4085688349557,86.28445225442779
58.894514398825926,62.349355703603436,53.99861760581956,68.83375059481335,57.553027483205895,129,187,0.6898395721925134,2266.1879694074123,15,75.48286785420477,10,10.228906137659658,64.68491115850173,53.017276142315936,55.58645191135595,38.791522827999344,68.08778397574534,62.16004028769992
16.57258399049953,19.863481749032793,22.200969781416205,22.347237514438056,36.433780344843534,38,96,0.3958333333333333,3183.523613798936,13,46.92326083549446,0,1.0993047079279452,41.32207305342937,13.343813406228717,29.436618680495393,7.992227608574815,22.965828728112335,22.788138691579313
67.74606956940417,62.71311842336745,64.55799178427252,50.652082167118046,68.71808720872684,129,165,0.7818181818181819,1212.499286232804,35,55.22679917789695,11,11.062660635323716,81.14406615294511,52.39146429607746,57.80170149720796,48.592654049583956,59.87529175034243,61.88666624728855
71.80226023009746,71.69992447743397,72.84396558046332,55.95305178569374,65.5964473542318,102,134,0.7611940298507462,1331.6197688270972,26,74.81392068388197,8,14.890454140911519,61.19379852695991,52.208535694867145,47.34227137423375,33.58245857535813,53.3711590629681,70.39693243521273
71.38801722719587,62.75813036118893,61.46321696798289,61.644123082512905,73.12836566454205,124,168,0.7380952380952381,1405.9767390145112,5,70.41458082524368,6,8.481574401440863,66.81120547943539,50.65286575589049,41.36227269241577,33.37333357400786,64.91945569020884,67.87697261849257
37.102150922238685,10.155018441605343,29.33336414298883,20.646459341658794,41.444271901387424,15,44,0.3409090909090909,2783.4809878188207,21,41.15656131791157,2,2.121295512152452,40.08003742900303,22.36963633972704,24.864707803636804,26.26231445371939,27.117699248517372,27.047784542133783
15.498300179593635,26.57886590279222,28.665081454334484,29.582539548132587,30.116971293420892,5,11,0.45454545454545453,2830.521839475031,11,48.92565373149301,1,3.107526613853801,30.156487550303776,30.483891301887137,30.199285787182657,27.55052735382887,35.93343609466096,25.34057145212932
23.5679966963203,29.469315634715837,32.2923626900009,37.23117492635551,57.625175582813874,41,71,0.5774647887323944,3518.7810521115384,22,30.50930356855475,0,2.989320650990976,43.491154346510314,34.07922342332379,22.824336820257297,7.993887055537803,32.25976386439551,32.50503711220564
54.15191106108565,66.06107005446427,66.77276626359827,66.85591404070497,63.40195969355595,151,188,0.8031914893617021,1308.9457633012582,8,71.76318538381298,9,14.910853381353594,70.7857866759372,66.74497883980541,57.41274589034661,50.90017499305875,51.172456023629195,63.91685721485062
51.727459109548654,21.460586258209265,47.915780021249994,29.619572428540945,46.208601131244706,8,21,0.38095238095238093,1909.9668590675906,17,49.90663679555065,1,3.360724256910596,33.158778196134165,17.344150404544393,26.99180925252159,27.38593463750788,31.80504099601368,35.113269420539496
73.77952501226908,65.0967260357522,66.98797866052567,55.85421715491606,64.28167310287677,141,222,0.6351351351351351,1756.638913479381,21,77.9347447284275,3,12.148429288450242,69.16293008886551,50.69401007733221,37.545933539994984,48.22332529295093,54.51412541688062,70.05698553570261
93.55377465956232,71.29647898884865,83.10212636660738,91.13556285012628,82.82451089667009,250,285,0.8771929824561403,1190.3519505957465,17,84.80081453236717,30,23.572071759211354,86.31871644771273,88.2310062274392,86.86867683722437,83.46798254944657,90.12733441998816,85.88106559967606
87.08581706918554,88.14365242313443,92.0079233360621,90.84382389603353,92.17449922170903,313,367,0.8528610354223434,823.0758813488609,22,75.0255781665123,25,17.011501731415112,93.23669170227996,85.84278999413823,79.83653456761809,60.40608608023634,88.21945136126618,90.62124823439825
16.321736551940685,10.420841724311636,23.695802146636332,22.246921966942867,41.200981469126056,18,41,0.43902439024390244,2026.1409874432802,26,28.092363479012054,0,4.075178965179578,55.609476727207124,31.316561753435433,15.588309687692792,25.478329959127436,28.66598554912174,17.91224718900958
90.98931172283152,86.37033696840341,90.90453825107346,77.64575895302076,97.59661928621078,338,364,0.9285714285714286,309.64376792582306,48,80.09489725860143,43,20.4901324576117,87.1438466798609,78.60229044623605,78.01359593262146,71.01662208560734,91.99786566817536,89.1167090395214
74.21231594650371,52.494696392583506,47.533924945586236,70.50903370989562,74.28895394538216,150,185,0.8108108108108109,1209.6583267157216,41,57.450343952992554,7,7.590020717944915,80.45647002588623,50.69831643342886,51.99000979562709,32.090336725788156,64.6323910095565,64.48052222789117
19.32999060538245,23.83779897154977,37.770094403002204,46.014338857433614,58.98270375120234,16,34,0.47058823529411764,2059.972171904129,18,39.53064104825859,1,3.6953205288346354,55.382643232023064,19.678175525653117,10.992271433745254,15.59270672727583,47.137104510256705,32.976393827062346
85.5409147551591,82.60210346538122,69.97323620489827,93.91396294000565,95.29955668665191,215,229,0.9388646288209607,1075.7882175638451,21,81.68351387554617,56,23.787560921717628,96.12807234465679,81.48099693992395,66.29891443885671,79.65695498460083,75.03409455339936,85.35932407591417
91.77888935718181,79.02947931996954,85.43150335191336,82.45753018404356,82.62021517699824,359,441,0.8140589569160998,975.6021128534894,35,75.94188523943804,43,32.38647888319744,96.75746540238725,92.06954249066243,88.05122005317769,62.61319719689236,73.21868007189283,85.33625949165902
55.772092487844596,57.08260856242326,47.27880860894751,67.38517871473265,61.318566718711324,107,135,0.7925925925925926,2029.889307893728,29,66.34921842350299,11,5.187843260871818,84.34838514970487,49.834566487470624,55.553480227502575,44.04626632613247,56.61180393842492,61.355322467151446
80.21577038235185,87.32957139401891,67.40317179828807,83.83667409603909,82.94060165117156,415,452,0.918141592920354,648.03635133958,5,83.85735986492968,47,23.76927128363812,89.66588569932651,79.56960251007601,85.97866520176882,63.633167310512604,82.64241859453435,85.06288376623814
19.24927063163635,19.03300395046268,33.37009112719544,43.69361240709488,37.42440977823318,7,13,0.5384615384615384,2849.7360410997253,18,30.329169801319246,0,2.0353492337028842,59.75694643587195,20.129729303118534,17.101019176649483,7.131427287807902,39.4555974294198,24.669644742708762
73.56580669246834,65.93796943239938,65.00465615868993,53.866251550115344,56.38069496530464,46,71,0.647887323943662,1734.4557922037457,15,55.60058401231654,5,6.332637228844156,74.49176087993848,54.89282174895073,54.970262996637544,43.5794468718544,72.05727597378345,65.02497927849798
37.790688069924414,43.05574925479343,28.292490831100277,25.759382083062274,50.918342814599214,26,50,0.52,3455.0313515507214,10,48.05180479677154,2,2.6937179598754906,38.33652067091757,22.93511832242686,28.689401541555874,5.2328874926068645,47.863112427379974,39.768310356436146
86.72365767528906,91.45743881405532,73.39110615414438,93.84774038204466,95.72005991102927,411,507,0.8106508875739645,747.2671346152472,21,88.03123332994262,51,23.52651898118622,87.94357554858422,83.49331546899857,80.6987513193159,76.85759516022621,83.31202981398566,87.02723269015658
20.552784612370296,32.728899847742426,31.22304702293774,33.58205085827311,58.784531726674984,22,58,0.3793103448275862,2999.4960412210635,20,31.852915078484887,2,3.865693781980653,40.85114716631973,20.526942274970306,27.19273131773589,16.590983964915893,41.0586276536006,32.99145768406189
76.74485654649926,73.35087276967688,68.84137516873318,78.03805387024589,82.49888910768938,157,170,0.9235294117647059,926.851319604371,2,95.10930491165159,36,27.353827985983624,83.4463974240326,74.80722547021676,66.02171540666197,64.22337657680411,76.96475847579896,78.91346754600121
16.232546326977605,13.18322959724681,40.96982256437086,34.58574106315752,35.78883595595575,24,45,0.5333333333333333,2985.0157690036203,11,44.21238318151438,1,1.142982352024108,46.53302029240628,12.465445443925152,30.254408895360086,7.213141305702582,32.004699709804946,30.082590251108197
41.18835136894486,32.691024797325845,38.429030755376644,38.116070084768694,40.803103404315515,11,21,0.5238095238095238,2794.856429372655,7,35.45084027164976,2,4.520310646421603,54.79420973545219,33.07390109211157,16.916163837574523,10.144939126504418,27.237477960217092,35.54756626174052
84.5499164037396,85.9923734716197,79.43564454425308,84.19004533140635,86.52517516379822,208,228,0.9122807017543859,1146.4835709926529,28,76.61846648183868,41,33.924455111968356,90.81972471056167,87.88167706273111,78.91830769398044,81.36851546479947,93.23957736493922,83.67396654151845
59.63872388413063,64.99436073279279,73.12952955575021,51.8825051699891,67.91401997726676,51,72,0.7083333333333334,1003.3848320177179,7,67.75101550243906,13,7.205680736369427,71.65642318256552,61.66241852260754,44.62479869339646,50.06355642893354,68.46308116428484,62.52082846274303
72.3377829585377,56.28104128783633,58.71525082660856,74.22918165976463,55.807275428165205,70,108,0.6481481481481481,1093.8687712117842,6,75.67992332315207,6,5.491986666448774,61.50877662381645,48.98158492110357,43.79267727166835,40.874902796280224,62.98445086786092,63.4681457036411
58.41474920267789,49.490203937508035,51.789925192112236,61.714495109378475,65.62169817670028,42,66,0.6363636363636364,2289.8998211573526,12,77.7725250259031,7,12.814601458306385,70.8020928213017,59.869405369770874,43.71749522847963,38.16773037450957,68.91729433190085,54.01554110170119
32.195895309224596,34.132922337833314,24.800211084841905,46.792602190730236,46.7844019393872,43,80,0.5375,2830.792336417154,6,46.04917334427569,2,3.731429745958926,34.99468199871759,17.978375676933748,13.348144062144373,15.247971121677244,36.52939844298939,36.30806758375262
17.5373594283436,42.5410198148815,36.72721060265264,39.95213776062115,31.676612003809954,10,22,0.45454545454545453,3019.8627295994543,17,52.725008716902586,0,4.9882592108720525,35.1368944459004,28.254163510734866,11.283875393977668,18.73818939754299,21.789591321085567,32.98450555954974
83.61442273348933,94.71857196665782,86.95981825434215,86.97316968394074,82.80833552796386,364,386,0.9430051813471503,1079.5585311974417,35,78.28593681220464,12,12.473443368803457,99.39819704323989,90.81106602001054,70.3084777669569,64.54562418017751,74.58511274633585,87.53062004459524
88.86931885738552,71.48545070292658,91.81322563285835,85.59618114140108,92.04827031373033,320,338,0.9467455621301775,1090.9930313215668,28,81.0086380464324,48,22.77460845300299,91.96612151392037,70.77426508556275,71.8723914564272,60.8199968569224,80.50838472988747,83.35225382143733
68.8623212619028,47.065726128226245,48.531545972478824,72.90277109674093,70.75130505374071,134,196,0.6836734693877551,1657.8159285479264,9,56.11609688626394,5,11.560458694888052,72.88671422540021,51.81810591566058,51.45247212018758,39.10419657206782,67.56235406656224,60.867811790298106
57.304984545531006,66.87500108431753,66.4964564974386,61.48363007646859,72.21599047134272,116,172,0.6744186046511628,1714.940040556613,44,75.5879780743342,2,14.033211052692545,84.96735632576109,67.98246095944187,54.447311895828854,50.30922007184452,64.34360606361466,65.7311136330913
23.547554491850207,29.485660118251626,40.43449211909591,23.897050830105627,57.97061613648943,24,47,0.5106382978723404,2999.008328596663,30,31.8156865896909,2,5.580149800928752,37.472716659042746,20.85723180353808,15.808348938031443,25.469218722823353,24.69301905812506,33.214379651241416
90.93039690120179,91.79099753085086,93.3384265842207,88.66496056579291,88.9491457521517,294,357,0.8235294117647058,1078.147952359533,11,77.60152583876118,34,27.859115273725905,93.53026771554494,75.39187880994292,81.47213675581642,69.84661014135396,86.2808244260373,90.65164489354203
75.16525832743929,71.7799804746875,48.32086787087074,69.9304166524124,66.16612673274781,78,114,0.6842105263157895,1806.639627527403,10,72.94069247464677,13,12.989814677729235,84.72451167540939,49.37625336083641,56.195955481842134,51.799523063565374,66.05410416505926,66.13632735084178
50.03298328708666,28.98205582593156,30.131297390767593,39.399515146606916,57.48783645279658,31,87,0.3563218390804598,3016.8052843311616,20,44.50415235916272,1,5.721018073608301,42.37545461302882,27.00869840619095,32.13156435135381,13.035125004403968,38.87658833109252,38.176300899274636
57.19560625990587,46.56555173390283,45.30701569226272,50.553988388613035,55.20874343784424,54,85,0.6352941176470588,1126.8650072204491,20,77.69632166613762,11,6.952733332471608,61.06196916579503,49.002403441436115,44.602872781094234,35.4816425398145,57.63134072751107,51.57545807144157
25.157192446229544,47.75038352999926,39.73880551649941,44.083469901277084,58.75527385660452,43,75,0.5733333333333334,3470.3382455897126,23,39.593003757636815,1,3.138171411931975,54.43286204368593,25.51732645510252,30.65323645798325,29.80466508947604,38.108349959553344,34.882853795097546
44.43028028721632,36.41314831540603,36.254369438143996,36.518908828259036,58.601626791020635,10,23,0.43478260869565216,2218.3741334325887,14,47.667717426132235,1,5.723040983308159,46.42738486814068,25.083713626285576,17.270870663668532,5.084737369227189,21.714809387925648,40.77384094767582
64.17006915706789,47.55642260705313,46.39555489035206,62.99588417887837,61.197424318771894,66,90,0.7333333333333333,2272.711109276092,7,73.9676833358345,9,13.719139887586365,84.31569353491048,64.08116433785432,50.210198048486994,39.13564700755618,54.5410809139429,60.65562603712195
68.94719773600215,57.44051657470332,45.72667015254411,58.671546766182104,75.1686185868063,130,199,0.6532663316582915,2024.255278772614,47,68.32867117599068,11,5.225167760703238,64.04370725360631,53.73683252847931,59.292093764255014,52.99443644934699,55.01611468165248,63.1200887150779
70.52973453868334,57.94096369164006,58.37895811213217,57.71519204088592,70.1839095869436,151,223,0.6771300448430493,1883.5867118887475,3,56.467998798323414,8,9.045192467506254,73.84261807221763,68.45070318411169,53.099996852989065,43.77473111240558,69.26032537241787,65.86240181369436
77.63141681578892,58.07095921647815,67.46361413466875,51.42433814013427,64.4716441104351,143,203,0.7044334975369458,1350.7058917922934,14,66.85179755341797,14,7.122866087651827,75.72122612793194,51.10637224226267,47.352151080779024,42.06440459302519,61.33894074289343,64.32933317032462
41.13441569970979,36.617227014282236,33.924645590156274,48.529382384341844,56.166875092024384,30,49,0.6122448979591837,2922.0677612408967,20,38.208006473919916,1,4.097161250156191,38.82087367822119,35.10877471731006,23.7921549843781,17.24627933042008,47.63778651857648,40.630210273226155
42.83944751403257,24.72169920302397,39.89900716476994,41.13270620143272,49.350115785775884,26,70,0.37142857142857144,2982.7925522706782,22,46.25881306156937,2,1.7948650843714467,39.283362191710104,19.91065997453112,12.34788676842254,22.307666437359252,36.66311209716663,35.62906109882687
87.27099291256263,72.63289470567265,91.17722057892934,85.15273445312695,94.54338240669364,211,263,0.8022813688212928,683.0002899270457,17,81.47472127776464,35,20.369686349392648,96.66548610057515,81.35676810901063,82.98896033163587,62.686330411047166,91.1529796388778,85.79496271207523
69.38103253922478,60.18717799791474,61.14987987779469,68.56579367032859,61.18254497069307,120,186,0.6451612903225806,1854.8167328650861,2,58.207705664299176,9,9.494591931837412,77.23347055500207,46.742693661724026,56.49628679789158,49.445303586097936,56.13074895579197,65.19560226942166
91.77899270545808,70.52886812893662,71.1556142871442,84.74165088647156,95.80854441918224,254,313,0.8115015974440895,735.4172069245167,29,77.75417613551224,42,22.467857313753697,91.11824034148641,80.09940708257709,76.50292958008313,60.37935497616054,77.0936377490114,86.77876476715426
83.71598592568768,77.87195779805305,78.78038030518468,91.35926988698307,96.73859173662197,202,221,0.9140271493212669,504.5898639630247,12,77.26657758249767,50,22.089358756726234,84.36546397562988,73.26128524859045,65.31444531215489,63.8490809666626,87.63390925485295,84.0296315457263
18.233869778039235,25.635710517532385,33.96122356245977,33.22622948610375,48.75294565293371,11,25,0.44,3427.577186423876,11,43.899643407789895,3,1.5031381363086052,44.48831716413896,25.392442321885767,24.324456491488856,21.57395916115638,21.76168866901279,28.825116204863196
23.189476698891156,35.25693556537967,33.57144438623428,27.56900242515259,31.15299430470447,23,38,0.6052631578947368,2791.869210393808,15,36.09227018503593,3,3.906126319399978,41.24325889240479,35.282262643665405,34.96893870111046,27.482057681858997,41.73337520721656,30.85353054269396
85.99987177524625,93.29117953166893,74.66646510333885,77.50467140865655,88.53804997831185,407,476,0.8550420168067226,824.1803923865218,30,86.9776672621869,41,27.099007968624562,82.561914927324,78.45668764986246,88.20209100815124,65.6153902960963,79.30417559593783,82.05998654089196
70.39579634494578,59.57040662158616,48.971188782075075,52.60509880898634,73.13438533311437,159,223,0.7130044843049327,1916.1429103399914,12,73.46360161333499,12,12.566929554673404,81.74651619678014,49.348111925243174,35.71601879163228,34.11254613753659,72.38223233098222,62.568861371397375
33.704613770851175,26.823055233912484,46.825632459170706,20.29802113090639,49.603779634915085,40,83,0.4819277108433735,1863.0223393052856,7,32.19048044245107,3,4.4742253298350825,42.27636148717049,37.13452398184849,24.74732109629508,23.661701214637173,32.084787794501494,31.58951623542089
67.43262630375531,49.743979371580934,70.81813471049128,61.18855588665686,77.92554279701392,68,103,0.6601941747572816,1895.3353793378415,24,55.08613717835955,5,10.728587516185396,70.03790635461505,55.72744458713974,59.19500616857519,48.09806677982664,60.294693480193914,63.40313690274272
39.918775573239124,40.85134722514448,28.067340535941792,22.755511989328156,40.07181203465753,8,17,0.47058823529411764,3154.491872157035,9,35.19198116035087,2,3.598983397142416,39.567635756474296,26.05253829639413,18.749000791001684,9.410763423477906,35.53915167348184,33.876462706221275
61.81335557414097,70.3586432406039,65.89037868285843,69.28132780948873,74.8121855541495,71,95,0.7473684210526316,1041.4689771941214,2,60.965832483879666,3,8.288330468811903,81.91073187106088,66.07997854059212,58.80146045743027,49.75273780667736,66.48992067647038,65.70114473023891
75.59389544518764,69.7248761673608,50.001393348507825,64.40969625511747,77.42068322717367,104,145,0.7172413793103448,1350.6680693250337,35,63.45157156200099,3,13.698240088870314,69.41763006039807,67.01558789937556,53.21903645830959,32.60426816655096,70.78840716273385,67.38251038626048
80.07118280861403,74.84739481575062,88.3875342070026,82.0025051833346,81.04116817814113,196,214,0.9158878504672897,766.434330008753,19,97.882879920868,51,23.850702259238695,89.82372681737253,94.9083943951681,87.4359037011551,71.5845187053905,85.57343457337797,78.84685098576746
60.933396334730986,55.52150152476497,57.94786231793009,68.5769033695669,67.53601867853882,141,223,0.6322869955156951,2209.331774940473,6,69.49547761344172,5,7.808869366096629,71.57007195397709,68.67097205437868,53.1735235984664,30.29692476853832,52.91266954556853,61.19627591293176
55.89926167684844,70.10816534429868,53.69811280987133,54.667098147857914,65.15999632136243,126,162,0.7777777777777778,1183.8135079586646,2,72.92571880097637,13,5.711767988636768,73.94261904766678,52.25743707610086,55.70137432423182,46.79969678505815,74.26820409964486,61.01461386365629
45.69258222715196,24.464488110458518,33.52171410172412,45.28894213340355,32.63371877156528,24,56,0.42857142857142855,2565.3862246800154,23,28.71869346713052,2,3.326679309568054,43.68441152995199,25.061911890122342,28.078100770826538,21.701507267474057,26.239378577792838,36.41898945011039
87.46577172246461,94.43093929363121,71.61451080419913,89.51451820728207,91.11048237527706,437,477,0.9161425576519916,898.4950646139963,26,84.97240423055013,44,32.47131158570081,81.68602629222701,90.1797329697797,86.53299064537727,80.43130778417053,82.8181598565444,88.05797720379516
56.36147161125569,54.98134745797122,45.94702489229644,65.19760310742869,69.22000872209395,101,150,0.6733333333333333,1614.4579030422933,17,76.72278591466544,10,11.613108500493937,81.18093843638995,64.63183843784991,42.760007548329085,41.778197124923864,55.85401850254168,62.35737016736977
94.05522707959054,88.53399589238484,85.90085334310245,81.48691615390112,84.21014476649967,363,440,0.825,696.5161752110766,0,84.20488234454245,57,26.24489944514896,89.08806308959906,89.50473171207487,89.94057055628464,64.77830221122242,81.49127049148932,90.15169059143638
76.51822641522556,79.06933388320647,68.32994296373944,91.16470420018445,97.05838446736047,439,461,0.9522776572668112,390.8470799797693,15,90.68021881407371,26,23.514358165619612,95.89031088981497,87.67716193166746,66.25565028659935,61.82254588419759,80.07183206581593,79.3763639771955
62.42913240779183,71.95835422902667,65.31964763884423,65.45093701404436,72.63907975902093,65,84,0.7738095238095238,999.730204522308,10,75.47016731796333,14,12.07865203002772,78.08805891872882,53.30267528844491,51.72801708916902,36.46688100698736,68.17934315605382,67.62894626071099
75.70052958562142,72.36278999761086,90.6402512415279,87.6111206181839,93.4502504847119,164,189,0.8677248677248677,963.4973012141743,3,79.87135744727456,11,34.07502708806744,93.52314666906891,92.69377000603095,83.24426278934203,78.38658821494208,72.00045674394198,81.0132860296025
68.85196461537382,52.9336356746526,74.00779757499485,57.71139525817989,64.09045097165028,130,181,0.7182320441988951,1222.6603211921813,17,55.25382982179112,11,8.942887014604231,63.386736654010576,59.491870695799435,52.75832477869093,46.88847905408238,59.844048032081815,62.738811623855916
36.98426618503966,24.013217452697234,25.20639203303346,39.59146225280672,35.79153829172236,36,60,0.6,2032.2385543022313,25,36.35247950671255,1,2.2586173912995653,45.09593811765002,19.059478331790615,22.65605512271014,11.940786225043254,47.44034651703983,32.589921688269214
77.30320619728032,71.90889365131851,53.747561205365855,58.16809207861496,64.28853061123971,93,129,0.7209302325581395,1283.729704789402,3,63.40280306304611,9,8.22418733886932,70.65213159181761,65.68357895845605,39.169724268843,51.257720239533526,56.04094870193444,68.98613385506505
29.48685068573825,36.757074024610574,38.08435408255326,36.286294300608716,47.67171450736157,20,57,0.3508771929824561,3324.963923958573,20,30.292980651030355,3,5.332330736452404,53.3569747602166,38.59710408733187,11.60921012554789,5.718178341348322,24.90083834026895,34.51111204197993
35.66957105109725,15.5894016965324,31.874745608518552,31.228359717705622,52.091835619584245,24,36,0.6666666666666666,3127.874063981325,10,34.4364138938042,0,5.065056536234827,46.09311711642739,13.421811330484925,14.000271881470717,25.552596296771117,29.95363251302515,34.33966922278648
57.9649124423629,67.84955966904502,62.243287370168126,67.51996153895095,65.44543629452811,101,142,0.7112676056338029,1693.1919177056232,34,77.27134174333834,5,10.91689473743109,77.03196325786999,69.64503376871303,58.56475535692279,47.81126911779944,63.04473528111165,63.57298205953973
77.73442323260595,60.27686441544333,48.47556114904103,61.76178127687576,59.558219063876784,145,214,0.677570093457944,2037.2746654052505,13,57.247168256712406,14,12.646268910277948,75.94188393692038,68.94790217100982,45.61962916746369,54.807743197083866,68.50985075019679,64.91736028264268
40.04199953658655,11.790987564246713,39.79144799344426,34.348839664487315,58.84707814649057,21,50,0.42,2591.236276844884,23,27.807633693427164,1,5.977848107221702,50.578118856676575,12.04480178940672,20.047766360015594,23.25661744537836,43.5863388395327,34.17860936273486
22.79506006398269,10.638466491406788,48.100725254756895,30.319154820605338,39.31230794965038,14,26,0.5384615384615384,2808.7863171264225,12,52.23680885462278,2,3.5788121176551266,48.52889462286775,18.861023607916415,33.82508706990018,18.00757063767074,25.11047851568612,29.30011735828223
80.5696785803808,90.88163366587729,79.10901903338114,94.66846281789685,87.17883996400195,389,470,0.8276595744680851,435.6457895688865,58,79.28992573919665,38,31.742252510715556,86.51917810403769,75.50602618913871,82.77873831095044,80.2375261534929,78.71664968229324,84.65385680535373
84.02478832145259,80.53559320578124,68.76572543683628,91.27231451961438,80.64379237426884,340,402,0.845771144278607,486.72249425298946,21,90.91286988769943,26,22.834925778130284,88.22297864680277,75.9141981302775,83.24983061612409,63.29359499079911,87.00594384609458,80.67300199393782
60.45921364900466,57.1640914616487,54.283992416794874,62.86813214109667,64.44995581249559,115,144,0.7986111111111112,1920.1652116810233,23,67.82081976289217,11,12.793374372026054,69.43395211413238,45.17818757071553,45.355960604889866,35.70173301582399,67.08324783895728,61.097514538620324
60.50152283279501,58.85998522092625,45.37164965711268,59.98488370108877,66.51067055916504,62,98,0.6326530612244898,1547.5544679846284,22,58.22744095466,9,11.414608523322197,61.70594207757602,51.81485715949964,49.457690736764505,47.51534546018847,66.36580064792739,57.81957918945658
83.15067520868111,77.8735771134473,86.92638869966623,89.01451042568527,90.6023616376564,226,264,0.8560606060606061,818.0340857760738,32,90.08577620126319,48,24.729850852826548,91.4057387746278,75.2526798228088,83.55678480630718,60.62997737052674,78.87079638857907,83.81961587909332
68.30747491486554,47.28268114048729,63.10805760663713,73.28061897947245,76.25906969144626,41,54,0.7592592592592593,1713.8298656649172,4,58.73245895922255,12,7.789654371983009,67.22457260604499,63.46870072589057,35.73984008899839,39.52364406684518,60.18835950384113,65.65823423072945
54.67929830455922,61.67624075480144,51.7861729741094,65.9078210019063,78.43600437209814,132,197,0.6700507614213198,2250.2114485598204,18,56.59362867107718,6,9.087207622276605,64.23029428337676,54.00993714264539,51.14228817656286,50.32045313334637,57.54837344213499,60.520502643930804
93.99542920781673,77.89110163784676,76.95436286327643,81.33826027637089,88.41297203806266,390,429,0.9090909090909091,1198.375549030007,44,77.25502437655162,58,14.269760238478174,91.59610690333592,85.69659565005253,74.13069815642206,73.38533338778669,89.70998827362281,86.7122899369434
34.5526080918048,34.946163385549205,22.02968127294604,43.43864424389736,45.375219302581066,16,42,0.38095238095238093,3373.3789033755866,26,32.15905252354515,0,2.294184477829509,49.81006952872099,13.081219020389181,10.50076168560188,7.394078152815993,28.942709623749323,35.3515179685263
33.50093804481973,35.61691070628238,23.422717483198266,49.99671693894177,45.56424303730872,5,14,0.35714285714285715,2526.1686432879933,11,44.879445263746184,0,3.9882121858299335,53.675794103199934,11.446878009847184,21.65788417987735,28.069256458420327,47.756374203002295,37.991645219108676
53.05539448410811,71.47383443543254,65.22077859026052,73.09397779672295,71.10030395582277,56,89,0.6292134831460674,920.0643591131648,6,67.15498022307813,4,11.579723909937913,82.42937254176701,64.55883616219475,46.550000268432136,53.84797714567452,74.63557735295274,62.761843944532274
61.91740374772683,51.6440574909561,47.5879842318929,60.417977874326226,70.44932617118269,47,63,0.746031746031746,2264.215662551836,4,77.6727942995437,13,7.668037820922513,62.926037067211084,45.401470567002846,37.67526681511052,37.31491109059857,63.79475158948739,58.927453148918836
65.99519324565058,45.22953736983654,64.58724316328808,66.49257348900642,71.31315792831617,146,190,0.7684210526315789,2213.549059413848,55,77.08154061313165,8,9.287615077035039,81.78134764550485,64.2366498611929,55.561053116223164,54.307339603058324,59.68154530682972,64.10385495482002
54.20601707307392,64.76173002682219,49.516224397936085,73.07714548098573,69.12520706632078,106,151,0.7019867549668874,963.4034913539018,40,60.66016513019521,6,7.757296369807559,79.91371385116247,52.205439573896676,39.858158846844354,54.34838935261068,59.04113319387549,59.78641731800126
27.52892815932055,10.449058759572,49.631869487690516,38.360130175155916,42.68190498557972,37,76,0.4868421052631579,3070.705925739667,9,54.64842455126587,3,5.507110816810156,49.04568179795264,16.214634948738038,10.46021403370711,23.087899173282697,43.87839783740307,34.96000426271868
85.45171334066944,89.37376505552334,71.40701901008578,75.21344575697668,93.97803449213396,220,266,0.8270676691729323,618.1297276155409,17,83.6987560290808,38,32.111534746519006,97.02007533594498,89.4301061837713,71.72630571855407,80.29724108920792,83.33696189765732,83.87309593054187
67.2863932743937,59.4861844236224,74.19165046452075,57.282770514973826,76.84541563861634,133,161,0.8260869565217391,1183.6882246471032,50,56.891604576777745,11,6.972262870253026,69.224940314086,51.80403791239073,45.47763789088006,43.24920769281751,65.62675728443124,60.02528896517036
35.891569847067224,42.4735622691205,24.405069624262275,30.719308101669323,46.65988852810649,9,15,0.6,2990.5228767815584,11,26.512722350841457,1,2.1356177771945375,52.36337337990251,13.509635182557858,33.08158741691641,28.593463026012763,44.3877850487389,32.583471978783294
56.03856847488759,70.98319683913627,62.58450972489079,73.61408158955632,69.36490624260824,108,144,0.75,1518.2617506653887,29,71.68799953860996,5,13.675843529684915,72.63273198384289,67.14059313893475,52.54884443321466,47.70972420273422,62.969937187403694,64.46171116250635
68.78784549679284,62.9413746740107,50.76428546089663,55.517588013772645,56.18371011866423,142,194,0.7319587628865979,1520.8642851540294,56,61.49341514227018,3,9.394422812954875,79.62170779984721,69.40679001092599,40.9960389514395,51.558540299096904,65.54560215764437,62.06823585455877
64.725003120212,51.96385806309318,46.42837135282464,64.31413634744223,63.396357896520804,84,120,0.7,1946.081342353823,12,76.86017138407237,6,13.147686813470248,70.57795493869327,67.58286668915464,47.08295553880633,44.348633055016734,62.29484950156642,60.24557982583871
81.61372949768128,74.16833225554029,73.46466752108418,79.66503382532784,93.2133235581058,216,267,0.8089887640449438,937.0926257128817,16,78.99215931548311,36,20.309126933337758,84.26726136065942,79.62626698009042,83.49019922500344,70.44097514671756,88.4162968806197,78.43338705758369
64.57665105440795,63.33312219329409,69.3148293461127,69.60491946720953,55.86563442946026,117,171,0.6842105263157895,1931.161091194261,40,77.02082871119143,7,10.620211823041872,77.75796310477608,63.77426997507816,39.648198656212045,32.741675974418825,51.87122126213908,68.38437999986414
76.79031108624166,49.61550166101831,59.354725796856556,63.44014266816033,67.29791049380943,150,220,0.6818181818181818,1089.9876988773926,44,62.68695174752747,7,13.003248594064893,75.61295038410867,56.70163651065578,40.43710884657445,38.356159353928284,73.99608566846297,67.21306996197701
78.09153756959641,71.64774923229196,94.69880697169836,81.44707689949446,94.57774002538343,250,262,0.9541984732824428,405.02645772751316,14,85.84625233665363,44,20.02397013048889,98.59058288495652,90.76548519469323,89.12567276666282,63.107430587138616,88.27168688009111,83.48989563068594
69.48418126476358,59.62409424946632,55.95650865401956,59.38966552412027,67.57676337389333,92,133,0.6917293233082706,942.0079792086876,11,67.02870808840932,5,6.802942852862178,82.53920213819471,49.225937909063774,57.07315297237157,44.306084899211285,71.6862738847215,63.927739937608926
63.337131189728176,46.499481452326556,63.29681225007898,60.16810259935246,62.913203754949244,46,67,0.6865671641791045,1725.6455819206808,11,76.06686082178392,12,5.723105747727915,78.5941836843386,62.797052130732226,36.46077477136438,44.006751889924324,52.116903881067245,60.31533240550922
92.57761708805567,84.03001211564776,68.8711036343131,85.53038895466472,87.12326354060093,408,452,0.9026548672566371,803.9037913823545,16,82.17895036819644,58,21.36499598777413,84.64546729581002,83.3700244229792,69.970713257162,72.71014941611568,73.93446287172169,86.79772212670179
53.235758301253405,70.27881596587899,74.78895005457966,59.15870461771663,66.34174617417743,144,189,0.7619047619047619,2258.526729690937,56,58.8886514588056,6,11.888931080324472,63.33046485100308,57.55161455003919,54.52036577713239,35.46951705656734,71.78219089336666,61.90664603330814
60.26817932359094,46.45087396785785,64.59409232454371,67.72306993474668,78.21978043224414,137,194,0.7061855670103093,1173.7533345008624,30,71.25642043418733,14,13.992221519747273,66.51692817086216,54.83054397010591,47.62369406975211,52.315383352225794,71.7189357901264,63.181860030987586
57.63087273312579,53.225215725344,48.406636315304816,52.85125744263497,63.691793536722784,101,122,0.8278688524590164,2106.7988936146858,35,74.60144007444595,6,10.873582062188952,71.30456713404236,64.36375818684229,40.22712105396825,41.32891860762567,53.90610285629792,55.128214187543335
20.437071704240363,47.84147822434029,42.00634691447179,33.92390837657767,48.894042362748756,29,46,0.6304347826086957,3162.583359960188,22,39.73874267635672,2,2.9543435451349955,53.54387550334556,31.61058875160109,26.27439490908055,29.133785610478437,36.28968381369133,39.74696257430741
19.199050078254675,31.3989044846273,44.424525477024055,37.427148284012276,39.80689486487039,12,35,0.34285714285714286,1807.9382411645586,17,42.75819455156741,3,5.037543667410764,55.59969848513814,23.278786598239684,18.974573450619637,16.38583165126314,38.27826567347945,31.36344189103813
42.5045352807182,17.92936920560217,31.65322837558623,43.4660224131827,58.32941060041822,27,75,0.36,3033.219549870954,25,49.496940880939775,3,5.429893256485128,41.31117523728812,35.573430035709805,21.779389753718153,11.696441184012405,27.2872472687502,35.36153460723121
72.39917567673608,57.5394122272875,73.65193191761722,56.71440452003817,64.37769258295789,54,86,0.627906976744186,1665.4688751180597,7,71.76215137239555,5,13.728714781229222,61.06099314479353,69.44750118215472,59.83267985769495,44.945534464697545,58.28860509238503,64.44877703989116
56.980898582562695,65.29374703388709,48.77692061114961,71.45616746141229,61.2652996478283,45,68,0.6617647058823529,1647.6113140698073,9,76.58370259827171,2,11.804156412736363,69.69750912346586,61.510610703608805,58.41423562258349,34.69513292089958,63.295200220966684,63.838468541295946
77.90371974638799,61.545919587968484,66.01432409070425,60.16855967978279,68.6928927044809,86,125,0.688,2181.3251125705156,28,58.497373738894744,4,11.941434149596486,82.17465733767145,59.39845418529475,50.99240945916402,40.191777237928434,66.86902084291285,65.42402940526752
85.20513328168236,93.17416232576784,77.3399087099371,77.90450039830498,89.43766889012218,242,263,0.9201520912547528,372.057062276069,23,75.22929239889393,21,27.14319069367196,85.73533755115767,83.99042139111809,71.98362977328067,68.72176041513225,93.07921779385448,85.3963183283232
77.15498198674914,45.75012338551776,68.57346451181263,58.03424889352176,55.937198921741484,153,226,0.6769911504424779,1340.0341199909815,34,61.303246770879596,5,12.911826673889344,75.04628306544511,59.32484110283982,46.45942597846651,36.926139907085556,61.601757135780915,61.672910602937
54.00393143347229,65.03093285119414,64.43892914716227,70.25621111060042,58.48886511408911,77,106,0.7264150943396226,2334.3555031460796,7,72.29167775553633,2,9.674377994372062,74.673628607858,65.95073530900814,48.60139504661751,48.45473941346228,69.76647627516908,60.333119042547374
20.513099738153286,12.112510481106298,28.14406589295327,41.93557348681729,48.02449897016352,34,100,0.34,2108.3965134506716,16,39.42417382805901,3,2.117686930293526,59.089104570039225,34.07729796237297,25.76552228613329,22.4280259305938,47.758681295816515,30.580839702013673
83.82676653348041,95.27406272233848,69.77477251981489,82.0830839351899,87.55066673161676,412,487,0.8459958932238193,493.96157179299195,33,87.51489804515133,18,29.409317437921317,92.13432403940007,74.16968337959186,84.9355138485416,78.00278333787364,72.1533942887259,84.94011889990716
72.49989283920868,51.4635983086693,60.82119869912523,56.01712273058352,73.99237494499779,89,119,0.7478991596638656,1207.6220366495625,4,57.10103222492336,13,10.492200998868636,69.61071832668458,61.202948075520865,57.70721558718322,40.417009510785945,57.860250659344885,58.65430841849422
66.22529973942383,52.40546715894754,54.277455528754246,72.1436883429708,62.45642890941212,154,204,0.7549019607843137,1100.3373987952252,29,67.27003421019462,2,6.0985975705273345,70.617087292424,45.44462853156209,35.83897954118128,42.07383408041664,57.45493245377324,63.4751016049718
67.19522432494853,51.190166357462665,49.351961839212706,53.01718262904932,70.69496619257595,62,80,0.775,1714.0518708849677,16,70.90104687835174,12,9.549066028823972,68.98077851554308,52.3181109459943,39.35891769127179,49.7893477232507,73.88535411865242,56.449579326981045
73.74359287799089,62.33733517679568,52.98669581939147,56.83882851421278,64.7595097535963,73,105,0.6952380952380952,932.7478145286346,2,57.79544459445646,9,12.107073618692773,63.87649303531033,58.50233552744287,37.01528221165544,49.16946061333108,64.62302736812074,62.22979591805135
57.38455723446091,54.727023791222486,54.30833507326981,66.19521995054778,56.530287674724484,40,61,0.6557377049180327,2032.390254956542,11,63.7552490991292,3,6.2989282629875545,81.01703771543956,64.67399207410492,51.41175984717357,41.65477590822346,74.1114817069878,57.455690849544546
64.85760329472143,60.21857265871904,66.27331088873319,60.249532983907066,57.4941780655535,51,65,0.7846153846153846,1081.0327017693608,9,64.86047204450085,9,6.2161898636324295,79.33298858007694,46.69393206946505,57.69565362323213,37.04125278237964,72.47197601448312,61.663697544333274
77.7657726911269,75.99909119175909,75.52211895212926,90.15469889004588,90.48321736762291,365,424,0.8608490566037735,915.2331826996822,34,96.41065732054288,46,20.676795671460994,93.28148242399668,76.37718056053495,68.1758393993308,61.463415002001256,77.63533746356879,82.52881442445842
66.2709748515411,60.17949987471191,56.95924005589152,52.99076098790176,65.41771659618075,63,96,0.65625,1913.1834270348759,14,62.02377408527467,8,10.805192766763701,74.86375252862612,52.271598378242466,41.66243000032113,49.0633778013505,56.42033702543098,60.16363799475983
35.64696263361688,12.125281398900595,32.70969937995132,42.73517950992934,59.94023848702465,27,51,0.5294117647058824,2772.788281765899,35,31.396453647984142,2,1.0648313044909958,34.52788621838758,11.285038044956178,20.7899708409608,10.627421347808959,31.772749310692287,29.48717085102177
42.47277589707593,15.08625400405121,34.28016439197391,29.546692257617586,59.338149376378745,13,32,0.40625,2092.7776830926805,7,25.383656132066328,0,2.065504360792207,49.81236500965834,20.023859316257152,26.34291245830419,14.592038058194992,39.60587702797561,31.594732698384124
34.4878459027657,45.889083625638634,37.67924433577461,35.68697251214762,32.142754587985934,20,31,0.6451612903225806,3420.0683398784454,16,37.45537407694808,0,4.20988880945689,50.46116977014972,31.886428647817052,27.337681827104788,18.992950210123475,46.70762949562108,34.2643342234703
71.33627833337452,60.47316863021171,72.85115531163153,56.59460256120685,61.007783777980826,53,76,0.6973684210526315,1418.573541714326,17,68.97888738489864,12,8.20435216631312,73.97769801469624,51.97991727891449,39.15313094886113,41.36006147346754,55.43615031035268,63.061310851022235
57.71556283041337,73.7262511616742,57.16056102066521,61.43076014330913,72.54005233675294,149,229,0.6506550218340611,1560.260573886013,35,68.71824855868087,7,10.913453823757353,82.01917662871908,57.29597760880851,40.00244047797065,48.148174498555875,63.15983298947531,62.950350918479174
49.5245195240611,26.21214233651977,47.301975366052076,28.832209830764683,33.79104304084956,43,103,0.4174757281553398,3321.4186652122635,48,32.11012234869793,0,2.2211602983896435,50.806220619113006,32.071400514468166,16.8490729832654,5.674246957513186,30.226645577421152,35.90270751918916
37.51603324355547,20.042505267537877,36.89938713603009,41.25685292857945,47.54656221980095,6,16,0.375,2861.7616228694324,12,38.490686109549095,3,2.9157071047755077,55.070034201513685,11.570056568192328,22.026828817205413,14.20741301834678,25.735852812598516,33.112147390910614
73.82628755452725,69.22456305870041,65.96575799716337,65.11160735290767,70.43037756446401,70,87,0.8045977011494253,1636.6993347307262,26,60.141145431555216,4,13.616030137732295,75.64268864091471,54.96760321069829,39.67751898088219,45.25539933113004,54.607759500487624,70.27776877052587
73.04948791432594,53.170602394003836,74.78103486871537,57.911561858191064,76.97065346637994,96,129,0.7441860465116279,2191.185571545697,12,74.5543994825472,6,8.38563008959747,64.92482639597351,69.03311795290543,41.118598514970756,36.1860904745403,73.59744725636739,65.8530059362191
61.24224921328625,45.98805893489537,53.21207576549516,61.65489513092605,79.36230540401597,111,145,0.7655172413793103,1639.8222653933904,32,76.54698587934011,5,10.447755956720238,68.28819227578742,49.38068782542575,54.212030732182654,39.99940372717855,62.64602156147647,61.51809978204062
28.352417600872357,28.3943664789752,47.90719118255677,33.78657341326239,50.162858817277396,5,14,0.35714285714285715,1846.5140503296418,11,35.04697999299852,1,4.939435335908306,58.55251547467802,20.674827611300316,20.94583683640003,21.782462013004434,47.08360542563695,34.27844618732863
55.42853918299894,67.00151878095018,60.05679075480456,68.64917019715212,67.36288876305545,108,132,0.8181818181818182,1050.5502070352509,30,66.91219987375317,2,9.619740388902802,68.47857398046872,45.844703885862984,38.93539211064334,32.87779914580086,60.77958996414898,63.04963763677503
59.8970814067177,49.51898478861577,68.85921099033342,52.018977248557206,59.735136995177626,54,67,0.8059701492537313,1834.6792321420266,16,74.22852708503787,14,8.59998809439773,76.20840800381309,56.752994151661724,59.086466550948685,38.809568977661634,68.50710850657089,57.878667373938505
72.34127724903553,46.118061682906195,69.18681972382672,50.666132279096686,71.42072030340876,77,98,0.7857142857142857,1526.5801830803603,11,61.4493103913839,10,10.879100778344888,67.2730351331894,50.73842950371649,38.54776849323362,38.74704814083778,73.22456037985516,61.240288652989065
30.798646251410617,40.538696173117074,30.53297104998672,20.524333651418143,44.50085558855187,38,99,0.3838383838383838,1909.9820087124267,10,28.04035393409268,0,5.00813630685665,31.488408185812634,14.384924418878958,12.611344282246817,6.630442636289608,36.80206256448639,31.11000707307809
64.66182687584481,71.09974106743783,45.26037724787626,67.7621517072391,62.362806385944175,54,71,0.7605633802816901,1432.8249211973393,16,75.98171481014813,4,10.218153230513606,63.814361466840246,63.967188866206854,51.63478679415367,37.42827032387861,52.924007026009136,63.52555475254201
64.87601424314194,62.94505415657261,66.31030298937576,63.123508476880104,72.11933140022225,112,146,0.7671232876712328,1300.6346657633521,34,67.54743399690516,8,11.10170917641985,80.42615636007925,53.958637716821464,51.33608646527,43.928910490505906,51.61350261205089,63.05749223419411
76.94903494517993,54.581169780486874,56.739421303704006,53.84202059847094,70.39590264629126,140,208,0.6730769230769231,1023.5718780319175,3,69.32844514309849,2,8.742633816484116,82.10285963249666,61.6915130781839,40.13515826499522,37.997574837643185,69.69695254258134,64.76325989329018
46.58384738306435,28.737087417337307,25.45188530593979,43.041491728076195,57.58519122527656,39,76,0.5131578947368421,2357.532414024178,45,48.39610473710725,1,1.2550687228281012,38.261919893574614,20.656105068182384,32.3060339918188,27.534800288465036,27.27921219534759,41.767802661311656
31.738085549706692,45.138606014031836,42.62101727372481,42.935808070458314,38.0870829530803,41,91,0.45054945054945056,2338.0416741679496,5,35.68798805617375,0,1.9033556409046088,36.10960003094845,17.26785427631632,16.38650072408736,16.3929086371884,34.26804934312916,39.37480841344887
51.909774572796316,47.34891800960715,61.6851020414926,65.97787820974509,60.2853253943976,54,70,0.7714285714285715,1134.0207240353068,8,57.51864215196377,7,5.83643090583267,74.13231023794744,58.797378487478646,44.709626116168515,51.114278691714176,50.10926611965031,51.722293074063266
66.73523683841802,72.81036338775242,56.951330269782915,57.9773834968247,77.17854996735359,159,233,0.6824034334763949,1757.918043610503,2,74.39152900125725,2,13.61657155497048,71.28169488428168,45.100631971349266,45.04112943030105,34.67002102612589,65.61001218680407,66.41340252714198
80.72042826951548,86.04576965170477,86.20331650656337,78.340838158019,83.01714589318972,270,316,0.8544303797468354,621.0588477360016,11,85.91651014224573,58,28.22386866458068,88.9273729302517,91.60540444185422,78.95350623984658,73.49764598755532,70.85469414847896,86.43162364370279
57.40166329634749,55.07694810351021,70.29778441943228,50.68219126626414,60.75453197178145,108,147,0.7346938775510204,2109.5869506915706,2,60.040334269349344,13,13.937575082770465,66.40327727405288,55.512758951913305,55.86489346570793,49.27518596524713,70.34790266415212,60.05090300717442
65.89913055918835,55.48275338081364,66.15566936752064,63.43394373067193,66.73112364676349,114,160,0.7125,1785.6055884808593,44,61.646029840236494,11,9.654389706003231,83.16329435247758,45.24520286784941,41.18895989088272,32.59988925783339,69.24040443386929,64.504882447194
74.4835920073557,51.31451841760978,47.27883252711611,65.08938658853873,66.99793817458244,88,139,0.6330935251798561,971.3087726719227,15,70.84266039516139,13,11.539658721298395,80.70045764988316,49.98517452740293,48.108190837973275,41.17828750973413,66.61101152906576,63.84557666025691
22.356117114961712,25.47728895324603,36.32511579845081,25.453903947190522,38.331850733322064,27,55,0.4909090909090909,3273.569074291917,22,26.618208652193704,0,5.522702174638128,34.53411590469727,11.276583238216439,19.977368354868855,18.05198697046599,34.43597722612401,25.354422579622266
56.11154551989481,49.92723201669463,52.103941037883565,62.56324066754139,61.779444642780085,132,201,0.6567164179104478,1077.595262141481,45,71.77312733424256,8,9.469157878569433,78.35010876499011,49.33045952967252,42.14162472116807,51.61917480230494,72.12798302269115,62.432473069856975
20.091438539681945,47.19051962205911,20.749783903102706,35.665017343213165,53.21679416935453,16,29,0.5517241379310345,1898.5229622783695,7,34.52046238629494,1,3.472696121069478,47.870549254039126,35.391041603727196,17.82197552864568,18.08015817421581,20.23743218871422,30.125069470344023
19.933839191303676,10.44441748319333,49.960774540005524,43.58868867272727,53.92355832234685,8,23,0.34782608695652173,1944.6033072378855,7,27.168071241974165,1,1.4296959564206915,30.804313726522665,20.87997152550036,30.0555983001786,6.028781007034812,39.72316257318552,29.03848238680803
80.08781716185085,95.67936820791283,93.32178019059839,75.78853622737012,92.70035310528239,348,434,0.8018433179723502,800.2259232934616,21,96.05623084452496,23,14.772019312088682,94.62047342916563,74.81497569464076,67.8820505311821,70.54406649326282,89.88354594897743,85.07811192268932
83.82829431003452,81.86214923284409,76.0715906528275,77.42050000970386,87.54106022337456,233,286,0.8146853146853147,663.8157566797883,14,92.24656758203872,11,27.377170874627023,93.57339913345129,79.04799977094663,79.84151978021346,60.25327960069358,85.90240116023855,84.01771012880373
56.767034839800836,58.910392522647236,68.92226178166109,68.28938694070834,59.361650440359746,112,153,0.7320261437908496,1489.3384437467687,36,64.71348246303089,2,11.91902314083621,77.78017901835057,54.44072700350362,45.33851306858722,39.342429243405576,63.41339434064276,63.71841608710434
54.408682801315706,70.68448717787825,72.28706830033762,61.241541577823064,62.01074653933942,112,165,0.6787878787878788,1301.992536845414,35,75.91938710800794,10,11.456853251742407,73.98505289745603,46.14440848571814,58.298060892139674,45.6984373324865,74.85154958457775,61.058865296183384
74.33122062179206,61.25001476547211,54.8182557999435,67.54340026151448,65.97632599878487,66,89,0.7415730337078652,1607.906892834688,17,68.66783204559813,14,5.447723725180951,73.55424776114288,45.43250306852425,54.46338427508513,38.207806838561595,61.80018705293323,63.63502034747464
72.78180866645125,45.134450799765865,60.03698180035224,67.62090493793342,58.885028218475384,157,196,0.8010204081632653,1546.8005796670077,3,65.94332674487582,14,13.928306262632393,80.12738756560223,60.9180211284098,57.13518307333827,46.96171541261558,70.47137401907688,64.33021143287533
64.36666687872317,61.087425550610064,50.93504151665647,56.118479442677106,77.62357957985529,151,204,0.7401960784313726,2113.201659203182,48,55.58040236849645,12,9.698438202398473,67.28629119113519,56.93876638492928,45.11731803619693,53.299480488934535,51.02943247407539,63.17295627532368
53.17001094507707,51.23146565174074,73.87586119759666,73.9331212131801,59.429135531619316,156,233,0.6695278969957081,938.2565041972506,41,70.06278124255822,11,14.56477821305615,77.63204009927566,50.830817102973654,40.186514635904864,51.45076363468192,54.755667410410325,63.05744036633306
65.20105947798541,59.189623830194215,58.294568203647,62.45661248237545,65.85878799614926,86,106,0.8113207547169812,1403.1662803086933,28,56.06567949609542,8,11.430176824140023,74.4587457112045,45.67166305489558,59.989959555000496,30.840231005322416,59.87870020584134,61.02285892464672
64.63195783909997,60.640619255604676,56.09243619187917,53.08485909383092,64.63709500126062,114,163,0.6993865030674846,2184.3902531499125,40,72.76754521074825,8,13.118303774964685,65.29378784326991,67.54125442199296,36.761123454484014,52.54298346994227,54.09082231572975,63.36646002165813
85.0574779096262,80.4922641411559,69.10899903632708,85.13540081435576,82.2778156015348,242,291,0.8316151202749141,743.4068972799026,5,86.05808186813373,59,24.699699020333284,95.05634052177619,77.04998381712429,70.46985878941807,73.04837410161443,73.88358256275042,84.39539199987834
38.65442474460306,20.36375690438046,25.604160573600517,39.4300911719058,51.72861133912964,28,64,0.4375,3484.7502752731234,27,53.25750134578081,0,2.523488067865925,33.267211059720964,15.741206357261682,20.655533546605454,21.243898745831185,34.47110616067255,33.15964357409655
88.52175347258074,94.29804638616837,86.78183978187423,93.3554530498888,96.35024978437417,269,308,0.8733766233766234,600.6409935779636,3,97.5016085765767,33,33.833466950387624,86.10199373639053,74.22148223417588,76.51681979137483,67.67719358400622,70.87898125677985,91.07812490664381
96.70680476793078,70.09958755300839,72.14374529761996,93.76895280820816,83.07954740342892,350,407,0.85995085995086,1075.659440965347,9,97.87497790374407,30,21.979425115166027,94.95194256198884,94.9937890857261,83.12327993799047,62.854594505928304,82.95796806072957,83.75493241556705
61.24070696850562,55.29071318344171,60.27324997174308,67.72392009407119,69.2336736123263,123,162,0.7592592592592593,1516.353088482882,29,71.02599229198752,12,8.546270944431186,61.15082840354297,69.66938993463894,41.59245638627667,33.16552804226932,59.2438126993257,60.89293560591503
42.17402798367561,23.332552450808734,29.14823170284336,26.054122477263167,54.62804720696593,25,71,0.352112676056338,2321.780566857349,8,34.819313063359594,1,2.736994981395284,34.09614832013108,19.346265353147388,22.845940669572812,7.198927162574671,29.873383362189013,34.27700354234241
65.58072260068352,70.24039991242346,51.20664916372105,74.72963821318976,77.50262729600985,88,126,0.6984126984126984,1885.4201088170278,30,76.40739885512949,14,11.910901864951652,83.28799068992294,47.94832987237936,36.53432324533697,37.77486755029884,53.414723459410595,70.84614201838353
63.403661623821996,50.58396463104299,53.760423013222024,69.45314153216304,77.34945979707771,48,58,0.8275862068965517,1935.9228002262405,9,61.637024422060605,5,7.900507122957752,84.7853761550951,65.40925472783351,52.699512534577195,31.53368894906615,72.60775929968185,58.23645765937291
55.786842258094126,55.2099452531762,62.906378620085164,73.12180638583526,78.0094087580373,69,92,0.75,1356.1054271703856,20,73.60293129960428,8,5.105079980995878,79.04190713615621,47.66493624573375,37.921784655510045,45.140620066153815,74.58801302563253,63.70694477599725
33.802353364305425,17.551006592755698,43.45952257127236,40.458462508512326,32.916195043132895,36,86,0.4186046511627907,2819.4682085052727,11,29.564057565423823,3,2.17748642578035,37.88279333145135,39.44314216397297,15.914017548821718,28.83698311206488,38.193103742708864,31.41193435233174
94.48782514731636,81.47313275550178,65.53873591250454,76.4902092363728,89.18706898427672,169,200,0.845,363.8245722947126,4,86.98010284260238,21,31.09442895060014,99.12265712684737,87.45681483826365,70.19426573599321,60.50700787236452,81.98539496567754,79.58190614171998
64.75435430100892,65.60539612115178,59.72764735434873,66.51518329527444,64.1230128599996,138,196,0.7040816326530612,1919.7139287674445,27,56.688632953946446,9,13.217198117866683,84.15191802717533,50.6746545310409,36.852389836360736,40.665493298547396,72.03492759893876,62.68937744437748
27.285482614505064,43.56731975691081,24.159643760335218,33.31242780979973,39.32900927349429,23,37,0.6216216216216216,3212.7838424732454,17,47.24222801833148,1,3.723999797279367,57.88471836269254,28.537256296024083,15.349542093179227,23.127746833547118,28.42459290010469,31.966099392708767
18.534431397803935,25.527930581558074,28.78101795633964,23.9894955327446,48.33572463577201,38,74,0.5135135135135135,2715.9196370504724,43,34.17531421343979,0,3.3412847370406324,38.320061616692264,35.27696732505711,34.96873779148917,21.204285479533098,27.012918330218042,27.524485977623627
36.981747918156,42.00380779771511,21.519374154249036,31.613211277554036,49.29271078347175,14,25,0.56,2755.954469529529,16,41.71227488752865,3,2.0879109141698526,45.31847515063869,15.591247031002048,19.033181810649367,23.76664408870582,42.61615690098967,37.19879425403044
46.761280572125095,24.932942952785815,43.171747401774525,27.68413318687973,51.07095306401575,42,106,0.39622641509433965,2727.1442789197968,42,33.47918571029166,0,4.0164799433919,55.641750882521606,21.689849479160124,31.091053467680148,5.925711385268044,30.242529262774053,32.879847432442304
53.09515820366859,72.66277960716995,67.53445103467749,64.74449001945196,74.22966974989819,121,146,0.8287671232876712,1188.5596383937036,4,60.614175167329854,7,9.196722921572682,84.53442760815487,53.737129557702524,58.04318551327665,53.32406371417699,56.046323676618655,63.54307867086991
81.57244146563224,81.25193886958083,85.56331649665705,81.64912314297425,81.01854181064088,196,220,0.8909090909090909,1183.8445833143664,19,90.44402041934576,24,14.672392000085257,95.61991787229982,89.63172028790038,80.02756739060821,84.7590445499593,78.1313476481138,83.71704042998819
62.37966078357064,67.70547796504941,53.38838695276315,55.43827934485918,61.398473941915654,71,110,0.6454545454545455,901.1232138223068,25,57.619264592299054,7,14.279819054335853,66.40021045375559,54.18276120313658,59.59694048542731,44.15158659323491,62.426396085540986,63.00568981770982
56.92303051674588,69.76740605737318,54.36817260407025,56.74742973889445,77.5348187332624,138,174,0.7931034482758621,922.8247945364658,37,73.41756709114584,10,13.933565746596509,64.6522515398515,48.11245389816001,47.58837616395334,36.7908155390014,65.15743680617663,63.403369150614886
93.5348923950463,71.44699072328136,90.26942105894545,76.03270955749025,80.3283646657105,378,471,0.802547770700637,400.8350119512471,1,88.24796360953017,20,31.906663895561547,96.3414414189856,76.44757067612349,69.27218968475165,76.71608049811077,93.23439972818964,88.56271464277188
58.86430465477406,53.714603139283795,59.71407475531403,54.677510446616814,66.70297324012398,48,72,0.6666666666666666,2144.7582675348376,19,69.19793940230477,12,13.740945201393401,83.93848597542127,49.32235362236668,46.985902226488314,31.500270471402192,65.51810030060504,54.713139397763904
42.1570109592773,13.766461331495638,42.928021646829166,25.725742636467878,37.421017550365406,25,55,0.45454545454545453,2025.4365471686438,9,31.937153067975572,1,1.6527566432273009,41.724689145969286,27.679877591698904,19.05855073033425,28.108163954028367,27.551147063957046,30.921538680202932
58.50790026431023,61.215877532668074,50.693603323037294,54.67180536008639,69.41409908556517,58,92,0.6304347826086957,2368.8572524799765,13,68.00196190359036,13,7.139617308407954,84.30105235441559,48.56962125348912,37.528129704541456,32.80528848118182,64.32819808181412,58.91066944259105
86.4256377537609,95.68242352558707,69.093192576702,88.90289108095187,87.27773782587725,274,327,0.8379204892966361,923.1925361919327,38,82.84507056290707,55,14.394521935835826,94.48677634257483,84.45967292516022,71.85401666399514,61.985484224724665,72.14145623991077,84.25302896541079
82.13194438188337,89.02484315066954,84.2190677840776,83.3188780916371,93.66324090665077,179,199,0.8994974874371859,941.3591997886615,26,81.24308728558661,57,32.74462452523045,96.13387039389478,94.6214600690619,83.85620649205202,69.82988002569806,84.76594584986594,84.23742755549856
55.68136227554498,72.38037458735619,64.63249571556037,65.62904528420245,77.6048909016942,102,155,0.6580645161290323,1230.9199975253139,17,72.5248200756234,5,7.596754555889492,75.27379423590693,46.020838633826585,59.23646417051769,52.966829314449114,59.519189303942994,66.42786814540978
64.30386621898634,51.42348730238807,61.55346685182311,74.47883099378721,56.836117275144034,69,91,0.7582417582417582,2134.874404019296,26,63.710246224003676,9,14.128586899643874,65.05537718647433,58.573748448702815,50.92247430413701,43.04568685909612,60.85190985492299,64.15122076776923
78.77042958192366,89.13479257339463,74.03693884381724,84.26782017609293,90.78974975649719,430,455,0.945054945054945,312.35986927432043,41,90.23455277799333,21,27.826706161746056,82.56376145620924,80.63391240674959,71.18015184347192,78.70938123570457,76.55087511267186,85.29223494550382
28.24933472839565,26.90793972238956,37.822015507615696,39.773052360605405,49.44605159647734,6,12,0.5,2144.795044153015,9,34.478150416695854,2,3.194356095014296,31.609508452612623,29.028828826013154,22.048118748694023,17.449169311002784,22.845329496569736,30.79015529240425
46.21193945009058,46.23272997677147,21.805728535543736,39.05600539310341,58.82336028474308,29,83,0.3493975903614458,2800.332965050875,13,32.34549318587287,2,5.260796419574568,45.18350864539548,39.4845317048571,12.938277737624276,15.312586597503229,29.29248440626128,39.69182764265369
41.758695833621424,36.48695432105684,35.432100948568674,28.364404850395168,53.9269135988925,42,108,0.3888888888888889,3338.15002779292,11,48.03149309460676,1,2.2233700393447844,43.86407240328931,27.371253544469305,25.778936172834236,29.674758064216725,43.686077474512246,39.32795501559105
72.76268354212178,59.847969730177084,74.84070389893576,61.4280143567011,56.700007091189434,130,194,0.6701030927835051,1760.8288010638385,14,63.13597981393778,11,12.55388077305525,63.46012507167569,65.42266775236462,48.8848044744574,30.106880054219534,62.99446215844942,65.57380088345977
54.289621740444304,59.943156507547414,54.95665965661396,59.349208697429404,61.52463385219908,128,165,0.7757575757575758,1835.824732686067,15,74.19660784670052,8,6.295331789924699,80.27607354568781,57.092298878689014,38.65038037057536,41.631064070893345,56.328727077060094,62.221011015257275
76.55082397247429,57.73835582360108,55.277040738344375,67.09618020329219,75.18892853694476,56,69,0.8115942028985508,1638.996338745793,22,55.14705629774845,10,5.468139572342276,67.59246172822367,56.083000161977004,39.306620358894705,48.24995777474926,54.61279988996779,65.26433121961371
66.11307288788363,69.78874094812056,48.82705641646294,60.8902964455556,70.23537759145248,83,120,0.6916666666666667,1232.49628240949,24,55.26277931028627,14,12.247826567743875,84.83699835834068,62.33406091752815,52.17075989378873,42.8703322545493,71.69807271462784,60.13604600384502
77.11986304486594,85.21203949736127,71.788257524498,92.91395926398745,94.10300145521462,337,395,0.8531645569620253,1077.119157307317,43,77.37509520412611,35,30.158322863753202,94.96321652775372,84.0313919518731,71.156104024265,70.58869789979741,89.83926636347005,82.02642189262787
55.895782291352035,67.1653052776358,61.44265851279121,52.400436007089084,68.93215817500418,93,132,0.7045454545454546,1339.2089980426542,37,66.26807056690338,11,6.454161500926149,77.23993225819333,48.239554198248065,39.76671452552933,50.44248279619015,66.50292740312885,58.03207909659456
76.19328778466182,94.49807670677032,80.8167793475145,81.50115286783631,82.84627825339523,275,331,0.8308157099697885,979.893545264023,13,89.67407440997371,17,14.566393202064553,82.95492648875923,80.70308419545937,69.8926937909697,60.69624443956889,90.12537200295176,87.53298201917335
67.92008619553421,69.57824928241574,45.97239187357826,66.77482867571487,60.84271596074053,130,195,0.6666666666666666,1776.7458959680007,6,63.54991592818671,13,8.055361467878868,63.447269435533386,47.201025192607894,53.01100784605277,47.59920917010899,67.50405312033178,63.01889151747852
92.11313737825729,83.08369938675702,67.03389187484338,89.47161400879962,94.50746231607717,209,249,0.8393574297188755,1049.6384835536232,2,95.44974518173119,17,13.468926586843548,80.63240076474928,76.46251419248985,87.51665210271571,80.59148127459935,87.0681824448828,83.66502860461786
17.598415930944107,26.845154098197103,29.094092093306674,34.947308359015786,45.137296079074446,9,14,0.6428571428571429,2170.0539719231074,19,37.05670699716372,1,1.6673069244351053,52.74118905365309,39.39582524197708,27.20463238756053,28.05836217067008,43.94660118790698,25.759797982475476
73.14419429409392,50.2912492380022,56.21083654809478,57.814645318355744,59.85317849169496,141,188,0.75,1543.0926308558319,12,61.58731216418384,8,12.629089177629032,62.96639676256976,51.13885625048479,35.666443123325685,30.199014199139786,55.609386732006044,63.48972630914316
55.21073189792131,64.66859641334966,58.69802772617447,65.50512079852147,60.990120572988644,140,207,0.6763285024154589,1539.9870612692662,56,66.22310403595536,6,9.405408877224378,72.90684056947728,52.2888072979906,55.97287084713246,43.057137007583,63.813398459735694,57.642829148652396
62.836415209357384,71.99847867816848,64.53794119853487,51.40450899295278,75.2799986141163,154,231,0.6666666666666666,1570.8610623427637,13,58.452769103706395,8,11.103871804869687,80.55655756534279,49.511917402273085,52.3844633501496,49.685643483454584,61.17778518704456,63.80986207558063
74.3778741957288,48.8713008862648,48.24206248938183,57.06769460211256,69.7908980818615,104,139,0.7482014388489209,2072.9757803650646,26,61.01336952164898,2,8.954875261869223,74.1044881982365,67.30767618355301,59.84620157138461,54.23235905913387,67.94609678171835,57.20336204173022
79.1775227032129,77.86228924790198,66.52407769066826,84.3660118291277,95.35630709438426,375,447,0.8389261744966443,677.0312623136268,37,83.78723929775431,51,34.6452456166506,93.32814609389838,77.13510171158556,79.64520985538111,62.73705915172485,94.14591672018959,81.87522759537872
17.975742877407022,10.698311530695879,32.837701605928075,28.1970879524625,56.85656746040082,18,49,0.3673469387755102,3361.1006113188714,12,29.128275161858845,0,2.558690296379161,32.582431593685534,37.721388805548,25.398156643540865,8.313809998437245,25.769650786307196,24.9009129780739
65.71893044832244,59.462495966614384,46.34602389187799,64.04885356274671,65.23447704425577,46,58,0.7931034482758621,1985.9801249606255,15,77.739942081704,8,6.397101906491583,61.138137494993586,58.533221481745095,54.8491931510909,45.26028009234165,64.37387213882141,58.06369075515066
83.28793718972116,76.75869643421083,78.59722540486493,75.64631902219301,85.03574312904102,361,422,0.8554502369668247,543.8618782636169,12,95.95132524335838,15,33.84539800571425,94.5143901677672,85.33537989839475,75.45607590726547,83.31821208385033,91.6515972375102,84.76784232701367
51.68247387681197,65.33723819204533,56.160373234379094,71.70288933058701,73.35682834689666,96,150,0.64,1806.5755403677276,10,64.71939908018997,10,9.305648421698647,81.09431185873186,53.139091694446364,56.780553605959874,39.07787669720845,59.08486759308356,62.29756607722866
54.061773410594306,70.74553230850623,71.12518607601721,50.49972497362226,56.39313052183291,144,185,0.7783783783783784,1736.8144738032756,16,69.25196035387127,14,10.509622214187242,84.00267597921405,58.804652723368406,56.15580220312168,37.99550717002116,60.952517219776226,59.63800667669511
29.43287292349443,41.83246667960371,48.27587735795392,32.51331024396827,43.816658864212386,39,88,0.4431818181818182,1876.038291075819,7,37.98999779504118,3,3.35421656678363,52.64271234403954,18.925405027761144,15.040785588859034,8.186253024543682,34.78448465427575,40.85860793213439
75.44235571753006,69.25539819781233,71.84002872942041,50.290665032134164,79.14757479664527,118,169,0.6982248520710059,1483.4746524006587,32,64.1066452037214,6,9.320510275040474,73.1977299457892,51.82597082215619,57.71237168633236,41.61333961645243,60.60389022797543,67.39747754994497
67.8800366557577,62.69266253367975,49.103243643640006,71.12373683915257,66.87972280617538,68,92,0.7391304347826086,1623.7131666267487,21,61.47530755699156,5,9.105852987689389,69.64803576132975,62.523224241235795,35.247082194386536,38.45223804075977,57.56614280479522,59.547882263065155
63.232745087580504,64.39747947282997,72.10630777605641,72.77484502324354,57.302559428546125,73,100,0.73,1120.6289884055802,23,55.60610623547905,4,12.980155187044524,69.11149619849108,48.99743400734845,45.102904538654,43.88278893217644,50.73960459095034,60.86318237965593
96.78308534349594,82.9027275749414,76.41553129609683,78.26070673863182,94.15170174069904,277,341,0.8123167155425219,314.4556784829055,34,75.2626136194437,42,34.31591352369931,88.75322656296407,75.87433512489882,82.62177525108454,80.42820355038963,83.66075790194618,89.2681689587809
42.025240490098525,36.06953388949241,39.202157734614644,28.037285707120716,58.402179650233336,11,22,0.5,2064.202777869717,19,47.38738837371304,0,5.750117098387943,58.55253765533507,39.062693362160296,17.562221713820662,9.790360513696825,47.4656052416556,37.00101965015709
70.08638501437932,71.29832911643665,70.22534817397808,69.65063180123673,55.34469261361377,54,66,0.8181818181818182,1976.7846877273985,5,59.53026637105566,4,13.810810055538921,73.51244144891928,53.03346101491189,48.69167225037214,35.456941490797234,50.629328242640256,68.70234903219665
77.04735604344636,50.85432809540659,46.02049646538097,60.68008347445107,69.44238969225387,116,159,0.7295597484276729,1674.4739832736768,30,62.17072811057077,7,6.09353933354973,70.12294283422014,65.11556103851011,46.68925904033242,51.0503879929627,58.54703305140288,59.33801786440477
69.44533442366658,69.60663593224584,72.04254709138038,52.657427882792945,77.32537333781531,146,214,0.6822429906542056,2031.5528124069683,56,55.19557226004195,13,9.919085146648673,70.50086766658205,67.96433699711524,43.99352173756308,53.42459287089906,61.48573295981328,64.73243005621644
60.04758835208227,61.550731383253066,53.41674351518519,74.6614142955107,77.64600730355761,147,216,0.6805555555555556,1219.4481750021514,10,67.31413332355407,13,11.046247722022537,76.71657724529219,58.85536788297207,43.782848020546396,52.272932014122574,52.03480145044895,63.83536003917584
55.88329521450604,53.52270180956421,72.61339871687358,60.67859812774946,69.67463707516974,125,173,0.7225433526011561,1449.7902880230447,41,70.78240451114584,3,14.2036031391386,71.41542583499306,63.05459798398152,37.01290881646333,46.08661360316209,73.03797980843552,63.19128288788133
75.52002064746962,53.31968825883233,51.15841069859102,59.1055983431626,71.25390551846235,99,141,0.7021276595744681,1025.4951150767747,37,61.84755650534589,5,12.606479395780257,64.54701745378968,49.239650020517836,56.570000853218176,42.453710930864176,56.14843035632123,63.214067421495066
84.04291999497808,80.08187254177349,73.60600624948381,80.37159208665933,95.49913285663494,298,328,0.9085365853658537,595.9216241206083,43,82.92363554806346,29,16.963497774372946,83.17274373299198,77.8170666256948,67.64789224071934,60.46616466036957,90.11604243336693,82.1798406965876
76.36482908604648,72.634414127755,71.52335861701253,52.44986855074283,70.85743526300826,74,93,0.7956989247311828,1514.0144457434171,11,55.40239759218189,8,8.826411550655715,75.33215984582824,65.3437073891887,35.65711930844018,41.26552619825689,68.96388071166977,68.95765210826907
68.51750063488032,64.56332571656185,70.81051004425669,53.506704040885715,65.74849369462797,71,98,0.7244897959183674,1027.5423245330242,16,75.66028049753292,3,13.103847939506341,77.35388432813896,66.62977032874862,55.07121057424321,46.180943024659804,71.18355814420923,62.786195782353815
61.076181611491464,59.29858914454345,48.08735227868475,50.19521000450954,56.37877810347367,101,130,0.7769230769230769,1293.257327612423,38,58.58654270054735,9,7.912293282312643,80.18778990762873,57.03657294093462,51.37120155972819,34.73183750419689,63.33769156291217,56.46712034501336
85.39006033085516,95.18597770553912,67.51537154013442,81.94094051907554,87.54334429625794,430,475,0.9052631578947369,791.4889272029618,28,86.63883421523205,52,19.31802981870017,85.33406861274429,94.17462545070094,69.00185263716827,79.68314593643488,94.60412398708037,87.35383833932708
57.13324626559567,54.148039130929824,55.80196480652185,60.51344225172191,57.47165846140037,134,174,0.7701149425287356,2029.189381793158,38,65.21531665106275,2,10.472460421002872,73.58218689283719,69.39630198358972,44.17656139277378,35.19210238493994,72.79479850916505,58.934839248293315
65.26023564027034,51.71691699917055,58.31750094139619,62.105326643994765,75.79100100423327,148,202,0.7326732673267327,2037.1102521311989,16,74.82079831515516,14,7.672950820765045,66.9386664824506,58.05958263566838,45.76902895904338,46.20289610711738,59.107268866839476,65.42053659723167
56.1075851108828,60.417655592541756,64.49469732934477,61.449082901248595,69.17431109916978,152,188,0.8085106382978723,1214.3589305050186,7,66.49611650833563,13,5.915331822540359,76.67732900708624,68.28878712210937,36.1238739000339,45.41045239794589,59.4791142445728,69.14726197603179
87.60733966274451,74.54082683330456,73.87796088309848,88.2764894970545,97.3754490253472,434,525,0.8266666666666667,832.8151585101566,23,83.3433328091805,55,14.067167589931696,92.01824011318172,78.52396428588895,87.93170166444202,70.1647634339868,73.58203646756603,82.20969687734144
75.30488157705037,72.21352257540397,65.9469896943939,73.15472303598625,75.28632576034227,89,114,0.7807017543859649,1390.8899177542985,25,60.0093796476777,4,10.596150057650762,77.12341870603274,69.09437955518071,58.27109174207986,44.25317437072286,68.35375141140887,72.93793841978753
21.694510929885418,32.13723416857016,20.707005832419803,46.07353966890231,40.51412401922924,7,11,0.6363636363636364,3257.181151047408,5,44.27512218417715,0,3.609225086320519,51.9560018286935,39.16284735476579,20.798578589713607,16.493046099445742,43.123684561396715,28.228708794098697
54.53065086536158,65.77235876821024,74.25305206256573,65.29784729521731,59.28410913238715,117,146,0.8013698630136986,2048.382356465522,16,58.43531329089992,9,14.126176982038638,73.30044547779849,52.21650151462011,38.18554569893966,37.39861663095826,58.87210507317145,60.69521696957562
59.705911442356815,64.89841910573455,59.4626803357344,68.46427596587235,79.03019753057148,146,212,0.6886792452830188,2035.6441255324796,34,64.53296473037409,4,8.921106691353573,61.74383713300848,50.05356515608463,54.85009348012231,52.398267452011424,57.07054528820942,65.37573947228026
49.486291974178826,13.28252205671105,49.807397358400166,38.98019324879988,44.09854405833079,44,95,0.4631578947368421,2867.786713324333,12,32.580554183829065,0,1.7170799906050607,37.580185842638315,16.021397556837996,27.685557342267764,25.499171110309522,40.170880948383925,38.8033313306978
53.37021332984643,72.29823160177106,70.39323625450047,67.7069206414309,75.44719355321874,97,146,0.6643835616438356,1296.6749261386476,26,63.174856201682836,6,12.700856496204832,84.27998919790222,69.89935146286625,41.018613674284474,52.51124965434183,52.36288753375173,62.8913788184318
20.802565601568727,28.888527980083005,29.305591316991972,36.979004714856444,44.00130908355678,26,69,0.37681159420289856,3016.2734967539145,34,49.635402111051945,3,4.046093448013428,48.3643341318509,22.97299492848914,34.007493015582824,21.328034589572287,43.819517437117256,31.66394021788222
65.04597933364084,66.3033267571864,46.68628673598666,65.79340442058528,74.11624028975893,46,60,0.7666666666666667,1081.8403040103442,16,56.73870512871683,14,7.63521442483732,65.77407510751561,54.97951912472227,49.82979393894865,43.63294182373282,56.118361930874514,60.8392141733942
53.13908431727575,66.29211577576564,74.7821191342646,68.4190148683025,55.417777343443156,110,165,0.6666666666666666,1702.0595389195628,14,65.05625852820646,5,7.2336033273424025,83.55501653691367,62.41666169159154,40.921000921735235,38.05804580675682,73.04819176575924,66.66675483167907
60.173319118834435,47.54265940340184,58.942209285367426,71.07261396534483,61.755119082603294,111,140,0.7928571428571428,2364.623436410743,45,76.05736019840035,5,6.431563116640719,68.22531534459831,56.05069021076059,39.805800113176595,41.24898940921524,53.92907057479375,60.648543826680196
60.34746777883899,55.929682715927996,48.66888799078592,52.45315133367069,64.62225337422954,73,102,0.7156862745098039,2382.618353759292,15,65.83343493042969,5,14.566620807447695,74.7174488403598,46.625961493029834,47.32226422920496,54.81878183129878,59.68506801485658,54.51950882126966
90.12388719389453,78.08415218019641,87.27044151717527,91.30236768960737,91.06960832614038,215,241,0.8921161825726142,1005.4126060368575,21,94.50509919600775,21,29.15187700281834,84.04961120330475,93.9518370029845,74.19851878255211,68.17329040845198,73.72220125831112,89.93595708340067
71.3370769748941,60.73556827967428,45.39488314295693,68.40593991787794,73.30543900132153,57,89,0.6404494382022472,1704.8655266751512,17,65.52823544979059,13,5.403359875327522,66.48070487667827,52.72835730634135,52.192013529497544,44.22826256781103,59.364490173374634,60.36485105614196
97.78223381692781,90.84543283798978,87.44830460763126,90.8812125176551,97.44061172693736,370,438,0.8447488584474886,1047.8302417396653,12,92.08280677744408,18,20.579163297206897,82.97576567698306,83.95961193925555,87.93372253766873,69.78699325835039,91.1237594318151,91.31662385656482
50.72523660941124,59.43771995572662,51.755895846757404,60.33435739687548,76.41066222146611,159,197,0.8071065989847716,2095.6489606010177,28,75.77384164468076,4,8.9135133870058,72.18790112086869,48.66176900195792,56.692723694571924,37.1037411222511,69.575213498454,63.995618245961644
71.33165464594458,54.92935275714158,60.09186549758955,59.608230544092535,58.40558185414912,54,64,0.84375,2072.5218119394294,2,77.65279773010299,8,9.161398150084874,72.57610290911407,62.45421027739956,46.68127120360052,34.774244741679894,63.01434843287073,59.016731442955916
69.28956449556682,63.637196784281066,58.2312456676958,56.008023882315136,65.76739842113167,56,73,0.7671232876712328,1178.726185948192,18,75.40273293780831,3,5.1872615265986335,83.5737498680002,53.23475229543172,45.10409553832483,52.695115286184866,63.16496075417033,60.18078453132636
73.29537416496744,47.71809048016074,55.62509035560771,73.80060692923932,72.47664781928141,150,208,0.7211538461538461,1563.3004217658572,55,59.67377464498992,14,5.811024410139786,79.13791697675592,54.78904008519787,52.76733864372209,44.489233989360166,67.82950162889627,60.58119394503262
67.06299605863225,68.48427708158415,69.49238864275694,51.151828296379314,72.7283013889397,137,197,0.6954314720812182,1739.1221401778052,22,72.24278162699196,13,14.731532931452527,64.53070722959426,67.37827424538656,48.92023605279376,53.398344281133184,54.40214896041903,67.16808597302945
69.61841920885992,45.68764719448911,70.86915709730012,53.94090089582451,67.85678738606379,123,188,0.6542553191489362,951.7407433028908,35,65.75972881216235,14,14.493363085249241,60.280522249436565,50.03600324805916,59.84425105860907,42.320626897487145,64.32165009917131,60.35763235297482
61.49391412744091,47.340560970022096,71.77111111952587,56.16085701984139,56.59894742047849,82,126,0.6507936507936508,1509.9525834345786,6,71.45537216392985,10,9.544035588198637,74.77387664851184,58.3478074634735,58.47989654086254,48.13764212729403,73.13357026925283,60.189364301663126
65.11750424058017,66.30760751522148,54.57396729951182,53.43733386325081,55.44050006824285,127,197,0.6446700507614214,1548.846748902647,39,62.335291454933454,9,6.0544863875129415,61.29502583539525,66.98532937388595,52.52273454886723,40.55171595343532,68.80859932522102,62.9229570589774
24.568810113680506,20.045468057548632,47.88104270006994,39.72906868600549,33.42922661653069,12,31,0.3870967741935484,1801.6357799559253,17,29.538153322301007,0,5.353210187074822,33.27540536652445,16.227975041295387,34.26162302857194,8.36862159134144,44.8671166162667,28.96589769590489
63.15015397927538,47.2981084894113,66.17720007979975,59.84158535139102,61.8166997567036,98,123,0.7967479674796748,2382.9157572292834,40,58.84269409609596,11,7.276866259295984,75.55494115700333,45.30343645788001,47.21609742746896,46.105137046017305,72.95479433074335,61.35615173988326
89.41162775514384,94.08594777498226,65.57348283289292,84.53686936635634,92.3789967637501,320,391,0.8184143222506394,774.5035627558202,20,83.2504570845913,11,19.668368409659543,94.66102379719987,83.21445274305492,84.8348503576337,84.76365081925334,75.01627543509403,80.36881743917537
21.838272630309156,20.4994250340799,31.226329835907364,25.91645611878998,59.962906963335385,33,87,0.3793103448275862,2373.4228746887666,10,36.74818919573739,2,2.65439316746267,48.31579979741754,26.311001401329253,24.507220591117044,25.44316681274177,34.26773219382538,26.784379345742646
63.93406954929756,53.2461428427646,65.32839526627833,50.960827435811744,69.20569539166654,61,95,0.6421052631578947,1429.7316034238067,14,67.70215830635615,14,9.845384811256466,65.61421548191879,58.4319461637112,58.60672177226801,40.24777470421179,66.99102387499182,61.782159774968406
55.65426853437224,70.77517084709801,65.33281483088014,63.651151833952895,65.02346839990898,54,66,0.8181818181818182,1582.365217301764,16,74.09319475236303,7,8.83581252543258,60.392914575482195,56.445881563951716,35.633441323699174,44.25873570021903,62.66958453955785,62.213527808845335
29.878569175779614,44.30100425762093,34.16888527758337,32.538162604666894,49.187838311197105,10,23,0.43478260869565216,3520.019835305581,18,50.25223265414971,0,1.0768866717350758,55.26711244723414,12.760520833152672,12.369058624443285,27.0709844529727,31.46028879872813,36.10648854648633
86.51332430090912,86.7888511271274,80.3171122618551,77.3990588346194,85.61715280373637,224,273,0.8205128205128205,423.5700294440132,25,76.93787368061334,48,29.291978357003668,96.23892469275766,93.64374255564826,72.82298870072057,81.46266136378887,73.29217258590518,85.95794457675562
90.15027883652016,82.95308862778161,81.66090652812893,89.38403556544527,84.11218534396338,208,245,0.8489795918367347,479.5882058362306,2,80.07290587321343,24,17.926706435757914,89.25245913478632,91.70681263520952,83.1792267441577,78.56766302999952,80.63733336120188,85.05603786256303
95.71748373636684,94.1801398225679,76.50702173021877,84.8347588603798,96.1322524846304,253,265,0.9547169811320755,588.0536077652242,29,86.07655022504534,28,31.753356418527986,92.5774628882661,89.07119755866198,84.13176310292393,68.90653621982398,76.85207989102489,91.74349098509593
19.69987218979407,26.41717006986303,43.009508846663856,24.444112864261612,57.98782600622825,19,39,0.48717948717948717,2167.3650217331897,28,50.66689579526515,2,2.9003401310888894,46.27180950750214,19.462693984964716,19.20041904178376,5.708339015564505,42.00619356349167,31.22201089930077
50.03738570013292,20.30502236142731,39.97953465855609,21.05254369173296,30.030210041613863,39,86,0.45348837209302323,2966.262963406918,28,25.1863493968511,2,2.556182579728092,53.351483938086915,17.71971396309853,13.268980008397993,10.475564961556506,39.01124153615977,33.672789227885865
93.42677354502865,79.80664858639034,92.10008019568116,76.39381393460239,81.04791521735612,425,464,0.915948275862069,562.6804593327597,10,92.3663895407722,13,32.94918722076434,92.30695681257149,80.29866371530659,88.36026986428037,61.21160581189556,75.25690444754653,90.9320170915576
65.87700557013005,54.77642060599004,57.32893549201302,57.943587619052046,69.54819762451804,135,193,0.6994818652849741,2368.896897049827,36,76.56565031728135,4,7.533339206409648,67.00724877450976,67.1291383063984,37.00645299964508,45.136190149180315,71.51138540239968,63.86963550636934
49.41207919977482,20.315612836544354,30.068744535375657,26.99904661223698,30.090238816821643,37,72,0.5138888888888888,2953.1202097040427,11,26.230323203529416,2,4.652407092261573,39.59323389375281,23.524000966652814,13.009447780236709,11.432353440552617,34.58646167836602,31.78668530454365
43.66992100649779,17.95091205151231,26.954921185094346,21.49438514227899,35.635371338459834,15,31,0.4838709677419355,2557.1305564768318,8,36.44014348951964,3,1.947145122977286,48.41832549228197,20.096637624078657,28.35026837847821,18.930111254657938,35.519521551466966,27.68769643963196
76.21959273368564,76.31804976734843,88.86385763664401,75.99249255487051,95.39159595030866,159,175,0.9085714285714286,1075.8756772562083,20,75.44272616852456,57,15.00047964068206,99.51209937178224,91.7080990912592,87.33090368024867,82.15940961560987,83.5421706008432,82.51610802002334
63.76696420143688,70.69447349634459,50.80273533128078,56.047116199569686,56.56927891247979,49,77,0.6363636363636364,1836.5891464437636,7,61.58260913249463,10,10.381056585592319,65.8722541492955,52.52913842503148,41.12830412086284,46.25430783931277,63.83822405290334,59.25101980135852
60.91058722713312,47.95195476167483,54.22391858972345,72.45217481502462,69.65094868575473,154,234,0.6581196581196581,2077.6020859804967,14,63.28043823045838,7,14.847446628317465,84.7221892897022,60.060684798854695,52.73168011802836,53.78209490713273,61.24819653103026,59.597270753947
71.58040122858384,48.31004321475609,45.824555844881125,56.84238789915872,61.73364697652761,114,172,0.6627906976744186,1071.6968489618162,18,76.218483683615,12,11.884213462431658,65.6689561736103,45.87963356854047,36.49093865200226,39.338052591989054,51.939711292234115,63.018260676829634
64.4166377592233,47.54155490640256,63.49731537001132,56.03976102134718,73.12145114423426,141,172,0.8197674418604651,1563.658783768215,45,57.91034831863283,13,8.657612593927375,82.97673039491272,59.44748461589586,53.18755014062542,51.989258438088825,72.65145619311743,65.11883273349731
84.1347681475939,72.7265983298445,87.12215618281458,78.64567756951917,90.15137165633905,422,460,0.9173913043478261,594.7476169601232,43,80.36397746564543,22,25.65262643174312,93.58204638288979,89.72928096518345,77.46105497322642,62.173007202185595,83.4276635454637,85.5419698324552
36.50042261762554,37.44336017047506,24.62458203775853,31.001595189714536,31.883941222594007,21,51,0.4117647058823529,2219.4666118063765,24,34.424005507762146,2,1.6648245532323172,56.48824287119088,31.4268173725457,25.90919388179433,19.67118994062418,23.672178015560885,30.62463721759685
26.661750866235472,35.02600999371447,36.3615353915108,49.58199975019717,56.67169250864622,8,13,0.6153846153846154,3223.4658559518657,15,51.467314017068375,1,5.431814767021007,46.1647308133239,31.2968828759507,18.201635690906357,19.032237261747788,40.339611216569836,36.55547056928281
57.251500968095066,71.26729100003143,60.45413020383302,68.23129932821037,55.89277372570358,137,216,0.6342592592592593,1101.9883899362778,2,57.76440545324739,10,14.628366332428062,75.67329577324644,64.61510313361171,56.93954431333418,47.864586780261504,63.105916414079005,62.067122002225155
70.98895922430592,48.61758648354705,60.49683979455694,61.10609802005805,62.778789456759505,71,109,0.6513761467889908,1227.6027745786785,3,61.32420842556617,8,14.81668292637757,74.18360483784939,67.21004787094449,40.795401242868834,32.775967614746286,62.495423435210355,60.59561287157908
54.12917693682513,47.36566687133909,71.90637885426563,72.7859576985441,78.4340668068761,60,88,0.6818181818181818,2286.9670688736214,19,58.00909985719171,13,6.248514784332844,72.3447192564102,56.425632012023485,35.20297017592487,41.08143353398336,59.22574390956495,60.78030707183893
21.359846731619427,42.83738368172259,35.810874910624506,41.17510321300137,41.19187578699194,8,23,0.34782608695652173,2393.4654665426488,12,26.278783196025834,3,1.6086994263016665,53.50920333777089,35.323246299614965,26.707792383735388,8.954895938611877,26.73646303799108,31.890433186943742
51.02715215104718,57.8796012856253,67.63414425006711,64.57750711576999,78.39678229911145,119,181,0.6574585635359116,2158.6824046592474,7,76.71791191184998,5,11.942747464358629,62.795009280848426,59.132223998849554,41.21729523677838,40.79292212566528,65.85126270766798,63.87081076672713
73.65832117652569,72.72650286730638,60.15766170752731,56.1836167785836,65.03370010596295,106,152,0.6973684210526315,1903.3501584279265,33,67.31376197378741,7,8.465779878757793,80.89810182569533,63.96114892499661,43.031379335347815,32.57547986105515,51.79518863613673,66.64335725239891
92.73817075167929,75.93060982546201,92.66669954464581,86.85136365529654,86.83863723731626,347,406,0.854679802955665,803.9014786612069,24,92.42077737758648,10,16.057473939841383,96.25465808609358,83.54400799852539,68.27699654261758,79.15392753956945,93.31109945943376,87.9264210046944
56.642169349610676,53.104669176938046,47.82603204006452,64.81465893577757,64.87963769094664,121,164,0.7378048780487805,1230.0598857819318,24,69.23744529470738,5,9.654166904260741,82.35752345268199,64.33747585814497,40.673596919083295,51.971371312490085,51.68282433553857,56.576281278154056
72.44318361615805,50.90674342623716,47.14548945280898,51.14276215179869,55.96708152245001,61,90,0.6777777777777778,1147.0123807755313,19,64.79938965638324,11,8.528432814279629,81.26140612464326,62.742568832501334,41.78815310079146,42.54221655783775,53.90678022060658,56.46694342404112
53.86634238485625,48.968511240288166,48.42344271560336,56.01280106013842,62.66671575782791,45,68,0.6617647058823529,1587.3702629014376,7,66.32189734671572,5,14.825924720105878,80.19226550032928,62.74574480705162,51.92899894805802,44.67564704834406,68.0167580812283,52.01012612810813
78.33754691607692,82.7940328499268,76.81832794071754,87.22634774106163,80.80058939845688,413,440,0.9386363636363636,890.8243657771484,5,95.17456270853747,48,16.01809149514697,90.30994951953981,76.53732259319048,83.06618005152671,68.03377750474303,88.11522983970792,85.29783470017972
97.00213628491953,71.79290842526694,66.71164163453763,80.643741493864,84.71070230724631,312,344,0.9069767441860465,1008.4139423414437,9,81.25484370095852,40,22.34401637636242,95.53421113910362,71.63415393910964,77.1892798418346,60.84034000458207,71.56633008638386,77.46049730581812
82.37637979463877,95.0618163139029,84.24739043730183,75.46865910734776,87.74316635199764,209,251,0.8326693227091634,1193.3379467234943,0,88.1171876800096,35,14.404945889349854,97.62008169629416,83.18739861395653,85.6209289848935,81.41530840562315,93.19186353748798,85.6887282492912
62.7445709710927,67.41806964550302,72.49611841806075,58.4291253214223,66.1110358544249,101,155,0.6516129032258065,2369.945518082153,39,75.80359524801581,13,7.434309250098028,68.11987663529834,53.82396818648348,57.81846183577649,54.97334342761348,69.350107553886,66.81407171766641
50.679047035120206,25.27109047602079,24.378148780495124,46.54519242499004,53.851762203861156,11,19,0.5789473684210527,3279.4290422104573,18,42.892019114885834,0,2.371615227802531,39.00442861006588,12.525195658139321,33.28789970270119,14.546669504906347,24.54244060188099,37.76034575941184
77.19731221819737,86.2203424415909,78.55303036211687,86.73216926350948,83.02425573940754,257,314,0.8184713375796179,495.0658200816981,16,79.10425720023876,46,26.76534451019512,92.14188072177562,83.66743531785175,70.79867740289939,69.77264989763786,84.86190837965432,80.89263981814459
45.34005703530862,32.38635398132144,45.82360413596037,36.957423528904954,40.732439791255686,16,37,0.43243243243243246,3256.9913209071838,15,29.584792637660776,0,4.947843130776887,49.427762076716,34.63930917561285,34.41691317482377,11.284850285502516,25.44017530972948,39.30309085224728
73.06051507677765,55.74724950110952,47.97058268685475,68.95190993230183,69.91115622247112,62,79,0.7848101265822784,1434.1345106321205,14,74.8375239405411,4,14.067423725725538,84.94125845938683,49.10286098989476,36.36306397195699,38.24327767865531,61.541479519035384,64.31579295829413
60.432146940824815,49.216796903090064,61.04561302636394,59.67531008196557,73.36291935684423,104,125,0.832,1753.7075605596601,27,61.829932066370674,7,5.304260282027111,81.19222985911614,53.16025215086064,52.02727599324618,53.68968499441769,64.12475745205329,56.165879405130646
82.79768519412012,79.07944893992918,86.77867036610718,92.94220519905154,95.96755563677212,269,330,0.8151515151515152,1065.8356038907614,7,93.0628349756207,49,25.947868372170568,80.1839410323326,72.5367885716508,81.5875442277014,60.12653959615547,74.02020128543747,88.94012722608358
91.26741497383034,76.55649481488378,78.40179406107922,77.46899731620711,83.7076406457853,215,226,0.9513274336283186,622.1650750794881,12,90.25614631859204,57,24.665190562440976,83.06289000167912,88.20291093340416,80.00628525248958,78.28126473368438,89.24366557142719,84.02532209869536
65.65218309160493,64.91139757560582,46.87302852084032,71.7783030270542,59.62852212605089,62,91,0.6813186813186813,2323.6680805916085,19,66.48609878093451,13,13.599387467334852,69.51160557885733,69.12149796921426,41.624819780513526,37.89034065053052,73.00821441567597,62.13563338853162
69.30154421093395,56.78820383452201,66.050247509543,50.413068244663165,58.65386705685534,141,205,0.6878048780487804,1446.292051937826,19,76.52999492599271,4,11.315781094790864,69.95373209835826,48.008166434938374,42.343670040639026,54.458505819914585,60.93407657129444,63.14163991581534
59.88767943830947,70.73567957444024,45.8195853492523,50.08119820653772,62.03148226312825,70,94,0.7446808510638298,2141.7607439916055,5,67.72444803621133,11,14.56791372923081,60.19191295192053,47.2074436966879,51.85847053068771,39.75499649241515,70.47812754356866,57.40152299773723
25.11667493891371,10.303311377054513,49.11707834472911,44.72939849428833,48.46678754055987,8,15,0.5333333333333333,2712.8710350195424,11,36.58203050081124,2,2.542404781975896,37.82584569573002,17.300600331677586,10.759893243961827,28.94786504174042,36.668289645790075,33.072936459125835
15.528210441709916,44.30756337054045,40.5667081796808,27.88538686283764,56.625448399098474,27,77,0.35064935064935066,3261.767724264231,26,40.16535006285519,0,1.7363421208260594,44.10503039311799,19.029929430509995,20.799265862497908,21.556171838268906,24.176230620849157,31.189583345459603
22.698838013167133,14.779849386765822,20.71656855287751,22.437692509360755,37.6874002337987,17,29,0.5862068965517241,2742.111676493844,25,27.377475593241563,1,2.3299056472834376,40.43696435201083,31.690017038749758,23.658452399149876,7.364165661324333,41.228319538911734,24.104526104115365
52.39270836418536,49.64885539571606,52.42245404913615,74.57233503710965,74.9265939250978,89,130,0.6846153846153846,1987.6396666043472,29,55.84714730483932,9,8.153153268542741,60.893227552036215,51.99095234315845,43.876149179843594,30.92247098621834,72.0651203904724,56.45926087921263
37.27709767427591,40.45199603994772,33.58035832278448,25.188561937640845,35.64029848278164,37,97,0.38144329896907214,2819.0804072501637,31,31.300260138637288,1,1.391818648972682,36.22179148016547,22.2610387362653,22.882914501498576,13.82377655678602,36.05845717775166,30.913095159038612
74.08185698027077,70.97809352029273,54.60983781817576,63.69280598237318,70.16655071038048,105,144,0.7291666666666666,2003.3299834249572,2,70.46774133000085,11,10.427232987049766,81.28110958408962,53.34998549875037,38.55643112427038,37.04704578081723,72.47807074520969,68.33101298190955
76.2215309444781,73.7925631320107,74.06904390965988,65.64104070506305,64.61779124663092,111,152,0.7302631578947368,2062.2747698011485,23,75.46533285362496,2,5.873273725584691,83.15203366967297,56.390063437541556,44.083344547906606,45.739184879219295,66.84594902917442,73.23185544267541
60.982949077152895,53.05894654857428,74.53248102543199,71.35491112013898,78.25563256737756,87,136,0.6397058823529411,1039.8673788320375,3,59.78584360892388,5,10.46649550303397,82.99916307159106,69.79495175114415,42.18249500091912,47.43286350741823,64.92745039025945,65.1240950915541
88.42874014808436,79.65804682269626,78.46735167778371,85.74338643208057,83.6636394046725,293,363,0.8071625344352618,736.6187169429013,18,84.4781530215484,17,34.10348152259991,80.2615306834923,74.29252091375773,81.3441125773309,60.636817293377675,71.59022490441252,84.62062744942018
77.37451317450444,72.58307628086528,49.895022682873424,63.96964567288311,68.88793564827446,52,72,0.7222222222222222,2190.4096177923184,16,69.42580489420244,9,10.273312047309595,79.49351929468797,51.16817007921366,44.83398866207871,53.769201857009975,69.03701844300774,63.19129678477027
78.30915157396494,70.22409406738629,65.59918797734085,86.73203474809121,88.19710829446294,319,382,0.8350785340314136,971.7778470088641,32,85.18195514525102,28,18.191364007886023,99.6451212187323,79.57257535093115,69.44710146836249,68.79300278364131,81.00450821742983,77.78494797840132
86.78940041748415,81.92510694680163,84.26958952927232,88.59621783202661,90.0571299834417,421,450,0.9355555555555556,1156.588964528094,44,97.4873946949865,22,24.94469005193349,80.94649060272843,71.03069534997651,71.26995837779907,77.24254105911558,91.30369369500029,89.551379948888
56.26338001329778,64.1746603695087,74.17467265558653,73.66264988493644,60.77757561609995,154,220,0.7,1084.9446995568717,47,70.23175164175495,10,9.185655981373586,81.58466411973406,51.410717366292694,49.273053795009325,51.09630145504934,73.01721102924239,70.512170499012
52.95727726732861,66.96720750617668,54.63059431652699,56.63310175161668,71.30798003883878,151,237,0.6371308016877637,2320.8047238158524,49,61.238094968834716,10,13.581783863106292,72.44095529594229,59.87325593502063,56.01501556260363,30.739571113630937,59.07356480439114,60.39310308352576
29.148232507644494,11.027486368788866,25.895085862191166,26.167344667050884,32.47009442536231,34,79,0.43037974683544306,3058.341533035198,7,36.602530900275454,3,1.6024174261879744,46.86843922398279,31.2977496993044,31.869049874317152,12.539342694796025,40.92746493459383,22.401537473566453
50.518206495811235,67.45604928619716,55.06672200126004,59.70700577135653,58.968553224434714,130,193,0.6735751295336787,2158.4563971274843,31,57.67753906904867,4,5.662623405944334,76.10909683374753,66.23296829700118,58.828321482687805,49.17927526291297,54.99125028765181,59.37233838233267
75.56916775442718,68.06004301174912,74.51430767585133,61.91138558063306,57.108240245979474,134,161,0.8322981366459627,2064.144020758573,3,72.50792638498768,14,10.091345115695916,77.70943947899431,66.46421339852347,53.59758579949246,30.38381967151296,67.09828314798392,74.86126787832345
29.88466621806601,20.930499897851334,27.912825369766484,48.59518451072746,37.153623487963486,43,105,0.4095238095238095,1927.8680894626923,31,46.445442235802204,1,5.881873846789938,40.03226095751144,28.899263875473228,34.722650829989846,11.600626472489921,24.666676650764217,36.758647670772845
78.52849629494902,79.53033087185989,76.20059483095496,78.0282088787217,94.37216309092143,276,312,0.8846153846153846,1028.4325899932512,38,77.43351557169983,23,16.058114720818057,99.11806344776365,71.76013406006285,73.87328002420041,72.57947917628361,82.33202068346401,80.85391459837913
31.154754500180115,28.92844677416643,49.72156230120419,22.066742021575497,50.9018488330671,42,115,0.3652173913043478,2474.647945784457,14,47.60554022766327,2,1.0333377257563516,42.43035118918317,17.91149208638729,31.243413830540415,12.178145828074314,35.22767326018534,35.20389350913116
54.23280755190511,72.44195204336415,68.10271144214322,50.132562773321155,73.43434083848965,120,157,0.7643312101910829,1745.9126544667304,39,68.33783658049404,4,8.551661913907084,66.98327546325851,61.869076034785465,54.46354537715294,51.84892806868362,53.8832491829547,61.85123180318265
71.85748726458365,63.355544505951855,60.41549230560649,64.79829710556508,57.404992345057416,58,88,0.6590909090909091,2031.2219771196635,4,66.94267358560239,11,6.84530344157765,60.5450419287791,51.38766709295528,44.179288493880776,53.651674648699796,62.284315846181315,60.65807983919052
78.08064804620001,94.5385111194069,89.12608721893343,78.6130980418234,87.31822054229883,427,513,0.8323586744639376,893.8224312602849,39,80.16719610241664,27,21.128423499173138,85.25848495264295,79.387465550518,77.44391409017241,68.57788791042523,76.04764431479394,84.82246647464653
73.83089648702408,65.3497861389379,52.51685269703942,73.84584929687395,66.2704852864669,117,145,0.8068965517241379,1871.2784809485688,27,61.11197579781062,9,12.403645721560945,79.9831291814655,63.135390769661285,40.056521942100325,47.244386399901735,50.26807007235963,64.48701491208756
35.64056174700945,45.302362920270724,36.98927913696889,24.94322170864344,59.91356991593521,30,59,0.5084745762711864,2706.0770382052287,32,25.911195033568706,3,2.605366000118644,51.12122962315962,29.642026268971424,19.925025819351443,11.900802569764913,37.194922494968374,36.99678323002745
67.02176163701664,56.47331115162481,74.62369850880232,67.62553148742147,62.275169859479114,72,98,0.7346938775510204,1983.8311449242344,23,77.15804770250654,11,10.516795637526394,75.04411105276174,69.96619712335551,40.02960355416629,43.080450499182305,58.65463269284097,69.41622415817609
65.1086503045808,67.7246451624691,45.21213049014012,62.41667049900413,73.43633679045288,41,49,0.8367346938775511,1905.610232267204,9,64.6386550367448,11,13.448263812292032,71.0738796753982,50.024392213706065,49.814614398884494,42.982081614613286,60.272708168571455,60.76318953778059
69.92216316658947,56.32924148928934,73.83893922398828,58.14121216265845,79.58809304369908,109,164,0.6646341463414634,1388.4697382811798,17,63.93466378005292,10,6.35650105937208,65.06247624010237,52.78151655373908,49.754168445317696,38.30947349694052,68.67635205223318,67.50980977090069
63.35510095068645,55.68680662468127,59.73115409514368,73.04666088787565,67.01328357896021,128,159,0.8050314465408805,2322.874709449502,5,73.76627479350546,7,7.4976901285931525,71.62721657286363,59.092555485454795,59.996785956853344,46.10445225423443,67.35662325156534,59.73743361528032
36.192428125693866,19.317620745270286,28.77197940871627,49.41969117889579,48.46842875412593,21,47,0.44680851063829785,1977.390130279218,27,37.158116309204935,1,3.5600201822015825,40.77459573910323,26.983418575340934,11.816898735929307,28.599779285788657,28.223927257958213,36.85177651626454
63.49865628250574,70.08404606336222,59.972499031935754,66.31248451522927,71.4193760414993,100,127,0.7874015748031497,1338.5211363227272,18,62.86997860179732,12,9.242372452952734,72.31056723496486,66.40883372033773,48.07980634021732,39.061496215364016,56.19340410087789,65.64499969853507
67.19081427190432,45.24601124420165,66.57968457933426,63.96816356974787,67.11756896692313,95,149,0.6375838926174496,1088.5357703468098,39,57.5003700033706,5,8.417200424485266,64.63457248886822,49.45820623638537,49.63319632625598,43.67303236560114,71.8983755087558,57.999920746825566
86.33588544229127,80.51153342862659,80.92813035236281,86.90263349811363,80.17862878030104,320,392,0.8163265306122449,337.4911365444142,25,90.58347215155592,29,22.463134458674503,85.3450525958719,75.49513372057974,68.28795667290944,81.42823899640706,84.3838850812889,82.94840396783827
86.09762860178861,78.86867055886391,81.24786388395029,88.50378831023248,91.399619139859,195,215,0.9069767441860465,332.1735550192782,22,75.55752595751497,23,17.809076860166797,93.37907420136548,88.67521248992398,87.89819365259453,83.95306988699032,70.26315115774254,82.58957827485733
70.57761670046787,74.55569069032165,53.856899321149044,66.11813965852238,76.38695850400784,42,64,0.65625,1393.8958147293201,5,68.58130095006051,2,14.857676058248133,80.00046203621044,66.72022679078624,52.35735695357366,34.651250820217484,50.77571106045081,65.52315118407166
77.36125669570771,48.33942964432651,51.3637619616582,61.82736345248437,79.21534538364824,117,169,0.6923076923076923,1694.3823039574345,3,77.81688489690768,11,14.359731082094676,62.37662808142651,61.85057485983984,38.334914723520235,51.99763583269481,62.76783217362578,61.69063399792711
58.86342238537347,55.013243768086966,70.64173782355307,53.74637301463236,78.6481965324019,134,209,0.6411483253588517,2356.7576535432727,47,71.46705479520614,8,12.788972975820574,63.84248709387565,47.370815345480224,56.9225366957682,30.77800364258121,74.30818377242925,61.07326938115047
63.690211272536715,64.97305931436124,56.14089056940207,73.61211937733624,72.63622169265842,102,123,0.8292682926829268,2113.0730953281595,7,64.06983824116944,2,6.019319067805701,61.56803977253471,53.721668044879436,55.11842661917351,52.96809373334576,72.41878411532662,61.58687756812393
89.00062767009898,94.10170034526269,84.95360534340847,88.81707008679626,94.16543567186136,422,493,0.8559837728194726,1124.3487035586472,60,96.22739179631395,59,22.398035737796366,97.14385907173612,71.20989704864414,68.71293560642793,70.34919246210136,82.08480166705316,93.31707854306201
90.78643195130962,70.47724883385769,74.35332940415066,87.75644358518821,80.16820916275239,353,430,0.8209302325581396,915.6223755228646,15,90.16571535783369,23,19.05626851153233,80.72074754998376,93.31947811719337,73.62949595739076,62.66204408211766,82.29642178482868,86.05311711357298
69.49811547366123,71.95969151263337,66.27410974678277,74.27480371309535,70.89341945638172,107,143,0.7482517482517482,1393.1432387137152,33,68.46974789068359,10,9.176052473023969,65.30108405482399,58.038536229837845,51.219965614472216,37.87946738789722,67.86923396248149,69.2260102784597
74.55296697885713,48.565121667014736,57.44875506607559,56.79374466801314,55.37322418090044,83,125,0.664,1364.4499855625897,29,58.47852575092846,12,8.309118856783746,78.05368796856992,62.691359577953,48.36967188582788,49.434328230263716,64.52595810428109,55.60013515667575
77.0241386327634,93.23189917095937,76.67799190427145,81.26738812860717,88.32250605045931,337,361,0.9335180055401662,582.9465369607126,22,81.97942397834095,31,30.98369349098635,99.74164728011941,83.92201475369914,71.95121870833349,69.96414904000135,74.25325818459022,85.14765769539207
72.3656112152096,73.3556928338102,63.255138389123594,56.365671666322385,78.10369872841747,130,206,0.6310679611650486,2230.7530324418867,42,63.47261367444888,10,8.111669647714358,72.25895087912969,64.3186036136603,39.20963245757636,49.18739583773268,68.73616969834663,66.93781818052818
19.23784883351945,32.39165069526704,22.548184742539547,44.364888320356584,57.279177407151074,28,73,0.3835616438356164,2353.6108650251153,9,27.189315606582486,3,5.069198380180763,52.41020405885341,28.27443214552758,15.970552578242437,9.296333315343606,21.407527832889166,30.729402435073723
76.78274898816345,50.22700322653254,61.15021796431328,59.89186524896829,65.38961751861514,128,189,0.6772486772486772,2360.8169625061223,41,66.98632316426173,11,9.432864835522295,64.1451117706645,52.83042357891727,40.309489102626756,33.14543669787093,59.439528185883844,62.27918299427816
61.038656611620425,59.04533288640601,72.18797377719149,73.26759982981184,77.38535145167549,126,186,0.6774193548387096,2328.1523035656332,16,63.30874297519291,13,12.790952558129959,74.05195343914122,69.83708804265623,46.39283412892071,47.84856778018444,69.8147785049136,68.4274731927437
19.109402736180584,30.966882076642467,38.61875776792559,21.531688533692762,30.1340666399741,42,105,0.4,3381.554012380663,43,53.60638742262674,0,4.488566172860488,35.12266301963132,10.770428692707897,16.49816445314132,27.894333974819254,38.70772228360802,30.55024277317144
64.38492413598121,49.345563306762806,67.17811481555313,70.09460946314826,79.07607555985535,89,118,0.7542372881355932,1959.841221484497,20,59.15989626981157,7,10.306372566656522,62.56105290581634,62.74418209853884,44.07071811817184,32.14125984788525,71.06166018031564,60.32728364616734
34.45010520933003,38.49088335602798,25.086024239454048,42.91354928984349,39.28613579432869,40,68,0.5882352941176471,3096.590942393099,10,29.568220232430367,2,5.036156458401765,45.181897483095796,21.352016835727845,31.953867889015115,14.206290804986894,44.052007922414376,31.46305143611686
85.67044719383173,95.27213857041997,83.255818180894,81.99012744173638,82.0537241279828,327,390,0.8384615384615385,676.190940483436,6,90.72634442827197,42,24.037990961610426,82.29537743738435,91.50349233373588,83.07035758021209,61.69170904750004,87.69587743074422,85.88175777026451
64.56251825296336,57.020978437297586,60.642661270449715,69.47471264749022,63.50272341257172,82,115,0.7130434782608696,2142.9092004731756,28,71.39251406804664,10,10.568237108824707,64.28226386669184,69.13794080882306,48.174076645637285,43.838969845931516,72.68164282037044,59.64931177689825
44.43627148265135,11.28334259840638,46.240367116945265,34.15068468863952,40.943040954538674,34,81,0.41975308641975306,2755.0789531933724,18,50.65496569282743,2,1.7197228742085926,37.71708026274955,35.23088716305502,26.581462867390748,16.210015635368528,25.11284009134823,35.38016049063034
26.614933647547513,35.35825480151435,25.631029508967895,48.55353147905454,35.66363052572198,32,81,0.3950617283950617,3112.7037009139863,13,39.56621799600948,2,5.927251820045119,51.762298096273454,23.50142310074387,16.433744729130424,5.472753068617457,38.77298799022083,31.924935979159514
59.406755140392185,68.08630638045747,52.95561719313534,72.28797040266085,56.785691168323396,106,162,0.654320987654321,1949.5420514360476,22,73.65549582988497,2,12.13281722382236,73.38749288555934,45.41090144830818,41.28282396813609,53.04388112567233,73.15153431966883,65.28698040886098
61.18624061204066,70.06788719404273,74.28465870375845,65.18031506748414,58.62510190854392,57,73,0.7808219178082192,1456.64191696114,2,73.89607552239735,12,6.69191522792624,77.32724845407603,63.43116858061637,46.983370458085794,32.34541927860463,65.27182974928878,65.9051946351779
73.17615293814822,63.95872396170087,61.70902601281345,53.33672511174147,62.186427837602075,145,179,0.8100558659217877,1470.8639120671605,45,71.25895334727679,4,9.828714545562436,64.61083763992008,57.30413764638014,43.46214646423172,41.377241652660196,58.68644376446485,64.4367063704834
93.36191632915956,79.67024936583849,78.55090457695049,82.94762780970633,81.68134349555532,346,430,0.8046511627906977,483.3898132149202,9,77.16283040198813,37,29.422083350156598,85.52883381166792,77.80872754713783,81.06686644181059,64.89602031467297,92.42394826058836,81.35145456300401
62.495343050677164,65.84366995796354,47.38848753982313,64.86370956529143,69.73440931620293,107,144,0.7430555555555556,1573.4696610957594,21,73.58786968534184,14,9.64402906320646,80.43745641314166,57.694604673778024,47.396000777600605,53.260587329469445,72.24914671866703,61.25641013721701
38.932843951306964,30.80725160555958,34.37586362586708,49.88375058694491,40.12682341266469,43,113,0.3805309734513274,2184.8838801650895,31,38.46128890569542,1,4.096419304083954,58.32022211709666,31.681141378208732,15.363369455665337,29.27845113222152,28.59843406868735,39.61357416064166
50.4425170047968,12.92035083406987,31.910907753477282,39.82507668878085,58.3698930025714,13,25,0.52,2655.0162046301334,18,40.9475252419177,0,1.3078526182359735,46.80496471635881,28.757886918318082,32.90298958584333,18.55462026559004,27.2971183826268,37.28152868534845
51.51617913898804,12.546328906284248,22.39104851108642,47.50627542741845,49.431193047571305,37,66,0.5606060606060606,3567.442602030874,8,25.633645264231962,0,2.010048771020469,55.383094202429454,19.300551092313196,28.35998510497769,29.36154541556843,46.124690031470855,36.55749109313002
64.9057363827296,53.030002793083284,72.34790659680823,59.206569746797825,56.13875389913381,53,80,0.6625,919.9028112913126,20,61.29837793928296,14,13.191645000962298,84.90363105310479,53.23855333809705,44.5405261044151,45.45093811692392,67.96103686838853,55.435176004521026
90.10675031503433,75.15336289612351,69.32009671759467,94.9893578840516,91.20276676651713,310,329,0.9422492401215805,796.5191710258155,33,76.14065068906199,58,12.755704048029116,89.98339666525324,85.01516572967957,66.56199403394552,78.03061168747291,75.75987678786412,85.64079458163582
86.62697820964027,83.20170379290279,69.1511478416167,94.65479081820772,84.49951203563893,358,408,0.8774509803921569,1082.2573716627785,29,84.54835004183315,30,21.446312644008323,96.35246756608973,92.37641509999582,86.33106172992794,76.83866445328476,73.43404364921686,85.17741594747976
76.25951769290673,78.71512828279343,89.08560345794035,75.09264046009206,86.00298509044059,212,240,0.8833333333333333,1077.1663265516613,5,82.96595787041711,27,23.05925049604869,98.36909449878603,84.67670560341418,65.82116675608596,82.81873657197822,76.20566106892879,78.94299510988449
58.752092358180036,67.85162673285564,69.97460323858935,74.382488466247,71.05033961688103,59,76,0.7763157894736842,901.8851930907168,4,62.03835054793474,10,14.917863552879298,60.02134243593508,49.93014743077502,39.709824560089345,47.92798713830731,58.81211818995155,68.01462020603957
55.37531416405866,59.64658077597716,57.036444831339864,69.88908406255675,74.09010897907488,106,150,0.7066666666666667,1079.5912709998406,12,67.31669294618345,12,13.783398200433783,67.07691098125942,65.15131200466799,40.23453333614432,37.31973575383611,54.81188413509085,63.06399603494686
64.57742902480065,56.73998509398578,73.79784361750504,58.37622927346206,74.46364553556722,69,104,0.6634615384615384,1490.8994679693706,19,72.19815388145045,12,8.770354967931787,60.20145722238838,63.96593959784279,50.647166108262105,50.4455831230114,61.390269702567835,64.38681133211686
72.32098563131672,73.17708029719535,63.120315877677236,56.47635372907789,75.91597543517416,68,108,0.6296296296296297,2205.0337907837575,17,68.23394603525594,14,11.7122807785667,64.86205576826151,50.001215828840806,46.739517583795646,52.78932850344245,50.24984437146427,64.136573937488
68.82275341510346,74.94061544461569,49.162137336803326,54.78313756726142,58.88784110021722,108,137,0.7883211678832117,1666.8211011887458,28,73.48680316987704,3,14.81521014576294,80.36744615300039,52.86959539532026,45.087186882012624,36.05764209166053,72.26894917522479,63.40762221517834
75.32383592244695,75.16990250630893,86.3402585824595,90.80351081062412,90.9072795460582,380,448,0.8482142857142857,1123.4637079894028,8,89.33585691703384,43,14.19443267927946,87.41636504396533,86.72103131659019,81.64805891543742,74.78244469269318,76.8680448247516,79.37197249350544
76.36631970820093,63.77484429833211,63.722281405676995,59.36037014009014,58.33292890702627,54,72,0.75,1428.9672098014532,14,60.886346117566795,2,9.450761419929552,66.61498635374292,67.34517563468735,37.401306589595094,40.28606916701027,60.170403800777144,61.04942042422108
73.16100378642436,69.98607125393968,70.5180164490467,70.08558922745408,67.20208692992861,81,121,0.6694214876033058,2269.8393422015174,19,60.666542168443584,4,7.237824361164109,80.38013202913655,66.14920361636602,40.160221692297384,47.7706813358718,68.2939009325357,72.79804852580475
68.06383714293924,55.045686437286356,72.58676588439855,66.34300231899952,61.954491917707564,87,133,0.6541353383458647,1403.1959267739712,7,58.99952002648913,4,8.077495166078203,63.1606556788757,64.02018853577692,56.26950956576705,36.425155805560806,60.17729890395049,64.06427966174283
74.6609601580773,67.72972849808917,61.90411421438556,53.0000687404222,68.29929336241246,131,198,0.6616161616161617,1309.5179933100476,26,75.94408766956992,10,12.074547917329014,71.98701577977502,59.61520898887896,59.716888578644856,45.04969486618025,69.6404438504661,66.48242156191262
57.47561368901685,45.46046043746743,57.21283748264308,62.694353322419424,62.43156798596891,42,63,0.6666666666666666,1970.5395707185182,14,60.522193002035195,14,11.784971974719621,66.64568088184453,64.64679160166475,58.92171899619722,52.537238246067396,52.87380556184165,54.87357231584436
71.5088671471475,66.09321453297673,48.44858151952419,52.11735528966743,76.02084227285215,49,72,0.6805555555555556,1023.572608617616,17,64.98200038169597,2,7.110132289873605,60.159429225870866,62.766752348539114,47.14029146236213,53.7490978209258,67.8503200312067,63.11999421243645
96.03222768729279,89.52982834273746,93.00126497425906,81.34146437527382,96.90803028337376,232,279,0.8315412186379928,983.5379122694764,10,91.18068731403184,26,33.33963141789701,86.65313199641783,82.58023541878858,65.35199158207227,60.17393968258228,76.003165511288,91.32501625380858
90.01316048059311,76.19275230721489,67.98324178278035,79.86344381998909,93.00080477340187,269,325,0.8276923076923077,1166.384386699387,36,78.2448825218874,23,18.742397796003303,97.9267163704224,70.3250480877684,67.1377132713617,65.19715637865069,70.66330509684549,82.69567819601984
64.0347333679099,52.17530384572129,62.70280198464023,61.082149651980984,66.16803889974685,55,82,0.6707317073170732,1228.5999244685684,5,62.710700221107615,13,13.163343988950826,79.85701793406686,65.59336032596383,40.28680703264698,42.05540681400966,62.121786864928964,55.9075965026147
43.09901159000623,21.911733170386597,40.30173862189727,29.200322157882034,55.87029398699164,21,50,0.42,3156.297367655163,13,30.889717375118153,0,5.643809191124733,44.13326592526657,39.89662184180166,13.925060283941821,22.72334756208223,38.27332074952311,33.43442237276064
65.35440378215809,71.22441840889987,55.42727608333964,51.809707553530906,74.97342963107397,151,184,0.8206521739130435,1029.6844726428358,26,70.82360679217366,2,12.18904263347552,70.29427321600409,59.25568968464054,37.05113884157452,33.0810760882355,50.282645772339734,68.03479951555778
51.38837917467206,61.31920736929438,60.451810372736084,67.28835562692441,56.93828529022932,41,65,0.6307692307692307,1293.2458656131992,17,75.26962417253763,2,10.61797852662138,60.34010988626671,55.297457440248415,36.83460041630021,40.13064457323335,50.99830473164023,60.79461234687593
70.30800154977852,47.49812643924222,64.02860743863144,71.45194808566491,61.544537067302194,117,176,0.6647727272727273,1981.3246117621861,8,61.458722717804996,8,12.354572516754214,73.78511187264752,52.8247295623469,39.014671768078145,52.39709592668868,64.88638706769613,60.05439614625145
51.60233940752112,62.674820452416434,62.50802320331286,50.90740696026874,60.61425430994345,47,59,0.7966101694915254,2297.3089952362984,6,75.97669589838162,13,8.670311756215858,81.47917155815645,52.72981498273626,48.287599612571086,33.59549423839772,70.62575780608611,57.718070848961666
17.812036591741492,34.87001154970888,23.315757656173886,47.162400758624656,40.49933050267136,31,54,0.5740740740740741,2783.811941609648,28,31.901374771571735,2,2.8912925323716867,38.02294089126499,24.440844313392667,30.843229058376743,23.471294641235765,29.631389380587727,33.11314339102994
55.99311136955904,62.87080487440704,47.80767396217268,55.0570191884844,62.74755568343171,106,165,0.6424242424242425,2175.678410043388,6,56.6284808153972,8,12.689678431033737,63.53287433506892,67.11892275656143,48.25554966478815,53.7118204863849,57.25902282020488,57.26517870421429
83.62728632232205,83.23248630624144,74.57131789618423,94.37935724164599,96.7953977551906,404,458,0.8820960698689956,922.171592401706,29,83.33017686426548,24,22.828777645415656,83.97859559590077,85.04216521551163,66.51707672376706,70.33356149677981,83.66537349159178,84.53129226791866
77.25018569497303,82.78201275303763,79.20415312341697,78.4640373982003,87.80932968628352,172,182,0.945054945054945,1154.2311584322474,3,76.04199222475702,40,12.35200442667885,98.66872616158966,82.52599709788149,78.48443621000156,77.09909423495353,85.39627910974785,83.94832110464203
69.64846914116197,67.68995359440477,68.39886607166338,61.94693264132644,65.7470689531212,69,94,0.7340425531914894,2184.8578535390034,12,59.67254055536927,11,6.303283645896923,62.8698991749541,46.200057565753234,49.17699926433828,36.072155915619724,68.35959103387376,62.51116806756902
79.24398344519668,75.44308240675447,76.11416308374146,84.69045970382042,91.12858588754533,227,259,0.8764478764478765,972.7238443203809,13,78.39799911384321,16,27.804806624276615,96.88881345267258,88.74040580021469,65.76180381833986,81.68037452686808,78.85366676982814,82.4879796810178
33.64945810185309,25.176808782592822,29.738686731496173,44.678155124293255,54.843530999791724,15,34,0.4411764705882353,2864.6269763982336,7,50.485861884645544,3,4.634056288503187,40.435272958053716,24.69003969005516,25.376346601352747,25.716000974652424,38.422535750571555,33.27932383832144
87.28035413147933,85.49464672060797,65.94084706413766,78.40538274257189,91.3928098484788,244,280,0.8714285714285714,356.6742678603304,1,87.51614266666493,58,16.26314144160254,92.68658714514758,90.45788029135679,81.02135341038999,67.75995238239612,86.40277876195418,82.15054183655019
55.92678315612609,47.42169913748744,74.41156045933309,72.96033772742513,72.91578974413528,41,58,0.7068965517241379,1297.9595551806283,6,65.18992019678826,13,10.448732842857353,72.18913408197312,54.5293750241295,52.971949509853374,52.09690279964704,50.130312961923124,60.447418948638315
58.08835242402006,71.50394805336279,57.84985426201923,54.293082832434386,79.64611125276275,148,228,0.6491228070175439,2060.3420552159077,31,63.574709377088936,6,6.098620954444599,72.09742069799817,47.64166574443726,47.50368067195813,50.50733176938924,74.94095336002408,62.46028068503488
30.0089602989881,13.074132012419513,39.45863713101049,28.90787156704696,34.31840174850831,6,9,0.6666666666666666,1810.9726289673652,14,39.53637647433057,3,3.9264628828246373,53.15877928982286,21.32063844580617,14.009092387732935,25.0012229207106,29.315339077273904,29.844753624349767
87.5736284974421,88.4417255598593,66.5010750930427,76.38790629881085,94.44822492870654,215,260,0.8269230769230769,1012.217451287101,31,85.19314172832716,48,16.410789540754433,81.00129054186588,91.84084556586751,66.88886234406924,66.16721074359994,87.38297374060961,83.76433796530142
76.3864404020704,61.549569714577075,59.86139451857942,58.38454020567275,72.88929025506171,99,158,0.6265822784810127,1965.807538911245,32,62.135811783761284,10,11.952116698473576,68.5528116857708,53.00549359166047,54.608449456762656,31.32720043382414,68.9811934550846,65.43853231856025
27.907894532025665,44.63988530066421,22.50166656922957,39.40826651572035,42.694842978135895,11,16,0.6875,3483.9965493488326,13,27.955608744867796,2,3.19278265299611,37.15841360132932,30.395892241917217,25.20752671542748,23.15855487120841,30.242190518007337,32.27589635000123
78.41228775765889,74.47423684376828,91.36307749378744,86.16704630128227,95.6588809921584,180,210,0.8571428571428571,372.55386465264155,15,82.33984026587063,57,25.492350120524243,96.56877341877981,72.00466892030283,76.92097194332811,75.75232817154159,90.71632265295723,86.81441158466245
73.66300437215153,63.06462918379363,58.61798885228971,60.19838427635741,67.43113700473909,63,76,0.8289473684210527,2208.4127940047883,9,59.174203871750066,4,5.219535018770207,83.40183754656968,67.56851152730003,48.58195074795264,44.43279082920893,67.62543031008721,61.368294391021706
65.96503165564239,62.849863263449166,48.04502489933336,50.05614271194138,56.20465936187218,57,69,0.8260869565217391,1905.6146649016778,3,62.250778589607314,6,14.484606443029328,77.49718946378718,51.90882422250417,58.476450455928706,30.90102688163002,74.47635018166982,57.48198627346219
76.75685373480349,79.94708841283652,76.0320095241533,78.63478381418926,87.83913725849943,373,413,0.9031476997578692,995.8276865268043,6,83.00619864287063,21,12.031133391455768,85.99601055130472,86.16146854094826,89.35486109540892,81.17652067459748,70.58987411613823,80.80986703589738
72.35776957548552,50.462427997507646,61.962172753232075,50.750566133617184,62.76341938382153,96,143,0.6713286713286714,1731.1941118904351,29,65.08672777423119,6,8.247336402028163,63.5877206340122,53.864136477850025,51.629965405346624,48.34443557309551,61.72953859770534,57.916008114575554
69.33870443228422,70.28361738341788,59.446183430897236,63.284794828460946,62.56868926178081,113,145,0.7793103448275862,1091.7807268630434,20,66.83081466975347,10,10.381943716844031,79.80422840569912,57.36893098964511,42.499347703863315,34.009355879166804,66.18963972004518,64.47024468711689
22.081159114091793,43.082761723931334,24.387516848919322,45.23523303703691,38.318331824029904,9,26,0.34615384615384615,3127.077860522263,11,32.05712582423336,3,2.8485869428437574,33.86133620625927,38.00446774843146,24.655148383487713,29.699688140144136,24.868244508046935,29.891273205112462
55.0052380971898,59.49708468735456,72.25985009535151,58.06530153603544,79.19160495366052,60,77,0.7792207792207793,1808.1248765276237,24,56.696115798246694,11,13.838462997372464,82.53471538838933,52.29210025366528,38.89382851479849,33.727310519257834,62.11062988479848,60.12789074096705
96.58476888441369,73.18549770596444,71.36083551506687,75.59083937222987,87.81083449336472,309,358,0.8631284916201117,318.4293750259781,32,89.12408697344114,36,14.112557756271624,88.90037367450711,94.98762974271291,85.88073227115038,82.3364763541779,90.58065898116249,87.90674037329156
75.69895058541056,61.61480458135466,46.46537299870288,64.74243186692777,57.253834987859946,114,174,0.6551724137931034,1166.0501563295995,22,77.98610523768504,3,8.581682082807616,84.97040863138105,54.59515357748698,41.19426340788967,45.580341955023584,70.04699879887502,64.66111894258057
71.6227040571296,68.02509324721363,64.61460498341236,51.969692398334125,56.2660965068931,127,201,0.6318407960199005,2022.3117325918115,51,58.098117490716994,2,6.012137429938847,69.57587390049437,53.4623328707157,37.84212453170775,52.055883790356226,65.385689408309,62.55891259218988
24.13854918947908,44.405097934466795,20.05315853962868,38.0173258397404,57.48011282837011,24,61,0.39344262295081966,2837.75517339981,33,52.67324781675802,2,1.4923447741113511,37.84123214850084,36.05182338612325,10.741587854476258,19.80492916563223,46.72598711246052,36.737647216221056
93.96430058600174,71.93026269769804,71.79054483024458,89.60492294180293,90.77854933490285,217,265,0.8188679245283019,1089.5355865435615,21,95.522957457212,25,17.50873390791938,95.8915655740038,70.86675666816208,79.57017087708724,84.88593790478275,91.39240234593848,86.77320460039249
21.750818265854925,36.78667000051719,41.16218867586443,30.50092602324151,44.50127738150975,37,89,0.4157303370786517,2542.9853708753003,39,40.946095608478224,3,4.2275031400392695,35.09981333184729,10.427588872516516,15.35416805686904,8.860124586318234,22.858680583235255,35.725580386886435
35.31123582895662,34.776752808782845,43.26625831904835,22.750544928670575,39.01793685533568,5,11,0.45454545454545453,3307.802321938694,6,36.66386434381534,3,3.0291199819324426,57.0922470107614,28.80368622539787,34.413825139891586,11.141744393194525,45.87083459068628,35.947341642813036
74.91900901002545,74.01363534764243,47.113199579107814,61.78237071333292,68.7082999632449,60,74,0.8108108108108109,2168.4646805794805,17,67.329296149523,8,8.362965412697577,65.31695320024248,59.04938098284373,48.445706978168715,44.77559970488304,58.68834656650872,65.56180795474802
84.96275156024882,90.13186975655947,90.57754864815028,85.8329283643352,93.64881125700907,319,361,0.8836565096952909,941.4999085951479,15,79.65184615206431,49,25.794740244321453,97.23027414453787,91.71599099558564,83.10861015823849,78.64383447690315,83.94818612876752,85.97811567769904
60.87072328519217,58.72374124900639,74.68625271360247,68.74171255263225,65.76398659949986,158,221,0.7149321266968326,1888.9712915682194,59,67.40386006818801,6,8.291878066478478,70.2659908005281,66.60132811759618,43.222641367538564,54.11091832937504,54.31262367462232,70.62050947395518
62.80330252857098,49.45872391409715,57.14991116630843,52.5799952976459,68.32608219721457,41,63,0.6507936507936508,2229.028527065386,14,71.65126109679089,2,10.472927643469816,75.76883757453577,68.93856393617682,44.43371141599531,45.45500857161396,71.95452614510774,55.00701231190963
67.19287355656222,70.82565084130346,67.59640316216633,63.83500067083537,64.05732495791216,77,94,0.8191489361702128,1421.337490967403,25,77.723600821666,11,6.835632449473269,70.61609928272624,54.7989035035538,47.83485023021289,50.23968177023882,63.84113044998087,64.39706862198545
80.31383117278237,71.21107849425007,86.15339439916985,92.00597473143583,87.81327947268765,427,498,0.857429718875502,867.0064219018709,13,85.57657486070994,43,20.148111590535393,98.11903838389289,92.5240874009691,89.41206940502177,82.54595791104178,73.18430090083402,82.70705100648208
85.21014745364668,70.56974654815023,74.03138233502939,85.0526248526026,81.0111693922539,237,292,0.8116438356164384,394.8538962970247,2,84.42243422764783,59,21.401877008270038,98.48053740851466,72.79701541372809,77.91060970546528,79.66305955977117,93.56328268800291,82.53456606017076
85.79635736575294,92.30430237145471,74.1470937315519,78.853527929734,82.32328244475586,168,192,0.875,504.73344332418594,11,76.73193297276481,43,30.872526898157705,80.1428416353649,81.418264822146,73.23076538353486,61.31204275249319,81.25590716681543,83.19020693761377
57.461074353857676,53.029444871005474,71.6685676707192,69.30565933464199,78.16363853589068,109,160,0.68125,1868.9579324196466,14,66.5896355607294,10,6.280785089848793,60.30420863455083,60.75597030957261,43.975565417252156,32.62970712197429,58.07094444328275,61.026142457027596
27.189645314690328,30.444562806089536,41.71600486365803,34.37941814401569,31.859041828173925,41,63,0.6507936507936508,3017.8107408057267,30,26.34715085881802,2,4.372026603185597,35.73837051317521,27.693415943201593,32.79404957903023,13.764002440829044,46.69382020967035,31.69731179008486
34.39820559260671,43.81208930790718,23.279625559599538,28.08946422326425,50.47205736619591,19,47,0.40425531914893614,1996.5979590975562,27,50.14444581292108,3,2.477003055192361,31.381982871211772,17.380525536207223,20.47448389190594,14.24015975560552,27.644557800214166,35.833273513937115
67.57298819729778,68.09574017036681,61.44647731964761,63.48758976125015,57.20585813214086,52,67,0.7761194029850746,1650.2385094238164,16,75.71798600433378,12,13.0548169331191,70.65837263600865,69.98382324675083,45.895705855505255,33.73448696594566,60.046737891231224,66.9159511059237
51.0310457558158,35.352876435701205,32.77334555033168,46.34569210973791,50.492412421399145,28,76,0.3684210526315789,3063.946040935275,33,39.78950160517316,3,2.1201982166350883,47.265945486109196,35.71604040618724,32.30286607921175,25.79774905637318,21.215142490363966,39.98166380194122
71.82224340094052,66.77594132479419,73.55651417283391,68.45365711168475,72.3302444495452,90,140,0.6428571428571429,928.4567197361275,32,59.567561179353014,14,13.266830272711708,60.06238634002073,65.80220794202077,41.557796051149396,52.11803181889053,67.28697955603948,66.57625870052497
85.084904829416,87.47267951767519,74.84458002424196,78.10083233455488,97.67313598958955,299,349,0.8567335243553008,327.4502249451445,41,93.91981289517214,52,14.92239179099335,90.44486520109609,89.24983882746527,70.39552568742108,75.57226189547501,72.1336866248442,85.95801253299237
20.210553964720063,46.39802180113774,21.023530845517886,49.22148118125917,49.69661160782244,44,124,0.3548387096774194,3149.96921374071,31,42.196228752846864,2,4.248743493855492,37.152238755358155,27.635047079177124,29.805439802349415,19.4232896951763,31.633679960176103,33.268630904203526
80.03102743139414,76.31717991981884,84.26926867373055,80.52172176978524,83.9140574121386,265,295,0.8983050847457628,849.3544799796482,38,94.14147265590825,35,22.595754390089077,97.81648263021255,72.36156064502717,89.72189280343858,83.72673484113554,71.9568620182469,82.42337902656017
56.45541817397027,59.09425688648703,61.828694984914385,53.56500134574226,68.91796564332913,103,149,0.6912751677852349,1404.5530678255645,32,55.73875438955973,8,7.624603114006834,76.12578336379875,66.21431023955115,45.04075520831921,50.74893772890456,53.860373608499806,58.6073108905655
16.421462085244062,29.15581128315409,32.03526263417656,41.620066162621185,58.621034660740705,42,79,0.5316455696202531,3342.4999130510996,47,43.1361934225681,0,2.3802174549018837,49.11170684708465,31.42521235229185,19.58512900919596,25.30610295517253,20.07024569558431,31.59810428946985
45.228481543103044,42.7705129025636,35.91251574833347,34.27615089367597,55.449518310540896,10,20,0.5,1932.187272467852,13,36.18441915763119,3,1.383065505506377,50.11165589322442,39.32010650493153,19.472862134913633,12.431623014879179,22.518885328694243,38.01174373793176
74.40154313678516,57.109954845000615,69.43510444485489,67.79127025767733,56.540091770791335,58,80,0.725,1101.6758485443838,17,68.87224863779399,6,6.751661641507867,68.51230216321335,52.94435937566728,41.5336728296084,38.578388837849154,62.87133221152803,65.47590784829943
57.60476986025114,49.36618593967939,63.18373166648933,62.229499038675904,57.39939241740282,102,139,0.7338129496402878,2083.3051647271204,2,56.750324284167334,8,13.60147310962201,77.88692821719198,67.58020812458514,39.17992823670341,41.9120457197155,65.50273830040393,60.32198313156367
54.0985262827084,49.193149832804835,62.50246305780372,74.62524369573616,57.40626458094314,80,123,0.6504065040650406,1008.4080183828554,4,66.71880521668923,5,9.08266773926426,67.74201410878639,52.427928953196044,42.64506456123697,52.1200770240049,68.09488075436964,53.47729151934243
78.74943961774238,76.07913366041967,65.71123260933555,91.69894411388807,97.54443072887392,358,392,0.9132653061224489,1081.5685715522407,11,75.82639419027738,27,13.164316862188706,80.78783667385639,84.34874665172526,74.82237772232948,60.716310689441364,84.58130980781392,84.1626098630948
31.074288132690675,29.711050042089468,39.67417946051093,49.84395517229639,53.25360187624352,39,62,0.6290322580645161,3169.0526489571002,44,40.97029143560214,1,1.0114163770123437,35.30867732138531,13.796000347176696,34.008550658672604,6.621195598300759,34.02723767592869,37.9115817929215
62.25891230495735,60.31350704028732,72.97456280299903,59.45639778881623,56.04867682660518,59,85,0.6941176470588235,913.2880637222077,12,56.73767913205213,5,8.225781488992713,72.45855072574105,58.17007394692114,44.918850444828955,38.29425846944642,62.61023320725138,61.6000971660012
41.00195170866671,16.533303096651174,42.55146510605772,41.7551829340093,59.925968518463364,8,20,0.4,1946.6578774360876,19,54.01534818952525,0,5.5264316636098005,34.795072476126066,33.66655010662724,11.212797547354489,22.543869011808987,28.225789780545448,35.67908326783043
20.65492069215808,23.78462168803778,41.41430592032022,20.95457873074732,55.56532774384915,34,76,0.4473684210526316,3494.6097302693756,27,25.460178382547912,3,1.513265891609978,47.91652810632016,31.00818489197095,14.888699659430559,21.84095282930217,45.18933738114035,27.511438821670087
63.00125235909535,61.65007417129185,69.0555722517181,55.27890943851701,64.96913467074641,100,121,0.8264462809917356,2163.99636944392,37,59.34909402025476,13,13.092161409340644,63.00060129432276,56.53085197035749,38.058534498033325,41.04621423778312,51.17848934071832,64.42501358309
65.31709602137836,60.98656909922609,46.06510106155897,73.77102585572779,61.884392036873614,80,111,0.7207207207207207,1200.777885096463,19,58.16906697552723,14,8.796264664127113,75.56902980850471,47.795995121040306,42.833195803782885,40.44401679061356,53.98650244466918,58.75264129371312
91.80183704260551,71.04845623274471,67.84305413103782,75.1357634804718,82.75297735655766,232,253,0.9169960474308301,606.3969720894765,11,78.43316429139269,16,16.70842079468733,86.69636689426902,78.25769218892196,65.49314366157938,63.37957635428575,87.37991149258028,78.16189356567511
65.29204517297457,64.5442826378721,60.50029177816026,74.79686361705777,56.36553841222596,44,58,0.7586206896551724,1685.6264653777953,8,63.80988205962002,10,11.94107532230669,82.93651643149364,63.141953337212954,36.86533101643393,40.07239027577514,50.06383970670159,59.85225262043576
44.368630883981936,44.192041251189636,39.013884291683524,28.253536218965916,35.3808216505411,30,85,0.35294117647058826,2826.153557138916,15,33.91115262537208,3,5.426675052245239,44.13821035313019,17.291736754219432,15.566740406621273,25.150510679156405,21.935321120635265,40.45195526621853
69.26888422822337,74.57922953056558,68.01037589942308,73.54936080358976,60.404714346761885,117,141,0.8297872340425532,1906.1400325673008,35,58.679147101756044,4,13.62404352293089,81.35669231643827,45.55754262246609,50.237628061235775,39.19580560802391,60.39152503751123,67.70227544301258
32.42288562692819,38.55828862577904,22.621549985138728,35.38680374978536,34.33139110097175,33,87,0.3793103448275862,2226.5053398808914,16,53.13786864313575,2,1.9539243177888506,43.95970185212556,36.282252463156155,11.723326529352573,13.189286655416133,38.28856873113517,32.886983148816
63.171577329254674,53.36184130006139,56.39370784433866,64.96282698666938,69.50469408261331,91,144,0.6319444444444444,1316.0812532435896,12,69.06721130334574,6,5.120499748962487,82.13042323330933,48.490316508824165,51.589719474945824,49.388711269857225,65.77319116246153,62.08043626378998
66.97896356173659,60.09907812891714,46.824489355493995,56.953847920903364,79.9870676005963,125,164,0.7621951219512195,993.0373130291747,51,61.91499307911877,9,6.957134149282652,72.90154555902443,67.75567998206118,36.08866444608439,49.14510220077219,64.31183069846773,64.78371738852454
53.70487644399881,58.63473240796364,50.55347506694677,54.8024292523301,57.49225091435095,40,57,0.7017543859649122,1571.3197221213359,8,65.30170739615495,2,14.794644497055122,76.944479470506,67.53776892835434,38.38418801257506,50.7498411465609,56.780433330249394,52.805982155267294
49.978479066323914,38.42571335737434,25.21541938734297,31.741348807731267,52.78195657304222,20,39,0.5128205128205128,3175.160575813127,13,49.67574455025849,3,1.7324405120992938,45.54841102022977,37.56542860914554,13.088983521497553,23.825746198747442,36.78261373975532,40.82507542296646
64.56808446440213,57.278181859385526,53.849471517669734,51.34877830685255,68.01935596596304,57,73,0.7808219178082192,1146.7264298585055,18,73.25695769787353,10,14.321368173075285,82.57446322823883,50.203347435470235,41.47412082250509,34.51104996614922,54.90135878636756,57.48970428889596
24.857952096758076,21.420653467771793,25.52871070010032,29.36049509151441,42.744618988063806,11,18,0.6111111111111112,1973.2425818282709,9,28.109593168006036,0,5.677236148248556,33.08281606325213,37.78106007207016,12.16364043498648,20.480433665110876,26.93644944653697,25.650914811628418
72.9933972341812,69.3931613818358,55.11986330500776,74.1005180739307,55.5485366899391,156,228,0.6842105263157895,1358.3266713348203,27,69.90654351919235,14,7.228663098924406,84.00438596795833,62.174023874671114,59.35309715865265,51.22247243528917,62.07568537976351,70.01085306738642
21.44722439077609,29.0211734071289,43.44477977918359,31.140154290343645,49.56138428629121,33,87,0.3793103448275862,3499.5563507355973,6,45.42264404267829,2,2.4340304269012933,36.57784131645955,23.42647103646831,34.84709236442802,15.316700520428885,25.573915496023524,32.385317894162704
71.1931125590487,53.852106802496074,48.51282243419994,56.43838625601459,64.68361829089437,94,132,0.7121212121212122,1135.814885124648,37,66.81613832305061,12,7.57643486858529,72.48230369927447,66.50598840007495,57.57413567227259,50.8081979994851,58.21408670301809,56.91777515752834
92.78104795904173,78.05999836646652,71.96119486703319,84.16469300785667,94.06427913105931,233,270,0.8629629629629629,994.4642198807469,21,88.87047904192188,46,12.20788478882372,87.14058687940025,93.15485171079455,70.71691949009022,75.85909222179218,75.55189676733302,87.28428678623216
54.66690234759431,70.26188180836517,56.672562232748845,63.22771070472146,55.49717291158591,94,146,0.6438356164383562,1290.3283984872855,12,58.794415353916456,9,7.929421134277284,65.71547741100898,61.11808724071747,38.25569865896341,51.51776308242471,66.62089765921837,60.13942745721435
70.46692782851125,70.51566328814924,46.44452367519603,62.62402297355419,72.46495716817599,102,122,0.8360655737704918,1234.6724378080003,2,57.22434154539838,5,9.362072964823696,81.3130751705441,60.63492982917033,50.99255155397756,53.79519004472915,74.55900938308437,64.21373481599038
47.143743211998824,39.26016770359244,20.05532950754725,46.22357426294293,32.36436899105933,5,10,0.5,2230.90029889417,13,47.793120925635336,0,3.2812829017289915,43.99780633122168,33.42808702599373,29.283274140137834,26.664098430490327,38.07491303354334,38.14116960867318
67.89290993130753,57.17639006511672,74.14563081246469,61.62153817823935,79.24399928147129,123,154,0.7987012987012987,1423.2931451554095,30,67.54197365441242,8,6.86834406294583,75.49160379049272,67.93404962663192,46.59329339828302,32.5885892988196,61.445341252115625,65.49841693506245
51.84095159928629,34.87002897200596,45.6457746686128,39.406458723108,56.2885876629296,35,74,0.47297297297297297,2457.8525149919474,17,36.59986759065524,0,5.655860306690634,47.05526309203594,39.705762818015884,29.815826067922178,25.453504593578607,30.811430214228203,42.68331948719576
35.89139529073869,11.232568283331226,33.18434684403431,41.42159665905072,42.44876376263311,12,22,0.5454545454545454,3303.647364708696,15,35.29277443653399,2,3.0620905227443656,51.28490221780474,25.503781097379708,10.181966599376452,28.058096164626875,21.84788808405185,30.879126995048228
22.940514628751977,15.639235437310695,32.80446967025534,27.82845725074843,56.815964256512515,33,65,0.5076923076923077,2857.474535156033,24,40.02393522112142,2,3.908068599099431,36.78363442797626,11.241590109729572,14.342506650341516,6.154973440220081,33.120909189170135,27.384938660009656
89.21518850860528,86.46293027635006,71.8668381453984,79.65291077125362,83.97444733614151,370,434,0.8525345622119815,774.3373175204865,38,91.6593018025632,46,32.391896950530736,88.99569297642645,74.86556279551912,74.19398377193224,70.35324381322317,90.68844738917186,86.6450074532417
33.65108787642099,24.665075389111365,22.264708430658803,36.08085748687583,53.63242354766294,23,56,0.4107142857142857,2703.203216034698,18,49.63457010274328,3,2.0993702531455147,49.976314347781226,35.00832617103729,33.93465569700208,20.558358399541024,23.663352588217126,32.88970543415997
94.40636601170775,78.44799265457267,85.61886687747553,94.23231614092332,93.14438001844162,365,412,0.8859223300970874,668.7055823632672,54,89.08234261095906,28,19.68643242598153,94.6174069155232,80.50027510739157,79.4589940779135,80.81529433315328,90.10413912459711,92.03237267070381
87.64116900553526,91.59389586652584,67.06138497554804,83.48593771769777,81.48711794226683,369,453,0.8145695364238411,1004.2364321075441,39,89.36726208364807,11,27.349059155067852,80.20855398794806,76.38533711713049,71.51783249799792,61.731357657146496,93.99566295189823,81.33934616484773
73.21426772308105,68.44583199731609,65.14257450503031,61.12873203494584,61.79760111003735,73,91,0.8021978021978022,1141.5274992363545,11,67.69523933776452,13,14.794379395135364,64.56846878644093,67.78103752562258,40.20346615112435,39.3437360436609,61.00208611343567,68.12600124414031
53.334055927516744,46.03307908939566,68.94702941621442,68.14806092490014,57.04547261411845,83,114,0.7280701754385965,1675.0123229152957,26,60.8417113317155,7,13.775816279385952,61.57331426121297,59.61274737779316,58.74213731423824,43.727035945633034,61.3776575203214,60.94291351056323
75.62928433991847,46.25863713871887,52.03710479610824,70.21381990568554,75.84895311662392,91,118,0.7711864406779662,2205.2226270737665,34,61.2696402876227,13,5.9736723674192,70.48672257923005,58.12271268873998,42.350907210277754,52.024365295836645,70.94174853778054,58.21828824272099
91.10493715344269,83.0598446592053,69.98935100627247,89.10761119294834,85.24839890167875,255,304,0.8388157894736842,1168.528460618927,7,75.42449763798952,38,22.878562571526924,93.44228920197598,85.18073625745977,75.39335620808468,69.49077168714086,79.56985770363376,87.85293772398546
61.76812728151914,62.31232327895296,71.18846191227006,71.59057502299883,64.28798938108933,47,67,0.7014925373134329,1531.2650825800024,8,56.28984389306443,7,6.981041942410874,60.645179204780774,45.5069993441855,50.557883911356605,46.54187651793826,57.7760426264246,61.622729674557945
52.554944753172066,57.33647428447437,55.53676213122465,63.43794342363731,73.72596638284098,56,68,0.8235294117647058,1320.9695871132235,12,65.1913437574045,5,9.642112847939034,75.19595656058249,62.833183362847045,36.067966691691765,36.456943675090365,54.27259681361831,57.77138313099156
51.804964461478654,17.934966111052947,23.914951498185715,37.849309594385204,55.5914699327436,26,73,0.3561643835616438,2805.46511554016,14,48.11947308330543,2,3.75573096278465,39.322744367493904,21.333825547307164,17.892594962260404,27.93745241205137,43.14532277429241,32.50232175867782
44.27163672374661,15.413508357895207,48.074310463174555,46.65514077174214,42.44715212600096,27,54,0.5,2409.716268737082,20,52.48576626449671,3,4.647400456342504,37.589865132727056,15.105886484298402,28.046491325655257,12.462018229037337,26.22821230042831,36.5754530384255
90.3343036741185,77.39149551648194,82.57334812793142,86.73535815689182,88.02313677625165,289,356,0.8117977528089888,1197.1269414109686,36,94.84817306893594,34,30.03135256162856,87.89614565756511,86.1511736024149,68.76527382671298,83.31620251356196,79.57647016052509,86.03794042993424
69.48123346378105,54.657322907454656,69.45433792277353,63.749724552855426,76.72498519879507,130,177,0.7344632768361582,2292.346602158562,27,60.60064399698768,13,7.686131927526222,63.86348495072873,58.34529285645862,53.74958292575796,37.38858027889919,68.94990193463305,67.68543626719438
51.89548993937039,43.39554608376149,29.300763001138538,31.589277023462103,41.637179887143034,11,26,0.4230769230769231,1815.7159363182984,21,53.56155510053387,0,1.383893618432335,53.70156805476182,27.559337918506877,22.234233131719606,21.833579178681994,34.150295118970256,39.76275742758475
56.57925918866729,58.331383640329804,71.02000299444782,59.40542444548391,63.82577345002339,158,190,0.8315789473684211,1252.0948222355582,27,55.15870576444781,12,6.035785514707943,63.03932550401857,62.543974631973576,51.680176375538736,36.262658882795826,70.32861977536297,59.10723012808863
36.690620598645154,22.844463133124588,28.876810026376617,30.41733384986852,44.6965001549646,29,45,0.6444444444444445,3149.1651336336995,24,34.072341887531486,2,2.021623307185138,51.631375089032346,22.647520173719084,28.56117147044278,15.226384532815636,23.038481241989427,32.11776744420908
18.956041718086187,45.836326055667826,33.70034796182517,36.708955772997314,35.55584323717553,43,69,0.6231884057971014,2602.633923464603,22,42.11376548028218,0,5.980979561874145,50.48075880950162,28.60462338991462,34.74335380772504,6.5167035094545955,22.084233092286752,34.64615280451976
77.40719457988162,91.38884610704112,71.30142011876208,82.88167297020064,85.69884382689344,390,448,0.8705357142857143,1021.4783308482306,51,91.27903150233709,44,31.521654461470227,94.12116229276062,82.26136021299462,71.44239120472949,82.12316867112416,84.42551004226397,82.00528244615514
52.324905786351906,48.46370376353637,61.08425783390834,62.78827361190035,61.787748168447216,65,82,0.7926829268292683,1440.991686274779,27,56.52815753181171,6,9.185509751667766,69.9650238860226,59.48843570079487,42.917385386572406,47.72933132898974,56.21739851667512,51.840771744389144
29.520599631939938,10.915828389036072,48.17399201044215,23.534865870051537,53.22425312591629,30,46,0.6521739130434783,3588.2500972637317,29,26.504696221475864,1,1.4946174037316942,53.957373855379785,30.12355844794251,17.868018563460062,18.64930478462564,38.049575038425985,28.076607836073258
61.46244755398867,56.87776221520887,73.62711094963896,72.91703312700818,60.83164754792608,63,87,0.7241379310344828,1510.6274592230775,5,63.19120072634427,11,7.951560388218386,75.38252939433379,54.38163677608599,44.85148799589643,43.49118231542975,52.18060347104307,61.462494907953236
37.4227712137934,29.106363210778156,47.586666379856865,38.60020185846045,40.98208265996381,12,23,0.5217391304347826,3180.358555648369,19,27.852502888253948,2,4.769150392438817,46.94187001522144,27.945547441800887,18.014556920565482,9.424904784761132,23.657813735065844,36.317087105239004
93.72353883687913,85.7588495961773,93.48612311340955,81.79057838261386,81.94662696206957,166,188,0.8829787234042553,1035.0908158166249,17,75.8897540399154,54,26.852470145205817,96.92006846794794,81.80494596545438,83.1738467183275,84.98324803732714,94.7566409932232,87.63051321536014
20.031765080926352,19.08790515936122,46.02195417614758,23.178271624394725,59.17618763303672,44,72,0.6111111111111112,2817.5505976507184,10,53.018729443802926,1,2.092486370288152,31.923874342594118,36.849756319659534,24.36281012965857,24.197610830138107,30.20423603634903,30.56396366444656
52.200653535247866,67.00815880930718,71.7622011520434,54.07542475838804,73.13975605840439,90,142,0.6338028169014085,1563.670417449563,4,55.611805300649124,12,8.933178519534113,69.3118484939624,60.70202099943039,39.368392867757656,39.51203871743451,71.71692097766825,63.13423839867972
83.4401123611656,73.82790393467344,71.19743048665343,81.26532953161221,91.44923156634006,363,410,0.8853658536585366,542.2454138924663,46,96.19480801387061,33,30.979861538971516,95.90116035212262,78.09327064026058,84.1298458438598,63.579033945279825,86.44290368189884,81.87911095050956
58.27429090239723,52.01112344561015,45.43769474529649,57.42637868025166,72.8909769255559,88,113,0.7787610619469026,1904.5485672431287,29,75.42558747064058,3,6.876806343209775,60.28027558118201,55.29906142353815,57.48593655986791,52.574491226408725,53.19357818772541,56.60965124703158
66.56143681008342,56.17452097512326,56.60077614016667,72.11428016034418,76.34555936365567,154,201,0.7661691542288557,1613.184519243036,49,70.45135162124943,10,13.25125847333028,83.00449205596583,46.00011055559068,53.60216340407803,30.879013618671053,61.12741717181362,69.47048340397545
16.289659320911966,28.080590943247106,45.864479822449354,49.29873087600873,55.666460169325504,31,65,0.47692307692307695,1881.0923546982917,26,45.279835123618376,0,4.3335351736739,46.28034381874418,21.94533353941207,28.443917445291767,5.625528194673944,35.14881258448867,34.50899863436785
50.31424805271281,17.088572341808774,25.102780950460605,44.1360793958648,37.53864514440666,5,9,0.5555555555555556,3399.072454283757,17,30.593617639331633,1,2.9756961473973766,37.86356301305253,14.321422214580299,34.30479321386258,18.027888606693796,23.213139809324577,31.675658314652484
57.11436970364136,68.1250690357879,51.881335426909615,63.031159749061906,57.76723436049725,48,75,0.64,1327.504848131235,12,70.30175597838256,12,8.023055363804668,77.00634182865197,50.78900453598166,48.753029924659735,39.657049665240386,74.0394815289797,63.02073906792317
73.29714069812573,54.295193145830346,73.29146431912861,54.49084565930352,71.56806058420445,152,186,0.8172043010752689,1769.1726288730347,47,74.20036532933864,11,8.290958803147596,73.34891367337335,46.542007406327386,40.21864705996573,42.14551397150998,52.14934338198029,67.70194928107749
32.758895621767564,22.673883323598496,38.967135911297525,36.00660232862065,30.774879589327583,37,66,0.5606060606060606,3225.3529054975897,40,47.038905130129734,3,5.984809231056198,38.46815357888244,21.824140123231324,26.911580197602184,27.010325504756032,23.54986818715287,33.385140162147465
29.705194328725277,31.453441338306728,39.08186599900832,22.122604380134867,40.26675127169952,43,64,0.671875,1812.358080445371,26,30.118001599196916,3,3.778597161888646,51.652591974911545,37.638081870824095,34.75425519335873,22.52666886562197,34.39196409347101,31.505157811785846
81.06066453097971,79.26839344204248,69.88328303076106,84.78268063431814,94.2891792716215,186,211,0.8815165876777251,783.6752447398262,15,91.04586680393368,36,29.971193023089608,93.60092112748539,85.87892472159838,87.73888571093006,60.45080024563075,83.92618965480585,82.92218922152009
62.07740266061036,47.49380123740797,60.651156287789476,64.48404210582119,67.79492010782482,103,132,0.7803030303030303,1454.6345578977623,21,70.31854462329821,7,12.083781557708651,78.33918806627346,64.73346271487493,39.31312635306087,45.706248523688274,54.471417120691356,60.49148234122714
56.984041196857575,49.36680359121295,55.77109805739576,60.0220705914763,63.1521994945022,69,92,0.75,912.5932381262126,5,64.1716545819777,2,11.840152962916976,80.79986671762691,57.52187812635905,39.01543232998381,52.17213762461691,62.16066848430436,58.41183247956687
81.7916813631027,76.04199239945724,73.43013496726141,91.0696548659377,96.72610496537337,204,251,0.8127490039840638,589.3461311230938,20,94.3713071659108,26,26.73094897004441,99.57962230349618,85.08732740108447,73.94535210283873,76.19543614976321,73.07301696163469,84.45695707407006
56.92536731428818,60.724766947461895,62.87841912988186,59.062249759937174,71.59684443930615,158,191,0.8272251308900523,2338.9016042024045,16,62.79122229970717,5,10.075336069203807,76.72496692782511,47.77341306289195,47.97119687790248,39.80548883780551,61.29623917084269,60.50249434643575
19.859401551814507,47.069507915021056,23.898289987691925,33.344190308345254,43.30060599316579,35,87,0.40229885057471265,2768.7790308135527,36,29.20205521987785,2,2.2056859337417034,55.832904293542555,35.943359890496495,30.67155789791503,13.534944375983134,24.551608315678266,27.695573852383756
76.62098896918324,55.996171632268684,74.40297309323932,63.55750185060211,61.061731082576436,116,165,0.703030303030303,2195.7244417026586,44,68.55667854276331,8,14.884046921559463,76.75266989305666,63.99465303001011,37.97513476795656,41.82752153725227,57.15557752564285,63.08846190167534
16.842542992414018,44.415811852625964,42.87961544924695,48.2307039668206,42.55279271700897,22,34,0.6470588235294118,2324.0799779322206,18,53.07615625134606,2,3.618965342420034,34.150326340590176,18.567797903842838,23.06648307490937,29.90322453134123,30.20018600763041,34.64249728431378
56.2432856642795,57.21424153667734,74.6397897733985,69.58890041606065,69.37715903462788,120,172,0.6976744186046512,1483.6845144225454,47,56.633024828623974,9,6.65535292693866,70.06830924667415,53.58576470048733,45.02256806447815,49.02776471213144,62.063460186666816,65.34146594073172
68.54576192312062,63.307298227570456,68.30698967638749,63.78943755896139,56.489164384393305,67,94,0.7127659574468085,1439.567988220062,3,77.8084916392759,6,12.107190732694113,73.15815342339121,64.24931614879132,53.80181838749938,46.42865289200401,74.94357653609441,68.37308631227465
90.48466810515423,80.611095477474,91.56859292725319,79.43800921568746,92.86354294835704,293,308,0.9512987012987013,951.0992961194207,0,85.69627071091482,31,31.39650185912131,89.7018931995908,78.34070989592163,84.78895506478425,71.28235282573138,74.58605491008586,85.65028068035635
59.99685520356819,67.786668105205,62.492782303921075,51.36440229874191,57.10963870023621,130,170,0.7647058823529411,2094.0557322953437,12,68.31674506796988,9,10.877677851627398,62.940215865828854,60.0056352715124,45.243672171434625,52.57631663131818,72.79960490269237,61.251382638618395
77.09452218789016,82.32191378369099,70.81100878357105,79.16767358017651,91.90347132116361,199,225,0.8844444444444445,486.9743457109713,28,97.14583368627207,56,19.045925229649363,93.32385920532863,92.27142411319096,71.4101398252071,83.2619397990917,84.85303666247971,81.24535874945472
32.8551622860407,15.086447943030905,27.941316918406528,21.35106491919556,40.80711566435505,15,25,0.6,3343.3688375697507,8,46.9701865610986,2,2.3815330966702586,37.08297570026795,11.121172280719376,21.806711528584238,14.560221462169457,43.404810808822035,26.785855276730203
16.38116475438329,18.201835568171546,28.539640959652196,46.438942000145296,57.56607407412464,5,10,0.5,2460.7468206161484,18,50.93523934165419,0,5.686118887907623,52.64699520216304,18.336015058067087,27.937645444199607,12.369084239066591,23.124299197882017,28.28460666616975
79.12518823665255,88.33361778483464,78.6551597520097,88.35521183206306,95.07260743586271,291,309,0.941747572815534,916.8558091014052,32,89.02304077851016,52,22.432316998225183,89.09744885605737,87.14251357334109,87.75532587169391,75.97580397287302,93.83837744628772,89.27916973259528
92.2907281167085,93.56207150531361,87.30305521868583,85.65654074802788,95.49202079219994,407,428,0.9509345794392523,654.6811374970528,25,88.24030081894065,25,12.80994899108704,94.92359277104545,90.05095675707172,69.01484237608271,73.43351242107953,74.79888597489314,91.17578433945982
52.76932450303743,58.00238531775351,48.783482122338995,60.93240042917225,73.30245639502829,87,128,0.6796875,1408.5428246158644,26,76.33737901069027,11,11.591299126231608,61.26438915197526,57.332505405973976,42.39981562859917,38.15462653194773,74.02293578895154,57.263011958503846
85.02908040472732,89.46547655652576,89.83774863635938,90.42486148066357,80.69863306061244,215,247,0.8704453441295547,949.0104805032896,24,94.20400582619868,43,22.86924462000868,97.54814690790295,71.00703266834951,85.1208204324118,69.22469031644391,91.36547564471195,87.55955663371452
97.38951996945198,78.75785304838868,73.89469343849946,93.36415999245551,81.99347201574125,209,232,0.9008620689655172,724.0511090395332,14,89.9883621302478,18,20.22936010248516,89.884248945006,90.70623131093046,73.38020118427181,64.34403982839359,87.80035050826952,86.25539247848471
77.26740732151548,91.56217008726975,86.20026601033099,87.34437611755801,82.8076555465808,341,397,0.8589420654911839,754.9578843508775,45,82.16886605584595,53,18.293729610797747,89.75668637088025,72.05680810692655,76.48960143034057,67.6615867010705,90.55953027963386,84.92510249566834
69.30720914241274,72.20049415944878,73.76394786572239,50.646216596001835,79.75218114081927,150,236,0.635593220338983,2035.7499381187795,42,56.446659924957764,5,8.941704545835062,64.2526720503019,57.372790119416514,46.78420389253726,53.90647995068453,60.84319707239944,67.45520661523271
42.58367703451134,34.804391489641986,47.61453285116856,44.961414127018344,51.15885653818924,36,95,0.37894736842105264,2148.567666424548,21,48.82995471460117,2,1.6240173125645865,53.11192703967346,14.003193168286455,18.11135377585512,10.938216833373371,21.707595725279802,43.24454792702646
59.86729234962652,69.62704014954656,55.285921738375876,58.56294720853718,60.569016691466175,153,192,0.796875,1886.6056184812087,50,61.13848716143994,11,13.927490045203516,66.92474454462213,51.05361749348126,56.73924362356615,45.63495607478631,50.03618051302498,61.2298787858811
52.022204037154204,66.1037352932901,56.581432996719315,58.168809734459366,58.16305428759017,125,150,0.8333333333333334,1556.3617026642435,49,74.21303572869535,14,6.071126134457929,79.00527817307228,62.85028858191835,41.04455819457765,32.08179170854493,71.0458361438924,58.81702789731583
55.88443055220095,59.23178762205192,53.65443126701184,61.33680593828862,73.96758749302181,107,166,0.6445783132530121,2391.0135420929746,25,64.75342876491689,11,11.757708521739515,63.37909524418538,52.49930446900002,36.404154113621466,41.87417595975586,55.2230169423772,59.06999560269152
73.51486434651238,64.00148011817133,49.99254144734171,58.138470102007965,74.77727281077253,108,139,0.7769784172661871,1711.6500775911272,18,58.39192284722634,5,5.505168895598423,70.61188902676768,49.56164186979829,35.53831500746495,33.67577351301207,74.41176682120498,60.46387010507701
49.50783711370991,20.817585077176354,39.69470817329007,38.20267043425714,49.098419391468255,17,50,0.34,3323.4924238034096,12,42.95173191817507,1,5.058299378087918,39.25631243838777,20.132613029036087,11.824889980678238,22.8677833617923,32.061207006158504,39.0248609574718
53.78866327525385,62.93526629984932,68.96857537250716,64.88872240723016,67.78659810818795,84,114,0.7368421052631579,1653.1921436784373,14,70.90096585053335,7,14.029767236174566,64.09264545346048,47.15795683715411,53.45547263850855,36.83004579182455,65.59656354043324,61.03289980111165
69.77204228131589,60.55484922973586,63.58364456506929,73.74795453747987,78.183787266581,156,239,0.6527196652719666,2024.6301484883431,46,74.05834037851685,13,5.807661848235784,75.61934792582922,66.7044013178572,55.971605775781235,39.319568998546494,68.63084632642473,68.70852746510774
51.00059276464629,60.78997052938554,52.709746912734275,57.666042441829646,66.67739909955957,53,84,0.6309523809523809,1281.1563395356266,22,70.17933310484959,9,7.655851973476776,82.64431444300935,61.086138024193616,59.54118091425687,33.89910048045739,57.41869582766299,55.17829164983169
74.93406964574154,53.90675488198286,72.94487680167146,61.269893407652475,71.74467507943547,46,63,0.7301587301587301,1952.3990248493953,12,76.40628426883168,4,6.748369154662112,68.46464929853934,50.60430691867254,43.97774857418993,35.7593705591506,64.48514077716636,66.81964588643771
63.962480582922325,72.54625802726324,61.76154264323778,56.37790911599395,55.77952160336907,151,238,0.634453781512605,1738.762198119759,46,69.0252292776966,2,12.834354691665709,60.72220430679904,64.52118362046843,48.02192614395267,39.263233319492784,74.13457440897061,64.99172408559666
40.53344551591345,42.49354883713386,38.312878780382206,47.87523117739887,45.542607168883706,34,95,0.35789473684210527,2782.438531222211,30,25.792062247108344,2,4.948209508207121,45.866417632967796,15.006677169371567,21.126026876438296,28.108634200991233,38.42971172263516,39.94883271148119
76.42174277815785,65.80400717892081,73.21204116786556,63.862813892274126,70.00546527654923,157,205,0.7658536585365854,1162.0490271313477,15,71.64746386250204,10,11.338154062299449,74.22667495605224,54.564720591773,43.145750498434865,35.94035500486606,63.38645772398353,72.45237302845467
84.93473542876866,77.57195764514908,83.35558684167138,77.78987721304084,85.25860367363393,420,479,0.8768267223382046,1006.6583652537122,50,83.79662579914475,12,31.778629354935372,93.6061507717556,81.26248129923857,65.33162402899666,83.55504389212132,84.08220544613849,78.99885745239109
38.80710809575599,32.5532713298306,47.56810104481059,42.98729402627643,46.21094617721781,27,66,0.4090909090909091,2085.173090649372,18,52.57584576848609,3,1.2323318117789797,41.805928379683024,21.970332374544974,14.908328030241766,12.525305233423913,29.238550759226985,41.343604976169146
76.81076237870371,68.36214470775492,67.10167279504189,67.25516662552005,65.58341106165955,46,57,0.8070175438596491,1910.0873686737464,9,61.77267427334668,3,5.776479153532907,69.79236938777099,48.8493587791421,44.42049015369927,45.70456511275888,63.68093569698209,65.52918421410182
65.58030611504611,71.40386286144344,71.55208541292423,63.19789566408005,57.84258746833329,103,124,0.8306451612903226,1132.2469772901702,34,71.36868021156958,5,6.088239020127472,62.968970090643765,52.7585678514306,35.941126027919076,42.787214703048846,55.34352288723301,64.09279075123553
71.3323917507047,51.93345914544335,73.98882989154438,65.55803864916703,55.14096558750969,59,87,0.6781609195402298,1552.4570637475508,14,62.01821480477159,3,9.704649826176023,84.50231784648187,49.88217877540024,50.91112569621893,44.389943719169885,64.12628965726009,61.154635057973195
34.27203448907777,30.106006801782055,46.06146709122454,45.198185208140025,39.345975856360354,20,48,0.4166666666666667,2700.7773973897492,11,32.97747038315955,3,1.5990420989498146,34.80803312804071,33.91848294293867,12.449766442014125,24.953155442161,25.95362181346745,38.087380508385074
59.05054015789992,45.40632971773206,68.9131506700228,58.1984664758997,63.93273673520125,159,242,0.6570247933884298,2168.8086446654006,33,72.75285201301175,12,6.718351666860434,74.39847456676591,61.91998286115329,51.53901452135695,32.93224694107952,58.609561562000955,62.06336189270308
59.52663969216786,64.60566643921882,73.70175447928233,73.58447976774448,78.60256886928042,128,174,0.735632183908046,991.1718861716483,37,68.57017027598096,14,6.120710505600732,74.18964537109191,53.83371677165349,49.58048168808469,43.96696191662482,63.55641822858904,67.87581005599354
60.420407989467336,69.63762491336294,55.91605381866956,59.33322981062575,74.4795251601689,135,194,0.6958762886597938,1843.8002361744911,9,60.53483071083066,7,5.04001675934702,67.80993436796798,50.19880851244527,51.35469639007337,33.400964587495125,57.25243616903683,62.98923852312246
30.141022695923596,35.250976377403326,28.355435215756753,45.146868146294054,36.22452456483183,28,50,0.56,3256.948501248331,5,27.226777942712133,2,3.5498415859376666,37.01569523613822,37.361192101868326,29.751090422708984,5.524634297461909,46.30358041624551,30.707443743502967
76.15322619412981,65.46230454153428,64.95844179769679,60.65395812863193,76.12621782168577,157,218,0.7201834862385321,1419.081759448111,39,59.27609162890593,8,13.076234315017974,63.07075872299252,57.748862650065355,43.40565482712039,38.55222603001694,61.9341220853452,67.10054766856108
17.773273735206146,31.20108437721724,23.449985799794717,20.80987975265606,50.389060618225,41,107,0.38317757009345793,1987.8002803519446,40,27.42629319380435,1,1.8694645339450031,37.83258955998943,36.95279961967158,25.657163362606795,17.313282470107772,35.75574272356102,27.673717680900133
62.617455903028734,57.71699255990995,60.27634755738128,73.62626383486509,68.70509431980379,152,216,0.7037037037037037,1968.0818005368408,10,73.68150938800119,8,10.245855790735243,65.5687192568426,53.441404220023486,47.258761026391525,37.92213880430677,58.38819228374746,68.0764846264133
68.0464150841743,62.991124095322334,55.50116704157859,61.10161228551328,56.608092430832144,48,64,0.75,1343.7200441270395,4,66.05427687318281,12,11.918185861250507,63.04045392049123,46.62614894342852,59.37181333578108,47.02931376098762,60.436401777343534,61.675881096590295
69.81147927192616,46.363776767711535,70.15681090194053,74.73387537818797,66.81212563428456,61,74,0.8243243243243243,1299.5923749314545,8,70.12376214416679,9,11.908760600159631,69.96147227049565,45.65390361331033,46.02566558788918,52.55322980733154,71.41537820785302,64.17726786549545
80.05682499648647,81.56582334285378,91.98237566501976,77.67068466321498,86.96053609977432,375,466,0.8047210300429185,708.5335227796163,47,77.58757200211252,18,33.44400725757535,97.1641358195406,74.26502811554111,75.91894544617688,71.60001070491066,89.72740279121892,80.21059219080784
56.31623843651066,72.13968187226489,59.25278005462086,55.59846083274239,76.32863291396478,116,139,0.8345323741007195,1587.100408609337,8,70.27991870368842,2,8.476656707588665,62.910007945759396,45.972395306170654,53.11351685152454,46.128428098393016,57.05915168880143,63.81986119933184
69.34118637310547,63.29631381924318,46.22521328849965,69.07072165985736,71.04718942871199,83,130,0.6384615384615384,2023.2399601930965,11,63.77497270035437,3,14.657837504365606,61.851199140347845,51.612610109271486,40.01446372987503,51.74457909111025,54.4797582387879,63.706511292242475
60.92326136423951,69.0432508400852,60.754768763337516,56.04157025936453,60.168382641039344,81,98,0.826530612244898,1921.0298008633545,33,60.02609801735955,2,13.85462396753837,66.65280290499808,54.89461954934734,53.284390607078905,48.58920294476751,71.5291440676296,61.63164640984356
73.26344303245628,57.26441670220231,65.78344519285031,55.000406531645666,79.3320037908352,63,83,0.7590361445783133,1411.8031085882303,2,74.88842114613195,3,13.12033293025994,63.89796274157068,64.74870674417596,36.60588120143552,34.851347006140124,66.40374286257914,63.01425423036181
51.78720330853842,73.9174737175749,63.72789706128313,54.32871402965735,57.919158995508376,93,119,0.7815126050420168,2303.429034492986,14,65.7685090334135,14,6.549296868447233,73.39491615467361,52.69094020250224,47.2318129994021,35.61542291145505,51.34437819871789,61.36779536735215
56.32560274853523,48.002985385417595,56.53382967761368,72.95431358110186,68.63418131673455,142,195,0.7282051282051282,1709.5416664937925,42,65.88414593044163,11,12.342560437959335,60.28631510242727,51.762988896521726,37.30292150433183,54.95580329686242,64.83357084387909,55.66177011534373
62.72085225259495,65.82740886988734,69.95739937712881,60.53392719364017,77.3108134581791,154,186,0.8279569892473119,2140.5148224703853,11,57.33071613504973,10,8.120919159070821,66.713852655242,55.78514259174463,44.46878621101685,45.83346454606473,70.32878002468777,63.791577051633055
75.86671555881995,70.46157986782842,59.58493397245191,65.42445702168146,62.24115025951812,116,150,0.7733333333333333,2376.3919416236768,20,63.622926274206954,6,7.788201362466967,68.04492271469022,53.386547853528896,52.46839262875751,41.84265519223271,62.942091313251865,70.14200156134314
51.091163802381004,46.77333330254362,47.728791562386505,69.41921021274112,59.733423629474444,135,190,0.7105263157894737,1678.4607839165815,26,73.596774494498,12,14.329476075562772,74.89710845640077,66.42789855793418,56.569497782562514,42.97081689620648,58.68674103744054,54.81954822908411
54.37136246894746,74.4652576479273,54.50115571041236,64.61090474053677,61.8057985504766,109,148,0.7364864864864865,1905.1611740166522,28,65.05297491706679,11,13.162141545310133,66.59649713892408,65.73887393738835,52.52988288477408,54.7457122602754,73.38619169965628,65.04477635383235
22.78973620362423,47.20766468844708,43.42650593023051,24.841201094264694,33.332087315063156,6,10,0.6,3449.3649160073783,13,29.259616615703223,3,4.1308440854430835,45.65735790830498,27.27797362107376,20.898703701007882,16.67923277330324,41.806331563719624,32.25994630671576
54.13393197987165,62.78183937719582,71.57589078226981,67.18037602952788,77.02308247720596,112,135,0.8296296296296296,1358.410887248133,35,64.06463525226559,4,5.02514341084276,72.74930662584269,68.0959107259256,56.58848462041684,30.578404868860535,63.23895318376713,65.92617700170426
48.3776674086124,30.971996665997942,37.558894398714415,43.251436354318386,39.20346318576181,15,41,0.36585365853658536,3088.530835732457,16,46.863338178677424,1,5.264019916382361,52.48985950375125,25.518228692992434,22.789694056669518,19.22932569518366,43.191739037002556,40.6685291334857
73.15260696726955,70.49390011960969,51.98297892880059,57.86679556778271,75.6279092727522,110,137,0.8029197080291971,1710.2397037485625,37,59.302647149613136,11,12.040332214896534,63.49950078027727,60.513843640728474,47.63882573307214,37.45187384523154,52.788718271382564,63.05514654862276
61.91665621371106,59.462261908600205,49.562832111618874,59.11841809850898,75.40271106523613,88,112,0.7857142857142857,1769.4064317448428,3,56.31784883150116,14,12.633163880745206,67.56497600901318,69.64415176406837,47.520426077346,42.91348313269357,50.90786848339338,59.93018610259251
52.41266741523962,70.45758567600016,61.410558443301056,73.03980775033295,77.91558434195281,45,56,0.8035714285714286,2164.3979354309786,17,64.63856629639062,13,12.69664488498658,66.60713053031205,63.18039220046606,55.932144446244024,49.606584432382014,56.85119520494838,59.68239212440272
50.29513166238682,31.952080996654555,32.25490247564067,27.281009596079052,35.87703914119322,43,102,0.4215686274509804,3076.5849539484134,31,41.51977139119848,1,2.0582222811242774,49.09238584732198,24.063783153091272,31.632618212070135,12.12471046547363,30.22274174287109,31.715148716072314
38.81816343882086,21.698351444923247,41.32956677319534,38.15250379967439,31.40680100062877,7,15,0.4666666666666667,3415.563093907194,17,40.39207458157194,0,1.9740857002536762,45.01632167540694,33.791382961646946,21.511529922306952,13.876359479226146,42.84483079360163,34.98173139372477
62.97789299237128,64.25145721967667,61.18095806534226,53.972437810865614,69.73182576560114,101,126,0.8015873015873016,2153.265231873089,17,69.16648858435578,3,10.65271207147233,65.25530084747153,58.652681467379686,54.970739762259484,48.97369423978166,58.948863745176794,63.756663452566386
74.93793081585727,63.677354706638965,74.70595471387071,70.48424544835896,56.107745280958156,74,113,0.6548672566371682,1444.6549809143266,4,67.65773944852465,6,7.14554207642791,72.98619344530852,61.707234653442484,54.98893442997965,35.68905075799665,54.17385014261114,71.3696891163834
72.88902964630691,48.668185581640486,50.483656000946986,73.77104165429337,76.0611872701927,75,97,0.7731958762886598,2360.622321176941,29,59.872754765873935,9,10.374680645053052,63.56492196658983,49.68297731778438,57.288479743289486,30.185086466122282,70.42050066159672,63.75379613333177
66.79535529732394,49.84618679841852,46.84176893226506,70.42852425567594,60.39522497414665,126,152,0.8289473684210527,1356.4450523374885,38,67.70611449964886,12,10.582997673713045,77.74749494319683,62.92568240545202,40.88026810530207,49.25467877762062,50.49008920115705,61.97778780605453
75.93334473298708,50.96226723868929,72.64953077552342,66.57509360287202,79.82618285652634,85,106,0.8018867924528302,1398.3724036988224,26,76.75766909976704,13,14.549271764283654,78.11054212932602,62.37044382553462,52.35509722656629,52.07418639120441,57.40591832188875,65.07942537064804
75.83440549548884,61.41750453143963,46.871862097291604,60.092171249966256,71.44976721478545,82,109,0.7522935779816514,1198.2310362761314,31,67.56343090829365,10,10.280521374355123,63.08600024232744,51.29439830567925,49.07154668203347,44.579686389264005,64.42264758862174,63.47802858078664
74.95620194769512,59.481301387174256,49.06911604561891,59.60576345098372,57.89669985478464,67,86,0.7790697674418605,2168.693899045447,14,73.55263079968097,12,11.063453054846118,65.01460075208101,53.59734608130916,56.1310525960208,32.196404608162865,71.44826634171335,60.67661662051706
62.09719597874134,56.652235016158556,73.79954724713025,69.20224763047851,60.20218037125276,154,191,0.806282722513089,2026.2459376415518,25,65.76822960866164,2,12.676060194582316,72.62894796570417,66.36073466954326,53.77723826105965,49.46454621801608,73.91001948583542,64.783192777175
90.43241831817305,89.60237979547702,68.31182702749801,84.35604824074679,81.27569061178772,152,183,0.8306010928961749,427.39689852939546,5,86.90160321583869,14,16.90031906685914,92.32184642299987,79.38116021485126,89.60483479296408,60.758481170457955,94.96495419841358,85.99958016194564
74.89220721218273,70.59010288234825,68.54434004592883,51.45755169202979,59.356243389435846,105,144,0.7291666666666666,1808.941211236192,41,59.48122243861426,13,12.510119123114727,79.28634632844698,57.48097517354189,43.84703378384826,53.33591476332382,51.35674434291385,64.82564644854648
23.06646797351377,13.868352145026709,35.357547969734235,41.67380452482108,42.32265397988136,30,83,0.3614457831325301,3525.8339535112314,38,43.16083338962807,0,3.7967818405821365,47.863755425130094,37.603561875707115,28.55361063877926,12.548108862279982,23.307723091797392,29.68853738468672
52.13228101457286,45.95200085021402,63.18505279934351,57.78934179183973,66.08799701189571,96,121,0.7933884297520661,1740.5784812791549,38,74.44273225634934,13,12.722800957237569,66.66313383252844,54.39422797381319,53.25045164062425,34.48799001357441,63.29342553332144,58.21826931927916
42.083319543123466,39.382076469897285,42.07325576052587,28.674951829632043,50.582030901876664,41,98,0.41836734693877553,1801.4663111557588,32,38.15869143546008,1,2.450380416528629,43.14046566748928,15.600219465872232,13.465063797592244,10.216724215967627,35.502125208275245,36.79736856679295
79.87559729075149,91.28711010593102,74.67583933539245,75.4578764995224,82.76824069402456,355,442,0.8031674208144797,876.8748696107988,24,88.22875706142237,42,33.22341538180807,89.74123837637872,85.15632344377444,84.12024502257489,64.37096568151031,82.56415191158607,83.71401333958609
74.1299757030557,61.140658894070256,71.34620022680531,53.79259111628801,74.05091378269564,64,90,0.7111111111111111,2115.8810166164594,22,57.65580482909142,13,10.89923178273815,81.76502106439278,50.370351602603364,47.14353391542136,54.018545543216725,61.84004503736711,62.77163034194856
91.99251615180978,86.25549988029539,94.59146514886677,85.67179460220817,82.03590361703095,291,307,0.9478827361563518,374.8816348580415,41,95.18951036800665,16,25.708693701845426,89.20772351350081,79.11024664988508,73.8251187742959,75.90931764273977,88.78182792344364,90.59796344782248
64.30265803992305,61.381637773096934,70.25117295668842,54.25253115470425,62.90128237922177,63,92,0.6847826086956522,2182.167519443369,2,65.9954385261209,13,7.374689072227457,69.96572404110188,63.95764283783233,51.27208712809674,34.44495846413122,51.280988528660615,56.74688872916018
67.05364965343615,63.212458917635175,52.80549513246103,68.17950369864948,74.34100388498835,150,185,0.8108108108108109,1041.8939729715514,42,72.32129263474758,13,12.431085132824325,65.36210918398245,46.148681532412574,59.131037722788335,40.63722604399228,64.95938470737437,67.85928060096164
17.836747249809807,22.79936397053671,31.444110302431877,41.91262160241739,36.38886773791841,42,120,0.35,2006.1915906402521,45,54.768299766440336,2,1.6525253829705453,50.654720621057265,27.093513679267293,17.18805842860212,12.778529876313822,43.32378370940134,30.267279438642138
51.80425351547538,67.01490358264368,61.17270435066742,54.964574455652084,68.48807358781625,72,108,0.6666666666666666,1171.6680742751096,25,65.62414374844467,9,11.570457572030177,63.387765062370974,57.34797085422089,38.81603827315425,34.253701205130994,50.10901258353797,57.76655399855724
96.59458408094932,93.24361533122098,75.12440977024694,89.58927539663327,90.31801750009265,339,422,0.8033175355450237,322.71361126343777,30,80.01877329469997,29,17.742385913025295,85.26494693036022,70.01633476903248,86.76672585313794,79.81487033022836,85.68322337726696,88.26348544693523
97.26450995705198,93.78348254691917,70.00850537103408,77.4231092252197,81.53735269054877,350,390,0.8974358974358975,1053.7058053512606,3,86.67270917279463,15,13.649912906190774,84.53517234801032,93.28725967297315,87.71025268171424,79.5322661851423,70.48503114045539,89.19277829645792
63.04440840941491,46.730498537506314,50.59216242204333,64.01271835194933,76.65472288163951,42,59,0.711864406779661,1092.0240978051545,8,68.40914910910467,7,9.459239599513428,61.73717061881632,57.12347576456908,46.7235710860204,36.540506932266844,73.04003999143592,59.963735440115606
75.9098226509401,80.47900770558543,84.47461894492618,88.96141092806803,91.48651824529284,251,296,0.847972972972973,760.4315495818943,18,76.22955038991081,58,22.92892991852045,86.34518348713735,89.1576017779725,77.4487148145566,67.75085060031125,90.29919355977005,85.14021877732262
46.99957928328253,26.96482206696697,46.932806708509005,22.748014972968477,35.25937890375732,39,88,0.4431818181818182,1891.9615518285393,20,42.90394954400363,3,2.033833362546464,35.47503054725471,26.777926844564757,12.61187042930576,25.541113853310744,26.364213824499785,34.28659355343274
53.450897413026325,59.73932302538093,64.65545441030602,64.47819791888776,58.50001206751856,148,194,0.7628865979381443,1300.8704626065785,13,75.88571125818059,2,5.643929464662364,66.72966100429218,60.17363532095509,38.077196335081766,41.78986680691985,65.683427760633,60.95218549787469
55.51046568503246,68.60735800126544,51.91809130005104,52.44780564210359,66.97056386327009,68,86,0.7906976744186046,1119.843004221547,8,67.72612338286007,2,12.903202454797547,77.60207589751575,49.84739785958447,47.757681605280645,41.10041576056702,60.59683765226742,56.808896599503335
66.69340317952964,70.83122803578894,51.47074103918657,54.39109581347166,61.33446487144879,120,145,0.8275862068965517,931.1518300655868,14,66.53155449512195,6,13.713573412322077,72.78607084794058,59.130659529270766,35.14833741865141,35.387528895844135,50.61935317335959,61.306174843694144
73.24385740428565,53.23738222299008,61.58230514509891,65.37514824882918,58.29862572790613,91,110,0.8272727272727273,2195.927580081398,21,62.33000427079994,13,10.072101040289247,61.41035931650228,51.01886037044518,54.37139670170225,33.082850306883614,56.442263120848914,63.24426055774576
48.04847810878047,44.61374227121322,30.639147779059655,37.75969047650621,58.911833184997136,18,45,0.4,2370.520106925405,12,33.73720430879766,0,3.9646154390385506,50.15115650052003,29.355102080635906,31.58163958729934,10.46893577675288,37.828892569519795,39.52324108262584
31.487227956351123,43.245400583522894,37.274655095652534,47.433879565668406,38.754661913039214,35,94,0.3723404255319149,2418.985431780034,10,42.227974081805755,2,3.198239585615829,36.42172164008218,28.227137386164596,32.10523006279739,19.886503104051876,32.50671260936667,39.49950818345813
70.23636378524955,73.91860276164861,72.92133666997631,69.05581405110482,68.01021911706496,131,204,0.6421568627450981,1407.1598451437649,5,72.47555886330736,4,6.95266935191054,74.99215785570149,53.30433648828392,35.230141684766075,35.005523394716654,52.83051624833623,69.99602386488652
60.576865372049895,55.38883686085189,54.16669902483041,66.84583735064575,69.0604601358244,150,207,0.7246376811594203,1043.7680800272476,38,59.18654008227193,6,6.145620433960481,75.57678488707369,54.96610903094308,36.49521188380824,38.88920887402645,69.29450880712407,58.344485364345175
77.61198444248336,90.9563044727006,72.59622444927072,79.97857975429187,90.6268573736695,406,428,0.9485981308411215,534.9257987641043,8,78.9135107463239,30,31.46800905506806,89.8089291984195,70.92629984233731,78.38131836573272,77.61988999813238,78.47911331312585,81.77571942737008
72.3985173603767,70.02766510755515,54.12547432885548,61.725360763819694,76.84549440700131,105,164,0.6402439024390244,1892.5810085890926,38,58.0195980349007,2,13.593602247528214,62.539303591116536,53.6757006331409,48.45631865861914,50.28222134865099,55.41107708529179,62.85779837973466
63.17931977044981,70.39885574257373,47.67169825032064,59.74732854444362,65.07141716320974,67,105,0.638095238095238,2100.740319892691,7,64.57756698261606,3,9.5839085619885,68.71301110855802,65.44086782064034,37.731612140528775,40.38285599569482,60.70077826373043,62.71423320031717
90.39409801072323,93.18922068467063,74.18154390568364,86.03754272842372,94.20936959444454,220,240,0.9166666666666666,506.4291993339051,19,76.27011797708965,33,14.322496456808505,83.34982178188216,73.68188908880228,89.32691994780745,78.98231267296184,94.19403663173905,83.91275385972445
31.220533956803656,26.86069634566907,44.25618778780347,46.067558350121345,49.70851272969065,27,44,0.6136363636363636,2835.4712617812065,29,31.939002192339906,3,1.473873261320457,49.07604458661238,27.514252285524034,15.50681417912152,11.575923088849208,41.644033209720774,35.496576281874795
28.58488865681228,39.449554970514605,47.11978381055067,28.469336064761798,58.94968932522718,44,117,0.37606837606837606,2292.597785495591,25,32.54497411168716,3,3.430470336333742,33.561471143035845,39.103214785799594,25.605755600819762,17.927460104810113,44.792588385471895,39.804633237567465
25.69922587009055,11.429977397771289,35.253037628608226,34.66053634366073,52.890179190787,36,73,0.4931506849315068,2609.051418366608,7,40.66303555618899,0,3.6546191666391032,38.93255447117162,31.17301534819796,19.739431994479958,24.44772458578023,20.453361596164786,25.312739063926628
77.78406940322087,56.556982641362595,52.28259289559281,64.38131021461822,60.37877381517512,110,154,0.7142857142857143,1492.1730994053273,9,64.62936837875945,5,9.857540029904271,68.36861914647635,49.88020230558271,51.23416702844537,46.83589753747963,70.73079231874375,64.26946295667867
80.79595909781365,93.93966772742307,82.44766513549266,85.66960417489565,90.73508479446431,352,406,0.8669950738916257,727.2490144153917,9,77.96849787106845,15,32.690813679554424,95.63865159576417,74.88397402121521,67.16871588753455,75.13611213263356,71.42736901274709,86.7844987323698
37.7160780976602,36.155969897264576,29.65874368041146,47.02568380799815,43.55311071984436,7,20,0.35,3562.699082300956,5,44.4233889009386,2,3.7075369317022164,39.218488367003154,19.452785678996243,23.973514747058637,20.125903016379958,32.30927795775297,36.762820497002764
96.84607172618641,84.42547070908596,75.23060516768102,94.23729748695997,89.85331530802205,430,506,0.849802371541502,828.9162753555097,2,78.64596538263042,52,20.374784307354624,92.78772842908197,73.22591022223563,75.75791070105977,66.86762582017859,92.1937881167922,87.32939210138277
70.04893057835717,51.64484556986521,66.04178298858217,71.71831991644959,57.52078697155689,89,141,0.6312056737588653,2307.479547454005,14,55.681210739008804,8,12.292395628861536,74.45033652581488,66.07404187095244,36.945616210800345,52.412350853755335,59.8004752791623,56.52013981927613
97.2127202093386,75.5969951904317,89.33313698915954,78.94485332334034,83.84367460191112,353,438,0.8059360730593608,560.9322863697257,49,77.04722390260821,53,33.12599520019179,98.0822732095901,73.91323033539354,74.16594250241141,75.4780350011674,73.98487211928506,85.79153074330745
61.49926880692161,69.52338006975904,65.86046989525005,50.15106742145167,65.07580836356372,64,78,0.8205128205128205,1091.0567317412997,19,75.06565896541301,14,8.552330320665401,84.4162638914617,50.60131030080875,49.03822682636107,40.01134521704362,69.20788244820554,61.54585660815226
74.76480931569436,68.02072983128237,62.26133457989972,70.61539151862522,79.67307391259001,50,76,0.6578947368421053,1648.9727221218673,21,68.52267148293008,9,9.620846046248968,61.95303576974361,53.93371729161481,52.3957128840538,53.83040076265466,74.0766028190755,72.52765811617331
75.14253188857657,70.95736712122807,54.25171368004152,71.17089449377514,67.63348529739797,53,70,0.7571428571428571,1201.1589725316376,5,62.5370333978797,6,9.975857037068693,73.16639040407388,62.401915644190964,47.73185729406084,40.425998974230815,74.87235483241864,65.69873324578396
33.15010241715056,14.443430525905748,28.78710210118517,27.64077146741208,53.43079230924724,32,54,0.5925925925925926,2103.9577514476614,11,54.9772174067332,2,1.3445044054926312,51.999632063457554,30.839575773300997,19.393513735868943,22.294088742096996,30.288649294374675,33.01476926753057
56.92175970389818,66.47608630749704,69.3631361659227,58.96447180267279,59.19256939974317,153,200,0.765,2386.9437103505966,36,73.92785736051097,4,6.101360286520489,69.46253152182845,62.315467291151336,40.78542733231208,49.23860543658986,53.385031693043175,67.47669849503473
65.14943423925625,53.81528756278996,53.285514432195114,71.73373359532704,58.62626602003566,91,123,0.7398373983739838,1934.1169643217315,5,71.49572603757208,8,6.849250767091689,60.851234538839066,53.03288540065803,46.8629633378535,48.39571742626446,58.14153313731492,58.80036664929607
95.57303841226555,95.77835871377125,66.84551078717705,92.65812538274923,89.2894223679851,264,320,0.825,613.0282871119737,33,87.50691488394018,22,18.14165021389669,97.57259972710315,89.9356505401732,81.46129586646063,81.26454322735604,91.68235502399506,91.29507485889681
17.832853742601387,45.645398678377404,30.77823235928186,48.24318825764263,49.46517972007341,30,89,0.33707865168539325,2177.5820333540137,36,26.963275069751617,3,3.0363408002860477,40.47513294094076,13.2964453744807,28.832112531132488,16.17513896690918,37.88256265788726,31.21492987402194
67.47258631984499,51.248567581927006,68.81816119595868,73.70407012550764,77.27757860419257,156,214,0.7289719626168224,1567.2050000176089,19,68.68769400896589,11,12.686638305086042,73.79471952766644,55.34071045274635,50.838217929381614,51.3382860774951,61.66595909882715,64.36952276444262
78.17158367553526,90.1753980951963,88.9262743695998,85.75839052658486,85.57427524963313,408,488,0.8360655737704918,841.2482873836074,44,92.02719970941088,20,24.18182412180807,86.95540195208875,83.01301334103786,81.38457998658633,70.45907596071983,87.85382865980435,86.47672777992776
90.24407185310426,85.34444011489335,77.68107708581519,79.01754360280457,85.5026384445888,402,474,0.8481012658227848,1001.5347151960756,0,93.82229475208999,45,18.574353319258417,81.42221416426874,78.64142338854649,83.58236188060192,70.95279127583238,90.44471076473549,90.09825293194123
39.080360182416506,47.53296947080736,25.3567109759477,21.535182569958685,55.531498149939196,18,45,0.4,2133.5504328176594,8,38.22090435584563,3,2.6270019136181286,33.25567210680291,35.017118525866756,29.05993693865371,22.093961260799205,45.514963875646814,35.066533685493646
55.44975291721997,50.525895889897086,53.63458840128452,56.21014013117137,72.11988505375382,82,122,0.6721311475409836,2338.179965910612,31,64.94479568199465,3,8.26820306251732,64.31129599691164,60.0327090953676,52.80469954948731,37.926844234076455,63.487664349607385,55.281072878751246
25.928154993322096,17.316730457685775,29.34615908362231,44.47662077836961,31.735661126336304,35,53,0.660377358490566,3110.938768137257,38,39.10705370607982,3,4.047978860112258,43.67521600315806,32.129909470831706,32.90556596353868,22.000883610241647,25.869001054438517,32.3054988153928
55.961683996920556,47.363462130117426,53.30705069222813,56.2224596298298,60.86360251870133,153,192,0.796875,2332.2588145148397,61,73.8679353460932,11,9.646270708685446,60.341445910652,57.042058061379805,36.39595552191186,54.44308779681609,69.76480321626032,58.99328618245382
67.02683323185857,63.72085311518441,58.17283864715626,62.165251092234556,78.98883535749749,42,64,0.65625,2095.218178020381,8,77.43826259201785,11,14.150451261446532,67.59653659971805,63.54667150216481,52.85006771308778,37.36724963598438,63.77040813626763,63.561902721475086
60.5222572640656,62.32973988198021,58.15976053221311,50.43364817134295,79.84994333534178,137,207,0.6618357487922706,2268.1017676884385,16,58.58478845450277,6,13.080147490627835,66.52077700062522,64.98067765728817,41.788337072712565,30.829690755625037,62.9253680971679,62.39081120841857
88.48341647195753,82.80154326623247,70.76947318353052,84.27872526909782,84.42473456640634,219,266,0.8233082706766918,716.8794926780284,25,87.26027167217836,44,26.652975443658455,97.97335403105328,81.41272138353833,68.73590646295736,83.24838985185214,81.46762789168845,83.32542933417223
42.30370681160872,26.715898717297144,44.205716649683154,49.1147867829624,35.117271941689324,23,35,0.6571428571428571,2759.3517088741896,13,37.388903303458186,0,4.05929000110806,47.93220234773736,14.41282154190587,20.102064999031583,23.8783927442746,20.469168715456323,39.365679357642314
72.83941456284504,69.4186435140517,70.46063780648798,54.23039750348728,72.647165455699,100,140,0.7142857142857143,928.0954380906298,13,71.96980773449975,2,9.751471801568826,70.54204117132235,56.1096256659514,36.133282551199855,39.04040853204581,68.91209622749791,70.58690527303337
66.38342510160032,66.75601189787261,64.06198672437337,67.85307004569353,65.72881261379744,96,144,0.6666666666666666,2104.249566375311,25,70.14768916733485,2,5.760340633086345,80.0377093183369,50.839272451168426,46.710748512381265,52.89891488664195,64.64843074218767,63.532186577243685
83.0817162354365,95.95378371583531,91.66527535215596,75.96648817710793,90.1386051888623,331,407,0.8132678132678133,447.5282358422504,48,95.80076609730703,54,26.373706719380138,94.57741018977191,93.29781831493639,71.97179815652413,83.75528014663576,71.58156679551686,88.420850992233
73.306790240044,65.0338437841971,64.97345410631931,67.50399230182838,71.84409586574436,60,89,0.6741573033707865,1004.3726753153685,18,62.64919031316234,2,8.107035235582408,81.76012924855249,49.2608300469999,43.81156960998099,49.35428750057323,50.760557859832105,65.19960523926673
27.28396184487753,41.19645667318815,49.04112567515078,21.19337592193155,47.07851452905208,13,25,0.52,2958.593595225624,14,31.976379843302514,1,2.525908371435321,58.74121272311493,39.55741352342414,14.03507154715167,19.022548035896254,35.656167197728394,33.426548308778536
64.16269913855203,63.1826802166961,45.293166942584435,69.50516430502978,75.49705328148619,73,94,0.776595744680851,1576.2850239264135,7,64.81238358995708,8,10.06880444032203,78.31850535839482,49.951928001465795,40.452303210161645,45.789446013026236,59.56144458635779,60.312347049087826
30.602012105962487,45.07055203982126,46.17105583255555,37.7235056976392,47.16973726360804,34,86,0.3953488372093023,2258.687855890038,35,46.940681442871565,3,3.3059780197613327,48.74185422942389,12.154567799560706,30.385582326193777,28.435897969920347,25.419337254099183,39.78619406425617
93.3607435358113,78.48260186906981,73.98150121116045,79.65011984415662,82.33422160803623,188,211,0.8909952606635071,618.3270179226606,12,76.4389913710474,46,15.912654598113473,97.9647612790647,89.4200833034972,66.91199888748282,84.66822753752122,76.78414908847526,81.7331393412937
91.76381317220878,72.48038121014348,77.86106062959301,75.58339527290529,88.65602263885417,290,304,0.9539473684210527,1111.2447869777416,26,96.96148083988477,10,13.032959876899165,95.22015846990784,79.29310166005858,74.811454655737,78.85662433367557,92.96066080363522,83.11126760266337
53.75174494120337,54.68767682732022,56.810946391729495,73.494573660716,64.8959202189224,150,231,0.6493506493506493,1986.4584445967353,59,75.68469250486211,10,14.64248841036229,63.27110260250651,60.12196201876101,59.985264696415925,33.461614901741896,60.5985771234956,61.613039488004
74.13443456426775,59.75137720470216,48.832282906280675,50.12431213305873,71.94682801171663,133,177,0.751412429378531,1012.9083615054058,26,65.73445241528975,2,9.852532545932268,79.61935802906973,57.13739727914681,43.386915264021745,32.05882475841895,63.75738807957824,63.889998572090946
55.29130563838218,68.08216202729147,55.426953677877535,63.263422426168944,70.2290303259885,58,90,0.6444444444444445,2008.3559840362752,9,56.57253022414356,5,12.304462318422019,69.92162885069716,59.25571577866686,42.3347619035407,36.05390023786854,58.10742396616013,58.76851121207016
51.95475534375343,49.80760781807313,57.81586808392409,52.75440456832439,66.1583435110207,101,125,0.808,1189.5542433214816,9,63.62948941066121,11,11.104755113536786,70.50320197489046,67.13997737124589,53.87921480738319,44.92378490654539,50.26847454494956,55.60160520225177
74.7823553424565,73.64649116302651,73.50322928058418,67.47355979921429,67.74004722061531,79,119,0.6638655462184874,1322.9374907139681,26,55.407442918706295,7,5.630153906928105,75.01491758948625,48.12044172604607,54.9149060351977,46.04366106252644,71.86816263053021,66.32098857617963
51.17525991173464,59.557169070909424,68.89065680379545,64.00636811292085,59.70033164435013,151,199,0.7587939698492462,1358.4219710962434,17,71.59428443408746,12,14.367681606746,61.696511964433306,51.949461909602874,41.37534433607387,38.93599158934593,60.60835657786427,60.139389335381686
26.498422837498524,31.647710289838642,39.157596507033574,30.05936423778863,53.128111124540354,10,15,0.6666666666666666,2696.338909298682,9,53.35236931290372,1,3.5886946824708486,34.78174316883949,36.84447250182806,30.808638175840755,28.34793108233719,44.49950556284262,36.47511884362379
35.82507322932325,21.172352025439302,26.272539786333255,24.21176851589786,40.578299493782225,37,58,0.6379310344827587,2588.594748670687,6,33.076684461951174,1,1.1819304321090005,50.90219862013333,13.897780003213493,33.88362449949304,13.338718866927666,27.32046088158824,25.482878814716198
79.07124113836518,72.30626587768344,68.61907613301803,84.21557536065451,83.71400693130427,183,196,0.9336734693877551,597.08956197914,26,75.90417921634527,56,26.441708958290878,81.63518063897743,91.83946560266943,88.02181001329532,61.526948996371594,76.92194120368009,78.91941319903067
62.477379378798105,46.55980294233901,54.01089670713341,63.178098044442436,66.64079803897843,70,91,0.7692307692307693,1400.7630965150788,25,66.58238088053258,6,5.919379359208376,77.14823051770549,55.72424951793768,56.619755549997386,47.36680009110499,50.20252354118306,56.380907274748935
68.20955273940413,57.624748586033824,73.85745904233863,56.85472919873119,69.44263752538632,80,98,0.8163265306122449,2021.1648551500382,28,56.05555896112613,8,9.34268161063671,68.5295013650089,60.18817155438346,52.54748359672434,35.03003367111017,54.635781035118285,62.9352300085404
54.3260507218685,72.39914144876329,57.85419294469746,59.44664978904305,60.78299502262122,121,182,0.6648351648351648,1882.6565474372837,45,56.28125860094875,14,10.703548191512311,82.67194938492838,66.47732835517466,43.32813651306529,43.398921549670334,60.784207485116795,61.767913066564276
48.88840277090774,43.89157263958115,39.11510298403898,27.721640422516536,53.49863429635084,25,49,0.5102040816326531,2643.7579260059583,30,42.09311511723705,3,4.216379411801678,56.246950023233936,16.34381853556599,17.764125761682067,15.145012027272527,26.287309550024133,37.5547734151535
76.12142352520499,47.124270001578644,54.897654631306345,65.99862337761999,68.17288614737855,142,170,0.8352941176470589,1859.4573139552435,23,77.58773672925155,7,8.627338182169442,83.95773406757337,67.33801886472602,45.848873006237945,44.333212315279084,74.18797969513102,66.23505804406363
34.89256981875729,40.16746539082034,23.84310297114174,44.61533773275864,58.7478878155841,42,80,0.525,2964.29677710686,42,28.604273150667854,3,5.6337939235039265,44.37168466113479,32.93249244071785,18.982941904589236,11.538416048894385,23.115613090402462,35.837793005169644
97.47172856053905,84.1640779015525,69.07064953376837,92.87270506692268,81.34349175942972,303,364,0.8324175824175825,603.5725528207377,36,75.48148471001487,33,33.254477465959425,99.50359951951017,90.83010891491686,72.57543767455076,84.16368791380206,85.70298828108929,87.02840250702539
48.641174912939476,31.708780074296875,31.444268687728794,40.86769354628298,35.46493662541671,26,48,0.5416666666666666,3228.4516507508133,6,40.89250214555342,0,3.956703166583401,53.94178324587409,17.514002134463734,10.94677523404815,25.17946639126807,47.335748047205556,36.52117651570215
16.866194975453165,45.122178696611165,22.643570399884798,37.39792372056634,56.14955643716465,42,99,0.42424242424242425,1887.6035857712398,17,26.795381157587407,1,3.385163034909423,54.3968770851985,22.001585933230945,20.76613321797138,13.698599254941449,29.84825640570725,27.92333067918624
87.08076069110123,95.32481184927366,92.34362010364518,78.23425556660216,86.63988538800601,260,282,0.9219858156028369,392.9329284924743,18,87.05286640695451,59,26.332389448727007,96.81106713502528,87.06612205732829,70.20901972687143,71.54425915990697,92.75865865771638,88.76093442051396
32.61770066077699,41.65752987511716,29.857562398260548,29.317349363736394,57.60789777085992,27,51,0.5294117647058824,2489.124331680169,29,26.720042806675313,2,1.9457642727333093,30.729001864975963,11.384984659717656,30.890607798265084,25.095099265015996,23.94022610262902,33.690593106599934
72.15331343577239,47.435837724609726,71.6921692869126,64.45766623619323,78.76561173175791,93,136,0.6838235294117647,2150.2851632714965,5,57.47312200703793,12,7.145198728117286,70.73852938488022,69.77620431997374,49.353052344350544,47.34000557116859,66.94821056153546,62.262653688930044
18.91571733996047,31.663946018426596,37.648911739317796,47.11689530365673,48.79129788976543,28,73,0.3835616438356164,2996.131025757365,29,25.7944023415913,2,2.7824289718959556,42.83070995166326,21.392512092636093,29.12992264313717,26.710490383862055,30.010067204604823,31.89702079351163
44.28050516047436,35.154632707336496,33.383182793715285,37.325489392548185,53.00576265960687,15,26,0.5769230769230769,2341.6545995985684,19,30.626268700150135,2,4.629513277633759,46.8959907013724,17.492982792687517,26.365797881345827,8.379552552168153,29.346576308573447,40.18747243585901
50.69652469640895,56.30506683048497,71.87396572526525,56.86592199542457,61.82703625803296,152,215,0.7069767441860465,1407.2153073362942,31,71.71490123612688,8,7.080495482251001,68.09627216392508,60.91325773534959,57.0386112601483,43.32225820978997,68.97765995747731,61.8648098214978
75.42013844085794,72.93413727577868,46.556917235553925,64.84008389180512,69.10578907143929,94,143,0.6573426573426573,1937.6798132140318,11,58.91586230260936,14,5.333905708289757,69.09583269600358,53.44071192694665,45.7704922039661,42.58275077202372,68.94559985076137,62.08136185715889
74.08575784178834,58.372458692042166,65.86531429374824,66.321827324254,62.996325973242755,55,73,0.7534246575342466,2094.9875607747563,22,68.19927658760092,14,9.40452315321262,69.76000329464364,46.16423674656093,47.76604621322647,33.15015966584185,71.05610105209688,65.00580274061987
33.26574044683656,12.564857321370733,39.17661340650608,32.93960775767992,42.3331836685706,24,57,0.42105263157894735,1827.0599323715794,5,53.38740592521091,3,4.389886666729895,47.302233810888225,32.72887397154261,28.515195138596425,26.329571730153766,30.55081611562759,36.78022982571389
77.05175085279016,75.49010897323011,80.06394922758597,75.40023447257549,84.55138961772606,181,199,0.9095477386934674,762.6277375282825,5,94.98588207581855,14,21.538923458189856,98.60702354266135,89.62207458469486,70.00022302781869,63.27105903372049,86.89529089356833,82.99738545495678
76.52865649285425,89.9293912878472,82.51140763194093,90.63919954315918,93.53144586312513,444,526,0.844106463878327,982.6516928247516,63,91.40442496591675,16,27.237130779656987,86.93925319469116,79.76887880824093,68.96697184224212,66.455775491654,85.13529393768968,89.61023907196018
52.235912634576465,67.98563050360211,54.32360713720975,70.13080692124605,67.72881345756767,53,65,0.8153846153846154,2196.322186645818,6,77.67077969909388,12,6.869513438015332,80.33483249834865,61.43347554622527,45.970734486676626,51.61293288866757,53.480862532522536,62.0798698710111
69.10233854776774,73.9930443025296,55.890043499476846,51.55560431630605,77.44035020855964,110,157,0.7006369426751592,947.7030612295056,33,76.65885179416483,12,10.152177962712928,61.22578115914203,46.78000246186245,57.18010785644729,49.14563867406109,54.92352933112229,64.90112218430453
37.63854259754856,39.27740208176334,43.75051444667747,35.561095373678626,32.27177262791268,26,64,0.40625,1923.7930790952828,8,34.47897922542157,0,1.152513887096577,40.04882091915643,17.983122491621973,29.719272470393854,14.342013526952512,40.5228458507855,32.11535954084904
72.36781288561777,74.45338809833969,69.19635673872614,50.25510468213113,62.19585850753779,68,86,0.7906976744186046,2025.9753877540022,26,74.4932360796264,5,11.22937058033063,71.12344245019852,63.14341275022595,43.333293327882146,53.84165142738544,51.71550722368527,68.72586084040556
95.73462924737997,70.90323863356431,74.5963873000329,86.9331578399418,90.88643171319134,382,454,0.8414096916299559,608.2276972676738,13,86.37934753002118,38,25.5455285189386,90.41310707468223,88.55502522802831,77.74338775009844,70.56114475077197,79.95217945590576,86.86136580870927
55.14468992358798,60.344603076265,47.79780360542495,73.02215394575488,63.59901533958919,77,103,0.7475728155339806,2249.6622518389895,26,65.67510930557084,13,12.784206115357039,73.5802746784701,65.80832851583958,37.78988482621996,53.013854284493064,73.37279486288023,57.293628159535984
20.791867020432584,34.0243207933901,33.47758190155359,43.728327115065056,39.95990444479867,9,23,0.391304347826087,2013.0547159409873,9,46.04124696454409,2,4.263552926313139,40.341004615236166,30.072205946514313,32.22967278462863,22.535106746377693,38.7994515696005,32.41151684407993
82.74074694244071,87.04878851989929,76.56189862896696,88.6322733794558,86.13124225035632,264,292,0.9041095890410958,406.3483448594906,10,95.18185631112222,45,21.612758729458314,99.35161103040495,83.69929708120219,75.58677355770297,74.21300709374896,84.39811438145212,85.14532932530146
80.91940554323759,88.03125576320433,66.19133622716741,91.78816075218543,88.06707524638374,290,327,0.8868501529051988,769.9138440889592,7,85.88390329834117,40,18.256059195812764,94.45886848778895,75.15492698138006,71.24634490195824,68.41152906443031,84.72890943484471,82.54530053127287
63.543320735414,70.11442293975352,54.54019258183201,58.47107378957552,73.79012170807857,115,178,0.6460674157303371,2290.693679148756,45,74.09515423756517,9,10.955042152861028,78.06851919429053,69.02215323062435,45.123644519971535,30.632285224740826,65.07240848616017,63.425206581855555
49.165843129498576,24.13990843872816,33.475336447066965,27.280443904192992,32.04923333172281,34,89,0.38202247191011235,2860.4727550162997,35,53.05861873398918,1,5.514516183263936,59.09774533914661,20.729882652946266,12.807768226807505,10.563433177910781,38.77868568764131,36.599193123002685
74.30810616440239,48.13005158607247,45.043001959410915,61.27865107784401,58.88583259814348,153,215,0.7116279069767442,1811.9823467948065,4,64.09838857407023,14,8.246172423114775,64.56934756658741,67.3966734789467,53.61220974873166,32.64107122175605,74.54418377994914,60.376684327283485
75.3591342415831,52.67104321695706,67.90721740399727,67.76089520602173,58.992719053554175,99,130,0.7615384615384615,1840.095130033178,39,72.9381902803233,10,12.165724586028169,84.32386832557037,46.26171177704031,35.93056712723488,52.34646693733117,72.44500924241507,62.1224100772794
21.83125610264481,47.0610112681994,30.997536064270925,32.3640928708721,42.13534736346462,19,48,0.3958333333333333,2294.664718924794,24,44.71176563326243,1,4.2258101577091045,35.9046868477,13.866486598319495,23.135212452908384,28.139027530287443,21.560863206224198,31.99120385641693
59.512741510647224,56.61333166057075,69.48573188277919,55.56532280933901,57.979006629871854,158,200,0.79,1516.0288743636133,21,71.41908004130616,10,12.32577379257989,74.75911554667549,62.294013269081944,53.31914202733533,48.173008464525594,73.40584752992132,62.847903931669485
40.563258827422345,39.949813187354295,45.29467706178602,44.638411613683715,55.0874058899994,36,61,0.5901639344262295,2904.408355065557,34,50.1020300217974,1,5.711050849277823,53.725310491854074,33.311733577687306,32.47965113305372,23.126101564424264,34.188704907058586,44.1764847539727
54.59938258417747,70.3794387733804,69.37207452093946,61.91208019638176,76.31824913196368,75,113,0.6637168141592921,1733.806644594758,18,65.53191636018846,10,13.99339409018403,84.2481393391486,60.86132849389008,54.10138974631096,32.09521083717911,54.01788962228764,60.44922613941673
61.4857496592334,60.95956486432637,68.40188227037838,66.34760592923857,65.66477362964837,151,219,0.6894977168949772,912.6411863431878,3,62.85019003072827,6,11.254419968060112,60.98876823340638,49.4359196068354,42.33368094146511,47.08364437698292,71.8966220645282,64.8303376592759
84.36035392158807,93.17848040621118,65.08763097864086,75.79531929977139,90.87329018728195,432,465,0.9290322580645162,549.1328770121752,64,85.36070193812982,54,23.0869443365779,83.92195425476785,85.2695017768942,72.01708038789936,65.17481446096068,82.91431571114947,82.86320816184254
16.461791934466856,17.74563300644678,25.985035520149008,37.96911844071596,37.90906597906144,32,82,0.3902439024390244,2998.3050250484102,23,52.917246687273476,2,1.6100547096017084,44.25314554484946,23.719651699302272,20.496907723417607,14.45758953002603,33.909096881441144,23.117652520612907
64.17877377791532,73.717786685071,74.18075783628987,66.04243640855503,63.98899644810406,105,139,0.7553956834532374,931.7481714181114,3,77.66774877977555,3,5.6546372130202105,75.06581000886756,69.95325289809563,37.520380351634714,50.53075531673163,52.97040618162868,70.93356679481708
91.96092315282381,76.57377241794752,67.01853838764544,80.35994533768756,96.41974826206746,263,314,0.8375796178343949,531.4371159981863,28,90.65289532119327,13,26.41532701647362,82.92193131082641,90.57508936117337,70.87578247029796,76.30702782046116,80.12992856438325,82.32635687173736
65.74627596139388,73.82268854974411,71.773663744423,53.21479353063615,62.76974817754326,98,130,0.7538461538461538,1999.1950795367295,7,72.46646327839827,7,8.610596982781953,60.48581681021245,69.92730044025622,38.05491904573095,43.570272391202735,69.76390596906593,65.77971561136847
77.48062508493311,76.81992821599543,90.16663697377324,75.6464653065218,89.36329284318309,353,413,0.8547215496368039,1173.8142403048826,4,93.18386818970437,31,13.461321615750128,87.92494693632813,94.09544152970452,78.47452186125301,67.19698758337111,73.00677407821517,84.79290495588009
32.207384054780206,24.932116574779407,49.15198880071556,49.696041635252655,42.31753968971373,13,24,0.5416666666666666,3326.713113698185,16,35.96063929045424,0,1.7383755930468876,38.262648847246936,11.467264847483525,14.825806993654114,15.223575666653362,30.63894291228297,35.249308693079655
72.97890963130641,58.984375515929614,62.98516320806982,58.40568221603908,56.151009903891044,154,238,0.6470588235294118,1011.2549231762431,7,68.20867074068784,11,14.931570382255353,84.63872487224064,49.7450989666597,50.74867401745847,43.387985497773506,53.85933728101847,62.42915214845469
77.18372724158026,48.88951201473386,71.8799685504274,67.28101027841525,61.474901832490815,59,73,0.8082191780821918,1675.8777381579653,19,75.27531185426868,6,11.366291184450485,63.526165839593176,61.241579086738184,39.783619067546816,40.29806569735407,54.25738960630084,70.49408331997904
74.63426580981687,58.34002412516149,72.9473295905573,62.38847532135503,72.35561222956814,93,148,0.6283783783783784,2327.7125821038635,3,63.08125732963096,3,13.90815147361585,80.77615618440491,56.985545852818746,41.531033272290586,33.427498669970824,62.19950387708148,65.83740272684425
59.32507585516285,62.55991625670186,68.38179162732665,73.01540210564113,73.888693146034,64,95,0.6736842105263158,1011.8278273053481,12,57.16576760361509,8,8.100253309590913,83.26109354200494,52.063585877400286,42.21104880595616,35.85749910559303,53.64470088051408,66.10496749720699
64.0708871591981,61.83826544568636,55.13267284480756,51.79126535578712,78.58758839083097,93,142,0.6549295774647887,1931.3736651115312,17,72.49911369044736,4,7.223914355120322,83.80434593640703,68.96434607823394,53.120784338107725,52.09489960191193,72.97490407697651,66.48727900070605
